"","ht_cropped","veg_coverage_10m_2019_2020_25833","DTM_final_25833","buffer35_VG_mean","dist_wint"
"1","mix_stand",0.995384615201216,736.013852632963,0.968529921311599,9136.59142661242
"2","con_stand",0.926158442814878,743.517417919119,0.959147478522028,9094.22156729842
"3","con_stand",0.919999998370672,742.760279998007,0.95252614637953,8985.41310935268
"4","con_stand",0.943271274400994,722.778662498961,0.955895727975889,8873.55148674592
"5","con_stand",0.899104475899217,716.176860545351,0.949598113405979,8749.68227086398
"6","con_stand",0.877349822232401,714.159257598985,0.944425529270522,8619.17270573854
"7","mix_stand",0.844785713723728,701.940960366385,0.944646222516894,8482.73353275366
"8","mix_stand",0.691764700938674,695.844008501838,0.92427485480028,8388.15552110852
"9","mix_stand",0.89940503231107,747.738524901785,0.831404436916727,9087.53309047069
"10","mix_stand",0.873262097186858,767.694207805871,0.84931531235482,8971.50545042173
"11","mix_stand",0.770663388901795,790.318699304829,0.823595508063528,8842.59727520142
"12","mix_stand",0.887391575729787,769.147011441004,0.911068887417606,8716.37394579932
"13","mix_stand",0.9442506131398,751.515776125746,0.928889689102073,8592.95377747037
"14","mix_stand",0.945380833874061,741.967300377548,0.959307364771641,8472.45927388366
"15","con_stand",0.972168446121015,727.060007839814,0.968947763828119,8355.01701617497
"16","con_stand",0.929047291106439,712.885698680603,0.970443517071814,8240.75750162623
"17","con_stand",0.901942855358124,702.367388602121,0.965973247494016,8106.99643711433
"18","mix_stand",0.834222221043375,692.060997856988,0.920667973326312,7975.65095342187
"19","mix_stand",0.661444968494268,765.851108795722,0.74153970353743,8952.44652346756
"20","dec_stand",0.962692777285377,792.701730156178,0.892167775254501,8820.61221465087
"21","dec_stand",0.928732055520113,828.681736047188,0.926102287450173,8689.46574343238
"22","mix_stand",0.821444306850908,837.64772696711,0.882264344206347,8560.98485510291
"23","dec_stand",0.933086122493104,799.398301485053,0.900317189600051,8435.29135183429
"24","dec_stand",0.96308612257563,780.855748920349,0.950729063538273,8312.51167874985
"25","mix_stand",0.933757648455615,767.488502156924,0.952310795682588,8192.77683977425
"26","con_stand",0.966220094742138,756.150129290859,0.971246762709184,8076.2222605199
"27","mix_stand",0.858325358261867,731.571711234499,0.974317629121993,7962.98759098519
"28","open",0.863783115324824,713.440380611173,0.979934345772438,7853.21644073105
"29","mix_stand",0.95666918839856,707.781546073642,0.976859920770268,7742.048483855
"30","dec_stand",0.894085776229004,708.066434425371,0.970020977490104,7615.5109426049
"31","con_stand",0.895322810211773,688.166520894514,0.973938835573675,7502.38400731341
"32","mix_stand",0.860597013982374,676.45248857185,0.967360081456935,7399.58511418555
"33","mix_stand",0.595672130096154,679.692605941022,0.865459911061115,7295.37691101267
"34","mix_stand",0.906666664406657,679.703931172689,0.918609919647376,7225.68633672034
"35","mix_stand",0.788686866110021,780.106596359099,0.790651097442165,8874.44543344808
"36","mix_stand",0.61656615200868,795.579293682392,0.767456033056042,8807.66348719046
"37","mix_stand",0.701118791617551,834.386975742151,0.697671569162648,8671.70790223947
"38","mix_stand",0.805552824503337,866.080760046657,0.817539909468959,8538.27450652826
"39","dec_stand",0.835650532660358,878.533065019053,0.871643733816241,8407.48338831048
"40","mix_stand",0.851351349658038,849.70156624159,0.871212037934645,8279.45976917769
"41","dec_stand",0.978599506620254,824.814837931415,0.958413820155423,8154.3339999638
"42","con_stand",0.989038338888223,808.532427545016,0.964924187535838,8032.24150939682
"43","dec_stand",0.973144961516453,787.655839024949,0.960137624083046,7913.32269760163
"44","mix_stand",0.767616706861398,765.357480698194,0.958675167246445,7797.72276605233
"45","open",0.518164675287073,759.845002851121,0.955528398862168,7685.5914752713
"46","open",0.974496312251804,749.482230071647,0.976638247032423,7577.08282138021
"47","dec_stand",0.966511625911289,743.1634557929,0.981268561800496,7472.35462274227
"48","dec_stand",0.982186730044919,717.912448667484,0.982232326005542,7371.56800841164
"49","dec_stand",0.945798523600513,699.125062384828,0.971752470537691,7274.88680090113
"50","deadwood",0.74705216666481,700.97840774891,0.87600609220185,7182.4767871412
"51","mix_stand",0.816715581617224,709.076212266539,0.922477419417193,7094.50487337509
"52","mix_stand",0.939818729919429,696.27181610384,0.949044497171558,6989.68420272443
"53","mix_stand",0.821747569855556,785.139214228658,0.806373967942827,8760.40341474392
"54","mix_stand",0.838378376892656,803.734907707945,0.876250501763286,8663.1567096001
"55","dec_stand",0.829616592149177,835.187080081194,0.831322429841004,8524.89674459581
"56","dec_stand",0.924496312124577,872.098529300174,0.906276779574244,8389.12848015984
"57","dec_stand",0.873538652880997,902.39568593081,0.876586844539358,8255.97484412537
"58","mix_stand",0.697051595626468,902.497062476906,0.744454744175827,8125.56437526881
"59","dec_stand",0.867444716165121,884.710638435233,0.875709251509819,7998.03125937926
"60","dec_stand",0.891363920256411,854.321068514974,0.925639854295684,7873.51531750172
"61","dec_stand",0.984103192797237,808.326190320514,0.962723346321823,7752.16193738238
"62","con_stand",0.905921374697064,779.056777916611,0.950204138234441,7634.12193846614
"63","deadwood",0.935839092727729,766.803017568918,0.946132487930606,7519.55136021027
"64","mix_stand",0.920810809532862,769.848428899592,0.958623106451819,7408.61116308576
"65","open",0.722036453700343,776.983439639108,0.975709953861069,7301.4668315491
"66","dec_stand",0.821744470374261,756.923243229747,0.964114033802428,7198.28786851627
"67","con_stand",0.885626533913085,732.335545907735,0.94992751052205,7099.24717158649
"68","deadwood",0.792432430810819,724.998914525615,0.926912660754416,7004.52028249899
"69","mix_stand",0.137346437150562,740.536190923367,0.772219393545354,6914.28450325559
"70","dec_stand",0.787732995999625,712.451390840545,0.967650308116557,6828.717874927
"71","dec_stand",0.882160276823551,672.435985711393,0.973296051864425,6733.80071785801
"72","mix_stand",0.940583782405467,758.487574627851,0.931832403379518,8648.85072479877
"73","mix_stand",0.788525796804293,777.623672035461,0.807738859384923,8520.89554366404
"74","mix_stand",0.741973600185832,802.534712776457,0.869635576622281,8380.28875942395
"75","mix_stand",0.802383291198705,834.516402335952,0.894576638973609,8242.13870224015
"76","dec_stand",0.868560651721144,875.720754761279,0.885028190924865,8106.5709737782
"77","dec_stand",0.828894347249912,919.737043938414,0.84763530302445,7973.71728801388
"78","dec_stand",0.829213757379122,924.523857060463,0.894098812756552,7843.71555423404
"79","dec_stand",0.79009427930071,887.912983585648,0.864630392958052,7716.70991242771
"80","dec_stand",0.980024567656494,818.991890572213,0.947908697462199,7592.85071100592
"81","dec_stand",0.973562651581568,765.303399125833,0.956302388880118,7472.29441583476
"82","dec_stand",0.924575736468727,743.036646144634,0.917337548425556,7355.20343868382
"83","mix_stand",0.947174445513169,741.755087400244,0.925127528552927,7241.74587251831
"84","dec_stand",0.959698300914035,757.058299162341,0.949138949533291,7132.09512065038
"85","dec_stand",0.949508597415298,756.045458969379,0.938198304110429,7026.42940674889
"86","dec_stand",0.903341521332796,744.188228972714,0.919116925288001,6924.93115317175
"87","deadwood",0.949767439869086,743.136065125241,0.97042893917586,6827.78621622171
"88","deadwood",0.645724814623155,754.876251745575,0.872446140166857,6735.18296876694
"89","deadwood",0.621719900596457,747.32870295944,0.967848965005734,6647.31122343451
"90","dec_stand",0.953871372001995,698.917110794279,0.97926270822709,6564.36099324742
"91","con_stand",0.793134326272788,677.979469944589,0.96897265374364,6479.41780835228
"92","mix_stand",0.468571427322569,668.564921061198,0.970466088680994,6356.82535101024
"93","mix_stand",0.30201342176871,741.662239228319,0.658724313514345,8596.30311640932
"94","con_stand",0.480351316617566,749.840987872,0.745904157082015,8526.28412224728
"95","deadwood",0.728014352793792,770.177972127376,0.748211173670429,8380.99435230718
"96","mix_stand",0.625899631625801,792.355082032146,0.805867481919716,8237.99997903436
"97","mix_stand",0.775406696766829,818.888228676536,0.883773546318332,8097.42260826036
"98","mix_stand",0.974320683386656,850.175432072129,0.944238664434181,7959.39030704557
"99","dec_stand",0.902200954694426,886.301136473149,0.901094416628757,7824.03777751726
"100","dec_stand",0.898301433865426,879.397708801562,0.894665012109365,7691.50649411952
"101","dec_stand",0.959951038715159,850.669593502871,0.925167118211709,7561.94479450196
"102","dec_stand",0.965047845541183,802.01573527943,0.950302393028611,7435.50791284659
"103","dec_stand",0.962009567388614,744.613606868178,0.949539961284428,7312.35794322327
"104","dec_stand",0.791627905451245,719.754396548324,0.858214557289421,7192.66371926867
"105","mix_stand",0.714808610548671,714.168437647477,0.740879152700947,7076.6005954845
"106","dec_stand",0.940979190530983,727.945262894928,0.917287182888173,6964.35011457495
"107","dec_stand",0.938851673066901,734.697576750979,0.930274685247663,6856.09954489702
"108","dec_stand",0.957296648076134,723.192770122911,0.936366057745292,6752.04127220031
"109","deadwood",0.797307220505348,717.677109717155,0.876637621984488,6652.37203065624
"110","dec_stand",0.72334928043258,728.522310393849,0.871406938325899,6557.29195992822
"111","dec_stand",0.478277511337692,745.924500278309,0.704291566682235,6467.00347780603
"112","dec_stand",0.758286412066644,743.801067300934,0.937380954322281,6381.70996182701
"113","dec_stand",0.966004782824211,717.094666184421,0.976105189886675,6301.6142386303
"114","mix_stand",0.887587129815055,682.55064768446,0.968974047068297,6226.91688629429
"115","mix_stand",0.810761902543406,674.021904137021,0.961990199575112,6136.62420295201
"116","mix_stand",0.657404577686586,672.778725194567,0.959810037194318,6046.12618186284
"117","con_stand",0.773590261596453,753.150073440273,0.805053768188336,8532.72418368493
"118","con_stand",0.684496312775175,764.200817623654,0.71608320004281,8391.242869021
"119","con_stand",0.814791152807506,780.262110717174,0.797060069457584,8243.57329887157
"120","mix_stand",0.773475799089067,797.382807244301,0.906999230417607,8098.15266294899
"121","deadwood",0.870958229046342,817.699146017688,0.948435479944402,7955.10429489292
"122","deadwood",0.917661846330299,841.18558117131,0.946304043496202,7814.55847149471
"123","dec_stand",0.874176902426475,854.386226082317,0.878909211267125,7676.65264537784
"124","dec_stand",0.933415231356713,823.433856973484,0.929230487537033,7541.53164434864
"125","dec_stand",0.949616591349516,788.819322357082,0.94198157812049,7409.3478268453
"126","dec_stand",0.912899261271851,763.09113564831,0.948682103608106,7280.26118124715
"127","dec_stand",0.814373463012406,720.87202269908,0.870996339736319,7154.43935516141
"128","deadwood",0.833588935828186,698.940449137421,0.850551349479099,7032.0575991403
"129","deadwood",0.741916460751645,690.042944718345,0.745866774359411,6913.29860776098
"130","dec_stand",0.821847892361081,699.298942024044,0.871268910967577,6798.35223961969
"131","dec_stand",0.897420145703951,707.980090991871,0.907953973703947,6687.41509697417
"132","dec_stand",0.89471744246671,695.704685370518,0.882969452997244,6580.68994528149
"133","deadwood",0.754996855137372,687.738297132184,0.804058115674144,6478.38495336684
"134","deadwood",0.628697786942417,701.561502217661,0.855608041643071,6380.71273632234
"135","mix_stand",0.547174446316807,717.931092358338,0.906378604306929,6287.88918590638
"136","mix_stand",0.388912632574382,740.727100652842,0.679618050319117,6200.13207733106
"137","dec_stand",0.597100735955508,747.448901202228,0.858739127212774,6117.6594470231
"138","dec_stand",0.981495911823287,725.684623560015,0.980457908173614,6040.68774349699
"139","mix_stand",0.950884518774194,708.531966113341,0.98088804118024,5969.42976258215
"140","dec_stand",0.910162000575368,685.984045868594,0.95994103880975,5904.09238897873
"141","mix_stand",0.560930232322493,659.095421369686,0.835758166257725,5810.35959229629
"142","con_stand",0.948558690078988,773.425711961947,0.954267581656332,8410.99942722423
"143","con_stand",0.941818180221707,789.425048715652,0.963216774586671,8258.83901818547
"144","con_stand",0.942555280356537,804.649410313412,0.968714978188935,8108.75848842871
"145","dec_stand",0.940339406234599,818.098056565434,0.977258603315096,7960.87548836182
"146","deadwood",0.875651102838008,831.464562193475,0.968218494142596,7815.31476531282
"147","deadwood",0.830697672447455,844.432141796138,0.945028009262379,7672.20849839002
"148","dec_stand",0.916339064726299,833.888713864788,0.882323813581203,7531.69659683646
"149","dec_stand",0.887788696150485,792.447045591012,0.900597514570931,7393.92696967775
"150","dec_stand",0.860163417984898,756.167855771662,0.884045520512882,7259.05575547903
"151","mix_stand",0.798427516946921,734.540259058997,0.814792155871667,7127.24749896138
"152","dec_stand",0.803611791900906,715.996969724463,0.802813584264139,6998.67525920567
"153","mix_stand",0.862023882352467,692.637110855803,0.872120338404875,6873.5206319747
"154","mix_stand",0.445399998826906,676.383434028626,0.901516099966564,6751.9736666113
"155","mix_stand",0.805153989392882,675.77808415133,0.917197881986479,6634.23265593244
"156","mix_stand",0.889877147501202,681.177941099725,0.891032961739516,6520.50377604424
"157","con_stand",0.764324323093422,670.546569599273,0.826554886502482,6411.00055184528
"158","con_stand",0.537774982896711,659.45190909222,0.78307413538809,6305.94312375705
"159","deadwood",0.309631448454185,672.610400263156,0.804093154259392,6205.55729215861
"160","deadwood",0.452063881020984,682.981516357722,0.902448820828916,6110.07331824892
"161","mix_stand",0.701294782067492,704.474231655234,0.938875985859251,6019.7244641561
"162","dec_stand",0.891449629221597,738.793080172902,0.96283453339093,5934.74526127428
"163","dec_stand",0.875725955801292,745.23238577564,0.954720636889442,5855.36950413096
"164","dec_stand",0.910859947941776,728.078805084603,0.985358873881052,5781.82797784657
"165","deadwood",0.892604420840264,685.030853721375,0.975917789178926,5714.34594006352
"166","open",0.820623374749701,654.771494679637,0.935809834862684,5664.24062597028
"167","con_stand",0.984696221224389,812.584787252893,0.967769710105432,8254.58694376231
"168","mix_stand",0.987690415910699,836.260380362996,0.959298382739763,8129.2014499249
"169","dec_stand",0.97626535380282,847.130611260342,0.975545027551838,7976.68207708059
"170","deadwood",0.967793837142845,856.50246695585,0.982273824143005,7826.30371100309
"171","deadwood",0.94958230652629,865.439297462857,0.97134353491393,7678.19214839133
"172","mix_stand",0.785241984711324,861.878093688313,0.843658308191243,7532.48110724486
"173","dec_stand",0.803611792381441,823.682405364015,0.849668441299139,7389.3125977345
"174","dec_stand",0.91034397823823,778.115618581561,0.91483159291876,7248.83727060514
"175","mix_stand",0.891162788606642,741.720698559831,0.950695459157847,7111.21473146247
"176","mix_stand",0.87904176661969,719.996305236067,0.92094133689963,6976.61380691395
"177","mix_stand",0.816879605467109,704.346440120763,0.839788120853227,6845.21274594386
"178","mix_stand",0.851539909830264,692.447422528702,0.890540185709332,6717.19933723667
"179","deadwood",0.898918916034244,683.424389288525,0.939331571340414,6592.7709203077
"180","con_stand",0.762287867609657,668.739570277206,0.908625957424195,6472.13426557491
"181","con_stand",0.734152332556958,663.597722158971,0.899480958105378,6355.50529604817
"182","dec_stand",0.710835379623883,658.521921181269,0.843096178938024,6243.10862127248
"183","deadwood",0.719145190207221,647.001272607944,0.912091025311118,6135.17685306463
"184","deadwood",0.459828008849549,651.266216906048,0.9276893156917,6031.94967254909
"185","deadwood",0.604742012972914,665.266200485042,0.917825535278429,5933.67261974851
"186","deadwood",0.593438088182081,686.165533366704,0.948950155618841,5840.59558067127
"187","dec_stand",0.896167073865634,708.671764326916,0.97659152453303,5752.97095315934
"188","deadwood",0.902451286220011,719.324155259627,0.978166086092301,5671.05148197287
"189","dec_stand",0.932555280268851,704.26982829026,0.973911814318389,5595.08776578195
"190","deadwood",0.942604420756971,660.203453532601,0.966553271036476,5525.32545419021
"191","open",0.747407406127011,638.2402516909,0.916501556723206,5462.00217090177
"192","mix_stand",0.40695651895974,632.041112485139,0.709655967095624,5357.78307297303
"193","con_stand",0.93212121183222,842.589438698509,0.949997394373923,8135.47431293284
"194","deadwood",0.934846794808641,864.208073055512,0.981034564295353,8002.46461398272
"195","deadwood",0.759828007745692,890.582349172681,0.960263920364403,7847.48234117313
"196","deadwood",0.848548081233433,904.222669600242,0.969917941756551,7694.57928772875
"197","deadwood",0.939754296830999,892.063817054692,0.969323653315883,7543.88188258704
"198","dec_stand",0.546901319126788,867.292068299222,0.821171556098947,7395.5249593777
"199","mix_stand",0.491400490329585,829.478883935427,0.784536802383822,7249.652206433
"200","mix_stand",0.702776411324007,792.067692524678,0.815606620412146,7106.41660239312
"201","dec_stand",0.904211185577529,762.017659684235,0.925331326755317,6965.98082558164
"202","deadwood",0.96926289697061,740.363387424178,0.969210389241832,6828.51762251416
"203","deadwood",0.924422602313376,719.963738106392,0.952707602383903,6694.21011790213
"204","deadwood",0.904010053731075,709.5589308436,0.950020761805687,6563.25204508138
"205","deadwood",0.957665845330722,697.640906144126,0.974729265715625,6435.84787225909
"206","mix_stand",0.954971712871702,685.306912425177,0.968130718867484,6312.21279627297
"207","mix_stand",0.942604420102529,674.114558601848,0.962335344266686,6192.57257195602
"208","deadwood",0.959115476702187,664.889581516275,0.97301970557733,6077.16314206989
"209","deadwood",0.866071651106095,648.716524576107,0.956633269936689,5966.2300303163
"210","deadwood",0.572751841253855,640.630614559539,0.8764947292324,5860.02745871145
"211","deadwood",0.522063880897967,650.222566496828,0.92731255393576,5758.81715128177
"212","deadwood",0.25324952814056,669.901504641281,0.949416718014301,5662.86678898413
"213","deadwood",0.858673216802519,680.129974515198,0.963305748477395,5572.4480868361
"214","deadwood",0.90177246780702,686.951447779993,0.97252765269792,5487.83447399679
"215","deadwood",0.857297295169031,680.378367093623,0.97519239764981,5409.29837134772
"216","deadwood",0.811867320022251,640.716909872519,0.927517004590424,5337.10807922254
"217","open",0.703758640433729,636.196094486565,0.942378948870543,5271.52431001402
"218","open",0.608512110034951,641.516410590043,0.801609955602374,5212.79642567823
"219","con_stand",0.681142851923193,652.568983677455,0.873314523696899,5107.55350594472
"220","deadwood",0.801659511895224,869.756187515368,0.988406245118388,7852.18084158477
"221","deadwood",0.517655500830218,887.75735159696,0.923667389547461,7721.30369741079
"222","deadwood",0.527246020369533,896.82168433424,0.96941769064713,7565.85095091094
"223","deadwood",0.860789471662394,880.806454124633,0.977178320413429,7412.53685378349
"224","dec_stand",0.952582616819527,862.286782795826,0.985843936663071,7261.4968690669
"225","deadwood",0.858014351888849,834.631525505102,0.956149346449158,7112.87586871321
"226","mix_stand",0.815382773435394,803.576401742451,0.888491042501975,6966.82866456959
"227","dec_stand",0.950844551264474,779.105727645146,0.951261578275933,6823.52052335746
"228","deadwood",0.898540667106696,759.779930698815,0.93350215668848,6683.1276508325
"229","deadwood",0.828444973922125,739.055006948955,0.911464671726878,6545.83762671869
"230","deadwood",0.648788248283408,725.735221125067,0.812173644751037,6411.84976795217
"231","mix_stand",0.972966505446289,708.064032486181,0.971067703511726,6281.3753933058
"232","dec_stand",0.965654832934516,690.689197927823,0.969491497904172,6154.63795765576
"233","deadwood",0.92442583467847,672.066780090332,0.960871976884929,6031.87301933035
"234","mix_stand",0.828564591532012,657.43552606756,0.920442309551404,5913.32799920173
"235","deadwood",0.763353730972533,648.26774894126,0.89050243487593,5799.26168613474
"236","deadwood",0.645143539185801,640.474363263144,0.829151283548566,5689.94344046338
"237","deadwood",0.437775118414616,636.873352233303,0.881191793938934,5585.65204612186
"238","con_stand",0.428837208512765,645.021932763014,0.804276890054144,5486.67416366697
"239","deadwood",0.752751194105515,652.816828312486,0.938219518734935,5393.30234173365
"240","deadwood",0.7632313316444,656.07693036942,0.94081632641567,5305.83255424393
"241","deadwood",0.952894734757903,670.448903937089,0.981912286444144,5224.56124580439
"242","deadwood",0.764736840630654,640.315778631913,0.927376011591494,5149.78188876177
"243","open",0.71272949681981,634.083528441636,0.88427637569433,5081.78108202277
"244","open",0.861172246171883,655.854144338215,0.978611474544808,5020.83425363896
"245","open",0.820657775508033,662.717080566406,0.92498117558327,4967.20106423364
"246","open",0.310638296794384,655.238740961602,0.764847147972026,4858.45967774572
"247","deadwood",0.282499999428789,871.994185129801,0.993968365093072,7730.86594427805
"248","deadwood",0.465225716535557,876.050574598821,0.944594409087451,7598.29666384461
"249","deadwood",0.772972970423573,860.67451938363,0.975402448497277,7440.27422348869
"250","deadwood",0.902432430709463,838.773078674766,0.976853621862737,7284.31747478626
"251","dec_stand",0.968447515231719,832.024747434912,0.981315317841763,7130.56195892856
"252","dec_stand",0.869189187669234,819.468853024944,0.937587513631846,6979.15316142277
"253","dec_stand",0.872481570256467,778.590390329572,0.930983833666589,6830.24714596026
"254","deadwood",0.928372091037121,755.999401694345,0.963344762454162,6684.01118513375
"255","dec_stand",0.96879606696729,758.298441893931,0.970967870818895,6540.62437347384
"256","dec_stand",0.85906633662394,752.469652592989,0.900816180654035,6400.27820415056
"257","dec_stand",0.64633563688197,735.497922541284,0.767038106541357,6263.1770859445
"258","mix_stand",0.948157246647911,713.199067811708,0.950345055824855,6129.53877163795
"259","mix_stand",0.976392204139796,693.67650304539,0.974414314191945,5999.59466296115
"260","mix_stand",0.976216213525953,676.096593758398,0.976306859085585,5873.58995081499
"261","mix_stand",0.89968058721366,657.536602273327,0.960925567062247,5751.78354290937
"262","deadwood",0.710873662367098,650.192807181386,0.850017071380219,5634.44772469338
"263","deadwood",0.674324323205822,645.504698994705,0.894309227563056,5521.86749422024
"264","deadwood",0.614496313548059,639.02289778126,0.831556243007357,5414.33950808047
"265","deadwood",0.661370205647874,632.841983778382,0.867888442595975,5312.17057495187
"266","deadwood",0.616977885690419,632.637837365453,0.843691672662992,5215.67563692063
"267","deadwood",0.645179131096972,632.481945179304,0.853122447475107,5125.17518776683
"268","deadwood",0.763931201711407,637.692141071291,0.907381746341321,5040.99209328536
"269","deadwood",0.74464373292827,628.502967290855,0.890007451442082,4963.44780241819
"270","deadwood",0.641885605128511,623.292430673883,0.826066842168045,4892.85796989685
"271","open",0.831081078234483,632.229761971888,0.961449092084711,4829.52755073454
"272","open",0.912678130529363,640.834242537215,0.959453851460532,4773.74547252664
"273","mix_stand",0.782870088717999,630.041885883066,0.902466821729056,4725.77903980527
"274","dec_stand",0.32000000278155,609.724914550781,0.627632563312848,4635.73531623681
"275","deadwood",0.438777776869635,842.709796057807,0.952454033328427,7452.96070526418
"276","deadwood",0.690232556989963,824.391786701195,0.975057043064922,7318.0113622324
"277","deadwood",0.610270268340991,804.377553803915,0.974320896381755,7159.391692565
"278","dec_stand",0.881961029250055,792.143397515259,0.943298158805412,7002.89374412464
"279","deadwood",0.90484029247771,776.937249185998,0.963795805940318,6848.66296802411
"280","dec_stand",0.889828008020649,738.701318014459,0.956782872191372,6696.85600724402
"281","deadwood",0.832482713637001,719.084729111322,0.90401387218407,6547.64145231365
"282","dec_stand",0.940835378697961,728.252495730538,0.980599070539931,6401.20059585785
"283","dec_stand",0.957567565788398,731.555161684678,0.979191111020872,6257.72816786078
"284","dec_stand",0.730685102150996,714.374888249271,0.912757304490624,6117.43302793587
"285","dec_stand",0.934594592770575,699.267121785982,0.961589004725438,5980.53878457199
"286","deadwood",0.958189815001844,680.269298119488,0.965965311719066,5847.28430386583
"287","deadwood",0.920909088979079,666.754494144524,0.956913219073774,5717.92406216549
"288","deadwood",0.75732186557931,657.594967478909,0.970757083038294,5592.72828815259
"289","deadwood",0.806033939076324,652.770464654391,0.948727077972507,5471.98283106319
"290","deadwood",0.807199014954873,648.401613465105,0.941390609162738,5355.98868330742
"291","deadwood",0.811498770082978,643.999737751279,0.952782683248382,5245.06107894837
"292","deadwood",0.595021997159903,638.599480207576,0.927963427234603,5139.52808553175
"293","deadwood",0.464447173617176,631.537746082653,0.849641110706864,5039.72860736261
"294","mix_stand",0.486285353441196,626.576475631359,0.849925248840933,4946.00972538838
"295","mix_stand",0.769926289183429,624.014976332756,0.926376781854275,4858.72331433045
"296","deadwood",0.73457002271818,621.183351408937,0.937323307522392,4778.22190365784
"297","deadwood",0.594393462158089,618.367758759907,0.881968499784721,4704.8537862256
"298","deadwood",0.615429974199989,617.621400013017,0.881405678334164,4638.95742734215
"299","mix_stand",0.743587222545241,618.771977230138,0.929026643401578,4580.8552857906
"300","deadwood",0.714569451414999,619.225552331719,0.92502951943462,4530.8472231747
"301","deadwood",0.829562448534163,623.505060382561,0.939966583071764,4489.20374274129
"302","mix_stand",0.872079205856022,629.672695499836,0.948144069845133,4415.65497312067
"303","dec_stand",0,633.593872070312,0.761904776096344,4346.42344366718
"304","deadwood",0.975882351398468,801.062210980584,0.971655075164402,7331.58901713315
"305","deadwood",0.593402632252053,781.820254848636,0.974699338938078,7199.23121569697
"306","deadwood",0.698992627638527,773.256304766681,0.967707442124294,7037.93490772302
"307","dec_stand",0.795172844903976,757.5582438816,0.956039963761903,6878.67412791248
"308","deadwood",0.904742012418239,744.790159183287,0.976368302941615,6721.59356664
"309","deadwood",0.943046681020015,728.309832411258,0.97961465542088,6566.84967975636
"310","deadwood",0.779786296544736,702.306187100413,0.874975049836616,6414.61157688311
"311","dec_stand",0.868280095828546,703.988656721185,0.953527169352448,6265.06192885153
"312","dec_stand",0.932137589535564,714.838586043374,0.972795579628218,6118.39787744574
"313","deadwood",0.926587049903771,693.294234184107,0.967359249581338,5974.8319244454
"314","mix_stand",0.962481570359164,692.40597631656,0.968517180559676,5834.59276970427
"315","mix_stand",0.886662474233425,674.713019178619,0.981783749546216,5697.92605914391
"316","deadwood",0.812972970897245,660.800798833224,0.951677065022308,5565.09499351414
"317","deadwood",0.641400489095754,651.82200386366,0.945907655718945,5436.38073744089
"318","deadwood",0.70496542959244,646.251176010506,0.894200485347203,5312.08255604087
"319","deadwood",0.650491399164209,643.269818992521,0.917904235248703,5192.51759420367
"320","deadwood",0.683439802126707,640.040652038424,0.921127487578102,5078.02020222338
"321","deadwood",0.628057823737113,636.750246173851,0.939673306056346,4968.94070264449
"322","deadwood",0.589778868586777,632.77194416318,0.847896830709674,4865.64348906587
"323","deadwood",0.542702701404026,641.566108209693,0.737692029254323,4768.50435074652
"324","deadwood",0.70805896611779,634.256586248224,0.88317232447189,4677.90693019201
"325","deadwood",0.645724814101431,625.587642210414,0.878326247974828,4594.23824763574
"326","deadwood",0.7308862329672,625.967522276489,0.827674856623676,4517.88326858502
"327","deadwood",0.764422602374885,633.785188004777,0.925089421813573,4449.21854993632
"328","mix_stand",0.838525796510481,641.598968318405,0.956802225742645,4388.60507514739
"329","mix_stand",0.882488998984256,648.762628100939,0.937764688024425,4336.38047570636
"330","mix_stand",0.904545452903398,655.767207677593,0.949402091800434,4292.85092665897
"331","mix_stand",0.969855434373068,658.92752126985,0.957105482283963,4258.283087216
"332","mix_stand",0.895719554687668,649.188776389259,0.957175348847555,4232.8965197759
"333","mix_stand",0.658717948083694,643.921184050731,0.884921800058622,4154.52148726679
"334","deadwood",0.67615952526537,734.98867423707,0.965039738436041,7057.08824605735
"335","deadwood",0.706076553590489,726.707446413177,0.964177117945586,6920.12978931462
"336","deadwood",0.541297428008976,724.191389926644,0.961297326747469,6758.09328907282
"337","deadwood",0.900956935164603,712.340088365181,0.975472710884074,6598.14260843627
"338","deadwood",0.872464112768119,704.557272185549,0.968143027115381,6440.43315571767
"339","deadwood",0.739265603623199,689.378762514822,0.897781531218179,6285.13364692935
"340","deadwood",0.746267941196641,682.360019848107,0.885924664709236,6132.42717533678
"341","deadwood",0.702775118164005,681.988812752318,0.92526561439001,5982.51230975092
"342","deadwood",0.752802936248527,675.269881473761,0.919168753898275,5835.60420061952
"343","mix_stand",0.774521529326955,672.697392039322,0.911440067857718,5691.93566466975
"344","mix_stand",0.726291307753164,665.364268271401,0.871267094483173,5551.75820885578
"345","deadwood",0.545095692611518,659.828003075705,0.842221732300363,5415.34294231613
"346","mix_stand",0.636746410440885,660.64169939397,0.898549766511474,5282.98131082798
"347","deadwood",0.690012238295053,660.644447914973,0.927931611073936,5154.98557249397
"348","deadwood",0.560191386272355,649.599275068803,0.912534446629326,5031.68891616086
"349","deadwood",0.55562200834841,643.185337157911,0.843821984657831,4913.44510702633
"350","deadwood",0.746413706543068,643.379222855866,0.936170818099485,4800.62752823219
"351","mix_stand",0.411818181017512,651.391296496232,0.74498265922631,4693.62747607304
"352","deadwood",0.43850673099061,661.104017540174,0.917853542602412,4592.85156278608
"353","deadwood",0.522368419866421,641.509845021809,0.797949785274191,4498.71808915177
"354","deadwood",0.710909089719672,629.900220332534,0.921230558105455,4411.65227412345
"355","open",0.601175029760949,644.723038111935,0.902416118832175,4332.08027442996
"356","open",0.466794257181469,656.843061602287,0.938254897760085,4260.42199724824
"357","deadwood",0.903827749108049,671.866404738723,0.94606403305984,4197.08280348898
"358","mix_stand",0.95299877384119,687.853942759034,0.939244011132049,4142.44431443612
"359","mix_stand",0.966196170353005,696.451556812633,0.957801975826755,4096.85466073709
"360","mix_stand",0.967760095662338,691.834193889193,0.955399910742679,4060.61863492713
"361","mix_stand",0.96105262912079,676.55647303385,0.961456177337318,4033.98830681664
"362","mix_stand",0.891349304072831,655.681428502818,0.946553459947677,4017.15471382736
"363","mix_stand",0.783601358364149,635.720728907688,0.882882099594427,3989.81208804711
"364","mix_stand",0.510476189768977,627.108487083798,0.812608039450078,3937.79713626533
"365","mix_stand",0.890445858477407,730.617803294188,0.958249039900531,6903.92036299953
"366","con_stand",0.821891890060733,724.318696567995,0.949111330060034,6806.16596683941
"367","mix_stand",0.756203643776275,715.320250007059,0.940731826254139,6641.34943988705
"368","mix_stand",0.823955772604784,707.426586704114,0.941460126200897,6478.51696161203
"369","mix_stand",0.906928744405069,708.664007875785,0.949926721037386,6317.82194160294
"370","mix_stand",0.941294780927099,707.478829048775,0.958736678583067,6159.43167624701
"371","mix_stand",0.905356263508448,691.173919715225,0.952292326132993,6003.52858638634
"372","mix_stand",0.803906631763539,680.636491780199,0.940921266830963,5850.3115152463
"373","mix_stand",0.807039596411996,674.454492594145,0.882135152685567,5699.99706910889
"374","deadwood",0.916117934107378,679.338620122586,0.913321866733949,5552.82097450411
"375","open",0.556957886728155,679.274490289311,0.921589977069893,5409.03941439631
"376","mix_stand",0.535675674118559,681.88146196595,0.90574961497977,5268.93029206675
"377","deadwood",0.707813266019454,678.841481876608,0.965719352593,5132.79435427971
"378","deadwood",0.710245127126453,666.229164799679,0.926420972055605,5000.95608544344
"379","deadwood",0.649828008657518,652.838713287429,0.855553162954656,4873.76426165963
"380","deadwood",0.70683046526914,654.189412072484,0.882880768242134,4751.59202924572
"381","mix_stand",0.40351979741692,672.362453880286,0.894154773872301,4634.83634781319
"382","deadwood",0.564692873352136,662.234376537126,0.906204134985548,4523.91661661126
"383","deadwood",0.80990571753455,657.537719266209,0.964400849744706,4419.2722886829
"384","deadwood",0.768550366735319,637.828909759147,0.942365724565942,4321.35927612874
"385","deadwood",0.798058965804023,642.270405124974,0.932950710104344,4230.64496851431
"386","deadwood",0.889126333283374,669.232328922025,0.959696338283124,4147.60173235189
"387","deadwood",0.847248155083645,682.497338184853,0.960475998589682,4072.69883923784
"388","dec_stand",0.969041766676622,702.507427318676,0.951747044920921,4006.39288691966
"389","deadwood",0.974934001765223,737.228352698345,0.932262579612504,3949.11692887082
"390","dec_stand",0.969385747763463,749.652030738624,0.927604701690357,3901.26870334593
"391","mix_stand",0.974456314617999,732.495019247366,0.958905636159074,3863.1985320161
"392","mix_stand",0.923710071676267,705.776551417695,0.958436418095883,3835.19761212811
"393","mix_stand",0.888943486776047,671.354139360807,0.943502659733231,3817.48752120955
"394","mix_stand",0.900037710108261,652.911239230805,0.937498759672673,3810.21175911579
"395","mix_stand",0.816304907958367,640.299967408488,0.921882708405339,3813.43005025586
"396","open",0.623436618050639,640.083969760949,0.858403039818079,3802.65881130414
"397","dec_stand",0.776666668554147,638.939448038737,0.900098497668902,3752.0861367272
"398","mix_stand",0.84882882769379,771.350190308717,0.966290590462384,6813.85004849631
"399","con_stand",0.92533169342182,775.167619484941,0.952694227786263,6696.23958058053
"400","mix_stand",0.948284096041803,759.779092363109,0.97111541310022,6528.64843195729
"401","deadwood",0.931326778971702,745.601601378045,0.968586290369602,6362.93239398799
"402","dec_stand",0.9489680570699,741.182496879259,0.976767081593413,6199.24184296905
"403","dec_stand",0.934280324153635,739.429052097553,0.971985255413127,6037.74152142361
"404","mix_stand",0.925331693609458,714.649855105238,0.974286014200428,5878.61194553181
"405","mix_stand",0.910393118441874,694.000077381181,0.954928979240999,5722.05090920179
"406","mix_stand",0.859333750551261,683.287717693336,0.930052710443005,5568.27507254419
"407","mix_stand",0.903931201707929,690.263867239987,0.948342626031113,5417.52161363752
"408","open",0.638441230284576,691.140929139987,0.951171513681963,5270.04991054215
"409","open",0.400737099546289,692.293309242192,0.913255266849803,5126.14320513933
"410","deadwood",0.93825552616662,682.256968617732,0.95242181650983,4986.11018071318
"411","deadwood",0.810936516533664,662.958652191833,0.929832177556288,4850.28636097162
"412","deadwood",0.555577394531935,661.32201319889,0.801735812386255,4719.03520936513
"413","deadwood",0.618845206641887,670.581167272619,0.868919711303726,4592.74877449144
"414","deadwood",0.382501570366225,672.775267940883,0.873938067230243,4471.84769178036
"415","deadwood",0.75469287302281,659.969681985841,0.954426751883371,4356.78031645784
"416","deadwood",0.668183531984453,652.326347998446,0.966148163577733,4248.02073297654
"417","deadwood",0.65665847571974,645.167951804121,0.909644199489485,4146.06536902087
"418","deadwood",0.835896802933415,648.855658753791,0.931360890498472,4051.42794765446
"419","deadwood",0.943155246301502,685.761295838898,0.959184312449545,3964.63255048077
"420","deadwood",0.920122848274484,703.941509012508,0.969392397589707,3886.20464978835
"421","deadwood",0.926977885310385,715.514959649313,0.962401459858517,3816.66010723448
"422","deadwood",0.926209929059093,733.35346606031,0.94757784006732,3756.49233230351
"423","dec_stand",0.911646189804232,740.905597996067,0.903784463850264,3706.15803569058
"424","dec_stand",0.771112505714149,729.321206275657,0.888003712280002,3666.06227480006
"425","mix_stand",0.882088449703534,711.295158030067,0.935576155616991,3636.54372917969
"426","mix_stand",0.877248155483999,681.350614767988,0.947591666452568,3617.8613102306
"427","open",0.746901317971971,671.947762844774,0.913830712934023,3610.18325022024
"428","mix_stand",0.664570023582594,665.533698904426,0.933421631812756,3613.57969533543
"429","dec_stand",0.668206386950041,656.835364376883,0.912249240182175,3628.01954282964
"430","open",0.334433307332678,645.040192285683,0.96552679262073,3653.37184885248
"431","open",0.00887816651882682,625.492293888179,0.984819578103479,3656.79650644356
"432","open",0.393286712363467,615.610220955802,0.949584908418722,3656.33034648648
"433","deadwood",0.609717789530023,799.972383801045,0.956267113151726,6730.47177462877
"434","con_stand",0.953660932280288,819.276554791875,0.943545195573817,6590.5526711465
"435","dec_stand",0.981621619498932,795.884516804118,0.978671596812273,6420.20318629126
"436","dec_stand",0.986093364527829,780.013202076755,0.98626023095275,6251.61306545528
"437","dec_stand",0.983955771746961,773.130006982302,0.984673312716461,6084.92854616278
"438","dec_stand",0.984462599838439,763.968533749104,0.979506302561721,5920.31058546926
"439","dec_stand",0.963390661211323,727.729775243661,0.979526192938374,5757.93643328093
"440","mix_stand",0.897518425493407,707.657048555791,0.956882095746971,5598.00134295562
"441","mix_stand",0.784412317422858,702.974780933277,0.963475752446278,5440.7204142918
"442","deadwood",0.766830465740339,693.648686589421,0.903042064142169,5286.33055549389
"443","open",0.458935878794808,696.014878755702,0.929138429943182,5135.09253880594
"444","deadwood",0.723723795834547,692.140714370219,0.892557841653301,4987.29310818275
"445","deadwood",0.811744469485683,682.223676789305,0.91513409788654,4843.24707571095
"446","deadwood",0.672281582688176,669.871103647593,0.91200221719081,4703.2993154273
"447","deadwood",0.650171988284449,680.701676914674,0.833048565407039,4567.82652792388
"448","dec_stand",0.917980047439845,691.932548618079,0.953965170870993,4437.2386066688
"449","deadwood",0.764853988957243,684.634707916874,0.974538774100857,4311.97938775069
"450","deadwood",0.509582308718262,673.023743650544,0.936780629130378,4192.52651187943
"451","deadwood",0.685581393460295,676.258360665523,0.849886118222333,4079.39007570653
"452","deadwood",0.605773954805563,654.316958678149,0.920413223225669,3973.10970793178
"453","deadwood",0.774201472754377,648.424113355632,0.854876600416418,3874.24968700074
"454","deadwood",0.86675046939733,670.577515569144,0.957145687677364,3783.39173859564
"455","deadwood",0.801130219813464,688.708899720588,0.934261275331789,3701.12523194922
"456","deadwood",0.793341521759511,692.539168261779,0.943389991052179,3628.03465279764
"457","deadwood",0.869993713251792,709.037631262031,0.957385232844194,3564.68447771343
"458","deadwood",0.831179359433509,713.018295700486,0.97439617021078,3511.60190423138
"459","deadwood",0.920050280773924,697.11284099893,0.972854604592194,3469.25827322217
"460","deadwood",0.942235869952736,686.494546276346,0.972170165884114,3438.05039567492
"461","mix_stand",0.912063879462037,672.38390505929,0.970362504719956,3418.28328323082
"462","open",0.878793210339089,665.312089211532,0.957126551401982,3410.15589232316
"463","mix_stand",0.518476657651786,667.866900732242,0.900658227920183,3413.75135880959
"464","open",0.730687958419469,660.635592261462,0.934870785372263,3429.03280734923
"465","open",0.608548081924262,642.769493232502,0.960106273966717,3455.84521821227
"466","open",0.209828009403308,629.759884583569,0.957499899686353,3493.92313522179
"467","mix_stand",0.378250496302755,618.766155387014,0.835521563124763,3535.701969936
"468","deadwood",0.799344261057797,819.294095649094,0.929840630537174,6657.672340107
"469","deadwood",0.957321865209527,842.586884219758,0.971583956143194,6489.31238984008
"470","dec_stand",0.954594592532783,824.390755701934,0.984368650475663,6316.23292406132
"471","dec_stand",0.983194100970279,817.123526458365,0.989432863103963,6144.79080065818
"472","dec_stand",0.988796066630092,806.940538261095,0.984653876989128,5975.12696028452
"473","dec_stand",0.982576993816795,763.264539525615,0.985615302151213,5807.39726331395
"474","mix_stand",0.960884518884763,732.100408230718,0.966936738031209,5641.7742183735
"475","mix_stand",0.983144961059533,733.223472913887,0.985302086214761,5478.44889206847
"476","mix_stand",0.891062222716195,718.199835968497,0.944128876227691,5317.63300441154
"477","mix_stand",0.810474998434074,711.844778060913,0.94873836312443,5159.56120720583
"478","mix_stand",0.910476188951482,713.822960565961,0.947074459333505,5004.49353150396
"479","mix_stand",0.870721355839362,702.039924243889,0.941058947645455,4852.71797423382
"480","dec_stand",0.742845098787351,686.184935751655,0.910746797055666,4704.55317141927
"481","deadwood",0.772728692463499,680.51930314363,0.929110152249321,4560.3510744857
"482","deadwood",0.753513512258814,685.254977551959,0.865715868935831,4420.49950537298
"483","deadwood",0.745124496034829,690.84707472468,0.949711503968181,4285.42441375705
"484","deadwood",0.743568009487465,681.135990541762,0.943241035111213,4155.5915956219
"485","open",0.300360239336417,677.042599525986,0.961728766182554,4031.50755768909
"486","dec_stand",0.202338151600959,674.827174370728,0.860086352970962,3913.71913150763
"487","deadwood",0.60083537936412,658.444702073456,0.914358088888539,3802.81136364174
"488","deadwood",0.708108106165831,652.728318647905,0.914902491247881,3699.40315037849
"489","deadwood",0.840527967803325,661.962313955944,0.966656149389008,3604.14007012412
"490","deadwood",0.931081078951167,673.608063493958,0.969408593321315,3517.68392490842
"491","deadwood",0.868181816963548,668.470713434993,0.931100416406806,3440.69866748784
"492","dec_stand",0.731841607111794,678.088388113313,0.861970784827495,3373.83268994679
"493","deadwood",0.900958228430708,668.985070980738,0.943540486312615,3317.69789061985
"494","deadwood",0.864261468206278,647.935035461004,0.92266772750655,3272.84648913653
"495","deadwood",0.759950857673582,643.295492486227,0.879199244631157,3239.74714504429
"496","mix_stand",0.858402946483371,646.217134667849,0.956403467483837,3218.76242685115
"497","mix_stand",0.77712130602297,635.869970488294,0.883621023753617,3210.12992439437
"498","con_stand",0.803095821721401,636.844146241134,0.944857110628625,3213.94917146419
"499","open",0.837149874803768,635.572771864383,0.966861641707233,3230.1760008203
"500","deadwood",0.640603393236659,627.712054853841,0.890135201532039,3258.62506128486
"501","open",0.320712529772696,608.923218223328,0.87839832251173,3298.98016938761
"502","dec_stand",0.370047391308427,601.658550244372,0.928137942654262,3332.7521218826
"503","mix_stand",0.782653059544308,837.729578757773,0.95476401460414,6674.49266015001
"504","mix_stand",0.872369229046198,851.710348106971,0.949086714854607,6569.88645013358
"505","deadwood",0.886076552940435,869.936964956767,0.967610012009098,6392.73001294302
"506","deadwood",0.854541001355816,863.893970951748,0.952901561975917,6216.96217568154
"507","mix_stand",0.76153109918246,837.650626552162,0.866367490004089,6042.7041127354
"508","dec_stand",0.940526314440705,802.340282567951,0.981004704877235,5870.09028201292
"509","dec_stand",0.971603425381525,764.196071442659,0.981040297260775,5699.27008208938
"510","dec_stand",0.987942581506152,763.994555094596,0.988419249439924,5530.40971745122
"511","mix_stand",0.987583730227211,758.822133114463,0.983221151897211,5363.69429049028
"512","mix_stand",0.934443082806348,738.1885555272,0.948650008097127,5199.33013622113
"513","dec_stand",0.946866026259602,738.144442216061,0.957216187705549,5037.5474105582
"514","dec_stand",0.953414931300585,733.568639113241,0.958680393719177,4878.60293387513
"515","mix_stand",0.91621433339479,714.340731796658,0.943730635533502,4722.78327724084
"516","mix_stand",0.623678928475781,705.654482293953,0.91211414506792,4570.40805680643
"517","mix_stand",0.626666666324083,700.643386024507,0.917394916939261,4421.83337001577
"518","mix_stand",0.435781249438878,703.203267431259,0.845178389080684,4277.45526255768
"519","deadwood",0.703495399392505,698.292798116235,0.954236790479091,4137.71305417344
"520","deadwood",0.722888615643526,682.537099924636,0.943782120705964,4003.09227206387
"521","deadwood",0.82155502164674,674.118614707837,0.933654085639419,3874.12684137903
"522","deadwood",0.799192164371399,668.252850349268,0.903430841101216,3751.40006557327
"523","deadwood",0.891842103068623,662.835911545457,0.949553512500234,3635.54380324115
"524","deadwood",0.857559806591515,662.966635891125,0.966153829790759,3527.23513009844
"525","deadwood",0.757600977670315,651.060459281707,0.913277628700473,3427.1896949387
"526","deadwood",0.794066983974721,644.317909861295,0.906247059516074,3336.15098152904
"527","deadwood",0.847248801377794,642.991568277897,0.942248048840099,3254.87483052041
"528","dec_stand",0.629326804628826,642.776389786196,0.852880587329406,3184.1089142006
"529","deadwood",0.817105260561777,636.562870189904,0.882792757743854,3124.56742877043
"530","deadwood",0.581738064729015,625.105705756161,0.836525178770905,3076.90205899619
"531","deadwood",0.530454545237267,623.753624108419,0.834824317045795,3041.67118023093
"532","mix_stand",0.496555022717093,621.506263440876,0.733761031583896,3019.31010015318
"533","deadwood",0.465605873696625,618.379864882956,0.791373479572174,3010.105648869
"534","open",0.472799042115015,613.755989111211,0.840056036416281,3014.17835869515
"535","deadwood",0.771318325742935,615.608767935701,0.937498297290787,3031.47471750748
"536","deadwood",0.420073259247965,608.330995753921,0.858845239757618,3061.7706269273
"537","mix_stand",0.241985646018571,603.567410336727,0.865439744211698,3104.68555655673
"538","open",0.151554827677443,603.178777966289,0.948249761972412,3143.16343532921
"539","mix_stand",0.96120171482343,825.133761557387,0.980234216978622,6623.63611839002
"540","mix_stand",0.969729727896259,870.402305962678,0.977891332881395,6480.68377719661
"541","deadwood",0.820098278938772,902.428915112845,0.935928065192494,6301.01974602192
"542","deadwood",0.747957258236476,896.123878886608,0.902258467910276,6122.61954837063
"543","dec_stand",0.936339065034391,841.259916338347,0.964468580718708,5945.59695093898
"544","dec_stand",0.823710072730698,810.338981009818,0.970654640429143,5770.07874699766
"545","dec_stand",0.870194844531608,796.027017666513,0.967592530753311,5596.20648874277
"546","dec_stand",0.984471741725098,801.145878859761,0.988753871227951,5424.1384622154
"547","dec_stand",0.981400488946742,781.288769808683,0.986610851943932,5254.05193393343
"548","dec_stand",0.946247640854341,769.532629870229,0.960973717820187,5086.14569847876
"549","dec_stand",0.951130219023556,763.999646573453,0.959601961350851,4920.642954161
"550","mix_stand",0.950949086657228,745.562977578039,0.959342462959565,4757.79452824406
"551","mix_stand",0.944938573281507,727.28515752469,0.943691192300079,4597.88246240646
"552","mix_stand",0.9589189168258,729.077873586144,0.939935609313868,4441.22395040402
"553","mix_stand",0.912457572002406,727.781213517012,0.923064358949212,4288.17559010873
"554","deadwood",0.323316952717063,729.93938429174,0.814733319524538,4139.13786675091
"555","dec_stand",0.862874691523337,724.381217262962,0.967034574588921,3994.55971825491
"556","deadwood",0.845857949010761,703.203895861364,0.938340945823773,3854.94294118479
"557","deadwood",0.85592137405269,694.944310781118,0.902418585864859,3720.84607196144
"558","deadwood",0.886763040381434,688.887071342157,0.935005862193239,3592.88722018609
"559","deadwood",0.853685502351905,682.689073979708,0.907115431424661,3471.74514286944
"560","deadwood",0.774324322760069,671.434587408342,0.881993471624224,3358.15764540035
"561","deadwood",0.900540538605169,655.02814718135,0.951455446926023,3252.91621164147
"562","deadwood",0.875773953745274,640.976662600656,0.945924728962362,3156.85566074724
"563","deadwood",0.779434887733521,632.503934668089,0.956443480666459,3070.83769024899
"564","deadwood",0.732093022795573,625.727504919641,0.936165555028478,2995.7274994759
"565","deadwood",0.772825551143772,620.705321403335,0.940873769123373,2932.36339094541
"566","deadwood",0.587504712615389,616.295864294641,0.891548764323529,2881.52035150885
"567","deadwood",0.625528254008484,614.124874443035,0.857460752257697,2843.87001986883
"568","deadwood",0.596633905769127,612.618459940542,0.838508535758878,2819.94087132742
"569","open",0.496392205057842,612.135942748026,0.794056127537428,2810.08345423408
"570","open",0.353933415273446,608.607310152818,0.817955525217603,2814.44562850687
"571","open",0.0343228602622467,606.683309668709,0.969274593458661,2832.96170922722
"572","open",0.12575273314151,606.140466123794,0.970022184268279,2865.3573197981
"573","deadwood",0.22857493827124,606.298811329085,0.897426714659588,2911.16914113784
"574","open",0.149489602429655,605.524899343912,0.933309157370169,2951.73165715957
"575","mix_stand",0.938381028322782,824.686333195459,0.970797803834726,6572.12313008883
"576","dec_stand",0.954116905764879,883.142967852311,0.950279152052422,6396.4949557386
"577","deadwood",0.679631448549926,929.750248789494,0.892229624550231,6214.39730858617
"578","mix_stand",0.689528596871383,911.105220120932,0.904474409101595,6033.43623680536
"579","mix_stand",0.589877148824733,864.39768490803,0.890170877044265,5853.71714918361
"580","mix_stand",0.798132676667824,838.347068880348,0.928530039947654,5675.35803506076
"581","dec_stand",0.905493398710364,830.759682262716,0.962503796362562,5498.49123978329
"582","dec_stand",0.901351349442026,831.133217663964,0.952518359677871,5323.26551340526
"583","dec_stand",0.977542994713241,813.630475918257,0.986392620301071,5149.84837279889
"584","dec_stand",0.920553109088197,795.99570682317,0.965478903051445,4978.42882079496
"585","dec_stand",0.960319408423814,773.709553074192,0.954807918656077,4809.22046791117
"586","dec_stand",0.972218728131989,758.610862247604,0.97216108752301,4642.46510148555
"587","deadwood",0.974324322266719,747.776209350886,0.953403086660096,4478.4367420275
"588","dec_stand",0.902530710498919,757.572249803848,0.865674047527208,4317.44621395618
"589","dec_stand",0.901697044516606,762.46552472741,0.91236254383677,4159.84623426559
"590","deadwood",0.551498770182929,755.383199330923,0.872230152354669,4006.03698176483
"591","dec_stand",0.894914003235519,755.872603920227,0.907443930607756,3856.47204449872
"592","dec_stand",0.776945315989813,737.519895159172,0.917751958222602,3711.66454369633
"593","deadwood",0.837174445486808,721.657843062567,0.94827701770117,3572.19308884694
"594","deadwood",0.922765553789008,714.483058121428,0.962444408154578,3438.70701968613
"595","dec_stand",0.766732185149991,703.553097436703,0.918964205987074,3311.93013129706
"596","deadwood",0.835110563285997,688.989990909211,0.920744724184989,3192.66176505572
"597","deadwood",0.901118791020006,671.304993788301,0.948661980540553,3081.77381090604
"598","deadwood",0.880859948561987,657.952567810509,0.955873217570987,2980.20187591139
"599","deadwood",0.86216216015856,652.400593900563,0.953874835630087,2888.9287538539
"600","deadwood",0.844977999200879,646.53220323794,0.973103776208864,2808.95856012879
"601","deadwood",0.856879604760676,631.076316402351,0.965640974279118,2741.28067957429
"602","deadwood",0.844248897690469,622.407956720972,0.936469918804151,2686.82415872068
"603","deadwood",0.788869776998713,621.187817135373,0.943626213773023,2646.40531278249
"604","deadwood",0.615208843635985,620.155180422621,0.89638873864725,2620.67373457902
"605","deadwood",0.501847893917508,615.070862852201,0.684850092951529,2610.06384799882
"606","deadwood",0.440712529662493,612.769002703542,0.786672731371784,2614.75973696571
"607","mix_stand",0.49547911445434,610.343478715976,0.846888089204706,2634.67956256015
"608","deadwood",0.632809551944342,610.557090927114,0.915678123261552,2669.48254097283
"609","open",0.274963144652307,608.822382634043,0.930814106941809,2718.59713815547
"610","open",0.249977528228519,608.629542112886,0.932385831736447,2758.50479019135
"611","mix_stand",0.793931035029477,796.140769379714,0.933677916074621,6608.76245093115
"612","mix_stand",0.952531016253804,837.275096845982,0.969635866896686,6502.88494651032
"613","dec_stand",0.981018226361927,911.977193912719,0.96497420474915,6317.52044836127
"614","dec_stand",0.616756755794588,963.714415754089,0.80748084894695,6133.07829540837
"615","dec_stand",0.904538024757772,946.896058087975,0.943582317444755,5949.64426785093
"616","dec_stand",0.618624077409652,905.937943479646,0.863678466830705,5767.31455918189
"617","mix_stand",0.617788696853806,878.9762837178,0.893767339371932,5586.19730311103
"618","dec_stand",0.826649904002902,869.513204923446,0.920094298129746,5406.41435409989
"619","dec_stand",0.827100735139422,871.862341203619,0.901793318661044,5228.10336558864
"620","dec_stand",0.975479113006694,854.09921459601,0.976331121944971,5051.42021697451
"621","dec_stand",0.97184160750741,823.116886467397,0.976660779367671,4876.54184743171
"622","con_stand",0.966314494957649,799.621822647732,0.969376829940212,4703.66956164441
"623","mix_stand",0.96967944538421,786.630847904534,0.962297393082823,4533.032878172
"624","deadwood",0.951425058794659,773.467458514089,0.953007906272605,4364.89399391129
"625","deadwood",0.889852578227731,782.020184866041,0.880098277579361,4199.55293520895
"626","dec_stand",0.949943430024,803.080345858724,0.905939554621183,4037.35345333515
"627","dec_stand",0.93972972793738,786.758708981976,0.92256480664088,3878.68969275464
"628","deadwood",0.883857492311727,780.126245522089,0.921248113823464,3724.01360526566
"629","dec_stand",0.900238841575395,767.345042710032,0.924093749406932,3573.8429883895
"630","deadwood",0.934422603165342,751.39125308475,0.936265840394198,3428.76987461143
"631","deadwood",0.939006911507573,741.030095242465,0.938629568597193,3289.4687678031
"632","deadwood",0.901867319864086,728.67699962869,0.962253622436113,3156.70389323391
"633","deadwood",0.927911545555004,711.900192523178,0.967248870897352,3031.33418458466
"634","deadwood",0.905518539989804,693.872907925072,0.94993095548553,2914.31418717621
"635","deadwood",0.924742013019228,683.489015396456,0.963458588452099,2806.68847547195
"636","dec_stand",0.966437344290591,676.636096813755,0.977365154269579,2709.57671766994
"637","deadwood",0.942878689708236,663.724865254631,0.970356343415906,2624.14644281327
"638","deadwood",0.919631446846726,651.628678080491,0.95934099282987,2551.57125934139
"639","deadwood",0.845656816794354,641.520695866765,0.923341055633061,2492.9741281096
"640","open",0.691228499590289,637.194001818758,0.937487523151557,2449.35846480106
"641","open",0.630835378977312,636.74933236237,0.923862001103525,2421.53392470106
"642","con_stand",0.669893147059764,627.553651782119,0.915678093702744,2410.04750608088
"643","open",0.781891890446809,618.976877948283,0.906034432928231,2415.1323335035
"644","deadwood",0.703267811461185,617.150213930472,0.947814733192727,2436.68466748627
"645","deadwood",0.576995598888674,621.997930405651,0.900564332024939,2474.27422143056
"646","deadwood",0.655208843396359,612.613146507769,0.941893536991071,2527.18548003997
"647","dec_stand",0.608786609195266,611.377768161407,0.921901565465967,2569.95769425878
"648","mix_stand",0.681035118890227,801.089594532514,0.950791913237898,6562.9869723384
"649","mix_stand",0.961411481397895,838.56813600531,0.975709744831592,6431.44327112455
"650","dec_stand",0.982594858016021,922.92120499535,0.973220860724642,6243.95812456661
"651","deadwood",0.829186600695351,983.462432350268,0.933115900035181,6057.2763183599
"652","dec_stand",0.794638921345973,986.318329044188,0.899901883419024,5871.47447891292
"653","deadwood",0.713492821594567,954.209314884752,0.907877469586841,5686.63886140084
"654","deadwood",0.725334926940608,926.807118320009,0.911841226144556,5502.86682987835
"655","deadwood",0.916597304690169,913.198301392349,0.964889651540589,5320.26860023224
"656","deadwood",0.913755978118967,912.26541586698,0.970708613546841,5138.96929683016
"657","dec_stand",0.944043060256676,895.705423930045,0.95932909621719,4959.11138337635
"658","dec_stand",0.971676864696614,857.005161392791,0.973971206781476,4780.85753976179
"659","con_stand",0.96490430481215,838.054050828852,0.951738993338706,4604.39406894102
"660","dec_stand",0.987270500223669,825.554011593542,0.967923417012578,4429.93493095553
"661","dec_stand",0.981674639303148,805.175516192422,0.961922387579126,4257.72651384009
"662","deadwood",0.917727271455861,803.395491057035,0.908185125038955,4088.05326097168
"663","dec_stand",0.915250915878953,829.975332234451,0.892244311521512,3921.24427779923
"664","dec_stand",0.959090907273716,821.198612377404,0.93921648354479,3757.68103110375
"665","dec_stand",0.93184210351138,808.542201503042,0.895408770933961,3597.8062205411
"666","dec_stand",0.868763768195085,795.472554836016,0.867653518659832,3442.13382849472
"667","dec_stand",0.838133969313006,783.24493338845,0.815043857900435,3291.26021603
"668","deadwood",0.89799265482781,769.83823782315,0.919229670848374,3145.87589545661
"669","deadwood",0.939019136839328,757.180779452529,0.928559008183662,3006.77723039589
"670","deadwood",0.979641146004271,741.466380762712,0.949819175018506,2874.87674525919
"671","deadwood",0.984798039871666,724.795481015302,0.962893295226074,2751.20993586741
"672","deadwood",0.967488036317189,712.819320605702,0.96726537096586,2636.93548376692
"673","deadwood",0.973851672970828,704.122305217542,0.968290196401936,2533.32473311791
"674","deadwood",0.922888615144693,688.060283871,0.971784050089639,2441.73554768268
"675","deadwood",0.930095691550256,675.406740215977,0.963842507255705,2363.56586320468
"676","deadwood",0.933512848878286,665.066291314152,0.966791406583903,2300.18423568106
"677","deadwood",0.862368418567738,658.362171081835,0.927375445071091,2252.83915757448
"678","con_stand",0.917177031966345,655.862817609139,0.969176943935276,2222.5557012521
"679","con_stand",0.846144429058055,646.252996400345,0.935225969684314,2210.03534900579
"680","deadwood",0.758803826262149,627.198178232001,0.860917557636944,2215.57926194063
"681","deadwood",0.683468897470483,619.331688401802,0.864164769774276,2239.05326229863
"682","mix_stand",0.576044498096659,627.929260178461,0.830881620858588,2279.9035901194
"683","deadwood",0.573307886520642,617.034352659269,0.964503658106006,2337.21930344734
"684","dec_stand",0.125115303998223,614.474124676526,0.905636353000405,2382.59220396985
"685","deadwood",0.198624203596145,855.512882538814,0.813847874228362,6515.53169254802
"686","mix_stand",0.750737099439199,823.277799076764,0.91796429709735,6365.48852567464
"687","dec_stand",0.973651790018542,891.506644852577,0.968441849718447,6176.00139308966
"688","deadwood",0.945208843197921,973.213976960803,0.974017304782492,5987.20094184608
"689","deadwood",0.863205529000121,1016.36615327827,0.933312678078598,5799.15424024972
"690","dec_stand",0.807444715350683,1002.22921659202,0.913289833090815,5611.93705951622
"691","mix_stand",0.784717443007839,982.015055513499,0.913799817369523,5425.63527076015
"692","deadwood",0.8433689487563,974.18363790554,0.933925505275624,5240.34650535685
"693","deadwood",0.87985257689523,954.987221720178,0.953088829756076,5056.18213424137
"694","dec_stand",0.948820637108836,925.21121755689,0.971224712761673,4873.26963409261
"695","mix_stand",0.905619106386009,894.104662172904,0.9459005061146,4691.75542328899
"696","mix_stand",0.95560196463101,877.88361994113,0.947554764770319,4511.80826840697
"697","deadwood",0.975713385324071,874.340776425499,0.974674865781399,4333.62338271437
"698","dec_stand",0.97334152181388,862.309668613593,0.922667662327061,4157.42736184117
"699","dec_stand",0.9623341509244,838.609135283299,0.945661486659647,3983.48412676378
"700","dec_stand",0.926033939335011,858.04563937376,0.916999913251003,3812.10206851449
"701","dec_stand",0.899434887696543,862.485752340031,0.908341837969108,3643.64260688934
"702","dec_stand",0.785626533956104,847.126862359574,0.865289563958416,3478.53037733995
"703","dec_stand",0.795097422245761,829.89535620286,0.932991479268844,3317.26522888006
"704","mix_stand",0.784840292862504,818.125666025523,0.886288079732905,3160.43612254951
"705","deadwood",0.788334380172657,803.689855205121,0.956890314817429,3008.7368186677
"706","deadwood",0.954152333186322,790.043703421328,0.951134508818901,2862.98286347888
"707","dec_stand",0.956461915023241,775.838349813325,0.964415252648056,2724.12873822193
"708","dec_stand",0.97842865929916,760.288249094332,0.9613168847441,2593.28300836559
"709","dec_stand",0.977542995788725,743.760026636522,0.956004632229594,2471.71782648635
"710","dec_stand",0.982702701217529,733.470702637619,0.973219993110078,2360.86724304287
"711","dec_stand",0.974104335094907,718.410749606858,0.982134711809836,2262.30681782014
"712","dec_stand",0.965724813777047,706.182995807919,0.978659793331816,2177.70590526011
"713","dec_stand",0.960628533919677,692.854752171946,0.97466267320362,2108.74530344576
"714","deadwood",0.935159702993545,681.181042532956,0.977709469726396,2056.99863221279
"715","con_stand",0.916265354150819,668.683943614913,0.976852419005858,2023.78676350949
"716","con_stand",0.895637961367928,650.814817609613,0.974701071594737,2010.02866359455
"717","deadwood",0.728894347526334,631.871131840736,0.909499253501031,2016.12263165078
"718","mix_stand",0.436142505125969,624.411057268372,0.72855085488958,2041.89093153524
"719","open",0.540189701124905,632.454197126352,0.894753142184225,2086.60479241898
"720","open",0.351401150955921,618.302227818348,0.945464209036726,2149.08199383167
"721","open",0.0771474874966342,617.761737446344,0.951296662685357,2208.47844382023
"722","deadwood",0.103001006337751,920.575685007455,0.662865063762677,6462.03712278508
"723","deadwood",0.33751842667891,856.943595792503,0.767783020025792,6305.19291065576
"724","dec_stand",0.926863606520451,857.949483990145,0.954893036918173,6113.83719151775
"725","dec_stand",0.954004912799641,953.814629369637,0.96549720487372,5923.05543545273
"726","dec_stand",0.942174730975811,1026.78803456976,0.971764542485542,5732.90494441416
"727","dec_stand",0.843488941898144,1044.10268295251,0.911549532763129,5543.45067941848
"728","dec_stand",0.907149875467913,1035.68945743645,0.956657423763662,5354.76653942998
"729","dec_stand",0.740565680032965,1027.00645476508,0.903858043126982,5166.93689448559
"730","mix_stand",0.686437344778082,998.793701171875,0.88971402020141,4980.05843083648
"731","mix_stand",0.732334150820604,962.211980646307,0.894142630114163,4794.24238025255
"732","dec_stand",0.738579508790537,935.747800892962,0.909336817650432,4609.61722378279
"733","mix_stand",0.895331693959654,919.798702717999,0.902452439692155,4426.33198280973
"734","deadwood",0.853878062637552,919.735867042949,0.916482075833435,4244.5602383968
"735","dec_stand",0.869508597931163,917.622539923291,0.913063244139021,4064.50505421639
"736","mix_stand",0.916339065202258,882.234427562217,0.932021238642038,3886.40501970218
"737","dec_stand",0.745091136439576,898.404470082876,0.916394121706074,3710.54167765138
"738","mix_stand",0.451941030996987,905.588223768979,0.840383669704711,3537.24865241251
"739","mix_stand",0.549434888192638,893.134193364174,0.822865165010351,3366.92284428663
"740","dec_stand",0.697724700344013,871.609982090728,0.929546724852715,3200.03808926105
"741","open",0.564127763353416,859.165502637259,0.94991780572207,3037.16167317097
"742","deadwood",0.716983028458657,844.681472135744,0.939340646633332,2878.97398532384
"743","deadwood",0.970687958958767,829.249756159302,0.977973770158004,2726.2913105996
"744","deadwood",0.979213757925559,813.604101382544,0.971265580056633,2580.09114862391
"745","deadwood",0.973777496785693,799.547238141916,0.962847672416908,2441.53830259188
"746","mix_stand",0.752702700962708,781.803248262523,0.93979497173348,2312.00803495134
"747","deadwood",0.780073709213873,769.707485152111,0.91429103007746,2193.09962088922
"748","dec_stand",0.961131362800588,758.300059876601,0.958487807842713,2086.62973797805
"749","dec_stand",0.968673216888374,744.399628622819,0.962586756749879,1994.59126200532
"750","dec_stand",0.957008169272049,733.287738831219,0.950291470826459,1919.0617145559
"751","dec_stand",0.932211300554967,718.497358504912,0.975531859611703,1862.0511133767
"752","dec_stand",0.922358720538181,688.237697516964,0.979813349334848,1825.29552568892
"753","deadwood",0.719622876694148,661.930519358157,0.971175645392021,1810.02930530804
"754","deadwood",0.745773954152219,640.811900483302,0.932946473213613,1816.79424777027
"755","deadwood",0.729999998488283,632.923595606548,0.901334875961194,1845.34807395489
"756","open",0.379286986501778,637.660737498346,0.950014299913949,1894.70594341456
"757","dec_stand",0.257663716105497,627.594303205372,0.903840246928477,1963.2994250998
"758","open",0.147714701357801,621.470789036203,0.953205331682812,2048.69996706859
"759","deadwood",0.261571427527815,935.896615273612,0.578618480773626,6423.59110036651
"760","dec_stand",0.375995085215429,888.844002613564,0.701104949393793,6250.72020733071
"761","mix_stand",0.890760526126619,849.394659304904,0.952181237980976,6057.64386560828
"762","mix_stand",0.967518425644982,922.105935024102,0.971560949226269,5865.03437905936
"763","deadwood",0.930911374477977,1002.1921223677,0.968455118401705,5672.93930033898
"764","deadwood",0.922628990088473,1052.80110682082,0.96170032767611,5481.4127116871
"765","deadwood",0.892628990685801,1077.27883033846,0.961151344587235,5290.51635467945
"766","mix_stand",0.807592707697248,1072.96807819129,0.933115801913869,5100.32099530364
"767","dec_stand",0.334938574298594,1047.50444975532,0.807349087702481,4910.90808138957
"768","mix_stand",0.582874691882686,1020.78877471999,0.928914471563748,4722.37176482946
"769","deadwood",0.600804524394343,1004.97269587873,0.926830121513285,4534.82138119134
"770","mix_stand",0.681228500303494,983.146067776317,0.822774783362628,4348.38450531164
"771","deadwood",0.620766812210784,971.99946660414,0.945861761409632,4163.21073516086
"772","dec_stand",0.838550367037919,957.953647585407,0.965476658808511,3979.4763998941
"773","dec_stand",0.901941030668392,929.585478649093,0.951256939303816,3797.39044369377
"774","mix_stand",0.470999370663328,946.043951373817,0.82384785921749,3617.20180788524
"775","mix_stand",0.305380834385533,965.978723062051,0.78437439190265,3439.20872129551
"776","mix_stand",0.645970514877093,967.313728651192,0.858782175351712,3263.77041331691
"777","mix_stand",0.820389690998026,932.374703494203,0.918699449371947,3091.32187996548
"778","dec_stand",0.755307123984876,910.944931630128,0.925722577574798,2922.39244331831
"779","dec_stand",0.94544311639069,892.419147369174,0.968842906707641,2757.6289076761
"780","dec_stand",0.944054052824068,875.546272971413,0.968517336143176,2597.82404419619
"781","dec_stand",0.960368548847131,859.779987307087,0.976899475445033,2443.95075833874
"782","deadwood",0.975914518032188,846.424539217179,0.980852271722294,2297.20130293294
"783","deadwood",0.644398033243652,832.499757621447,0.910094316554524,2159.02878989679
"784","deadwood",0.945552823639473,818.587573114718,0.966808785842297,2031.18432875588
"785","dec_stand",0.966863605743456,807.807507546723,0.962602284515076,1915.7367281372
"786","dec_stand",0.95272727124393,781.706101776048,0.952119727721964,1815.05306204048
"787","dec_stand",0.858529225165068,766.968667098069,0.888349386373456,1731.7104252246
"788","deadwood",0.699926288478095,756.661834904251,0.878654611994872,1668.30972782276
"789","dec_stand",0.679877148858782,715.387998913664,0.916425619411674,1627.18366245004
"790","deadwood",0.95122564222961,679.758434820745,0.980413808791162,1610.04005136746
"791","deadwood",0.76063881915621,654.910755804188,0.917954392955439,1617.64156564872
"792","open",0.792948401494167,650.963392215513,0.889504721694848,1649.64616662047
"793","mix_stand",0.631181726951703,649.888906984604,0.93534602969145,1704.67993693372
"794","open",0.213686199883432,637.062097521796,0.962053819438548,1780.60884865409
"795","dec_stand",0.275230875145066,627.267533999653,0.920741863677125,1874.89600474097
"796","mix_stand",0.775028035281418,627.289601434725,0.945814487533035,1967.54077785699
"797","mix_stand",0.586666663487752,912.704874674479,0.944468359152476,6477.33585618872
"798","deadwood",0.376231883885821,915.600481600659,0.759810246835708,6397.1922848981
"799","deadwood",0.347002456143169,879.99301106221,0.736841120645038,6202.22385356821
"800","deadwood",0.48693903059348,859.86345438115,0.812832462823219,6007.58897994099
"801","mix_stand",0.92810810598515,897.724813587835,0.965065483232681,5813.32116748838
"802","deadwood",0.96847265674999,963.288266242487,0.973052848704126,5619.45848486378
"803","deadwood",0.950687958774242,1020.50712555457,0.972653151839898,5426.04435589325
"804","deadwood",0.935135132759004,1071.36647337368,0.96993322106632,5233.12851584799
"805","deadwood",0.730760526134487,1105.00290582586,0.931428617703547,5040.76817527676
"806","deadwood",0.485405404761397,1103.81273851699,0.931953400373459,4849.0294443916
"807","deadwood",0.836609335373675,1086.09003765284,0.96963176123926,4657.98908655721
"808","deadwood",0.713287238923729,1077.39848238443,0.957591339505595,4467.73668993269
"809","deadwood",0.613144962020969,1065.63150804224,0.916848756629214,4278.3773738204
"810","mix_stand",0.718944058950819,1048.91069091183,0.899609144568668,4090.03518287973
"811","deadwood",0.646658475243049,1017.87268253861,0.888524841105323,3902.85737168084
"812","deadwood",0.530909090090076,990.649059548718,0.76251600563517,3717.01984824829
"813","deadwood",0.709641733675689,1012.52190763137,0.852232125300345,3532.73413420223
"814","deadwood",0.833832921789781,1035.55423944647,0.850607452085768,3350.25631790865
"815","deadwood",0.882235870383112,1044.10922514894,0.893415720040706,3169.89863410228
"816","deadwood",0.971891890553316,1010.6723778591,0.925808161787459,2992.04450623349
"817","deadwood",0.956781325253134,978.886103374659,0.957494387133116,2817.16813947873
"818","deadwood",0.927115020555831,956.041034307666,0.939177487291382,2645.86003917466
"819","deadwood",0.835208843446151,935.865932417736,0.914875502759906,2478.86009885028
"820","deadwood",0.893660932500144,916.154894142245,0.933704410910753,2317.10000957688
"821","deadwood",0.796731613707535,904.009181590293,0.950010639159354,2161.75635561347
"822","dec_stand",0.699606877731054,897.855043003541,0.872552465455245,2014.31418839836
"823","dec_stand",0.743587222476593,878.186412651943,0.878410739151427,1876.63682688606
"824","deadwood",0.902250155591126,860.502246139785,0.968834973520486,1751.02910665091
"825","dec_stand",0.841744470178935,835.702920037347,0.908135345562634,1640.2661694086
"826","deadwood",0.713689501600435,797.116952336262,0.9044061872586,1547.53878869089
"827","dec_stand",0.632309581054699,777.489131243282,0.880028486123688,1476.24947766887
"828","dec_stand",0.919508597628197,741.21754013174,0.961773013856253,1429.60895349846
"829","dec_stand",0.937272154314573,698.511230737289,0.969130759341098,1410.06525427119
"830","deadwood",0.865331692680607,671.205024363075,0.949140796680415,1418.73863147475
"831","open",0.682628990830602,664.746580381651,0.916962679448087,1455.12460267423
"832","mix_stand",0.816266497225974,660.815174498399,0.886010347369714,1517.23067985414
"833","open",0.621375919738441,647.058233050222,0.943502084665568,1602.06843929102
"834","mix_stand",0.318165879412752,631.222898291641,0.923767832166914,1706.25046641093
"835","con_stand",0.521540105813009,630.131676528033,0.92923656074121,1817.28350182929
"836","dec_stand",0.233233830822048,929.759672098492,0.492291985348386,6477.18171828848
"837","dec_stand",0.26894736778811,914.342803005967,0.619005168926274,6356.11363702051
"838","con_stand",0.119210526030778,923.870359721937,0.545893929792907,6159.8450182266
"839","deadwood",0.483696449634641,892.688211055835,0.761728137649477,5963.82711035568
"840","mix_stand",0.702894735813996,889.637267190304,0.881332110577936,5768.0854733289
"841","dec_stand",0.931921662993027,944.188207133747,0.962072909680837,5572.64921960672
"842","mix_stand",0.925215309797719,997.206832411186,0.957582619772003,5377.55164490712
"843","deadwood",0.875765548363934,1045.04897063771,0.940497840063994,5182.83099610876
"844","dec_stand",0.800685432569706,1092.90846683871,0.913061975885634,4988.5314118005
"845","open",0.244808611816517,1128.45734796113,0.93045437999034,4794.70408163587
"846","open",0.319784688108275,1137.74070170279,0.950008732159778,4601.40868496393
"847","open",0.482594858408157,1129.03415660321,0.9701303802841,4408.71518849689
"848","deadwood",0.728421051237893,1116.34266297555,0.950718952935528,4216.70610928987
"849","dec_stand",0.861223989042067,1102.55158180414,0.959010245422109,4025.47938543435
"850","deadwood",0.666555022847567,1086.9963803086,0.873216950098436,3835.15204712692
"851","mix_stand",0.49834928084967,1071.04204949922,0.720545726739155,3645.86495061763
"852","mix_stand",0.260709913960468,1110.84288273301,0.653213216244919,3457.78893561328
"853","deadwood",0.321339711983595,1144.78367994391,0.716250338382199,3271.13290464926
"854","deadwood",0.607081338366645,1149.52231784072,0.795484483344525,3086.15451784574
"855","deadwood",0.715055077816639,1098.50122107666,0.839318997213538,2903.17447075129
"856","deadwood",0.957559806887399,1064.08828797409,0.945760091811276,2722.59570606724
"857","deadwood",0.881444307055548,1039.4200379688,0.923711769693193,2544.92943344514
"858","deadwood",0.918086122667961,1011.33295995539,0.925074252045967,2370.83051590746
"859","deadwood",0.936315788107626,988.051410729805,0.948299978766145,2201.14559275242
"860","deadwood",0.911138309386982,979.07741353328,0.926469479681812,2036.97805025733
"861","deadwood",0.747320572778796,962.273873215087,0.890400880332769,1879.77400379206
"862","mix_stand",0.783181817203974,929.800849768534,0.929009639029725,1731.4312301607
"863","deadwood",0.910893511236845,901.405771057054,0.968759548306611,1594.42496704993
"864","mix_stand",0.879210525196776,860.935398521606,0.946832617218985,1471.9242227909
"865","deadwood",0.92080783261718,811.853293522773,0.936860304458051,1367.83183579343
"866","deadwood",0.825502391017831,782.391722391667,0.911624761325035,1286.62349413259
"867","dec_stand",0.915478467281783,753.310541143828,0.968917627119277,1232.82974150935
"868","deadwood",0.98004895750994,716.380459060576,0.972682955215435,1210.11214301654
"869","deadwood",0.957655500250748,689.191593261427,0.969411141564401,1220.20764504015
"870","mix_stand",0.805693778164827,679.307320663233,0.887819777817675,1262.32922272524
"871","open",0.828249692059643,663.838471243402,0.908684039805335,1333.44535218099
"872","con_stand",0.82602870648807,645.957644229871,0.929804234146074,1429.23441712981
"873","open",0.39270501772131,633.411445570984,0.841723450672707,1545.11443009878
"874","deadwood",0.537170730408554,635.106642225312,0.937140025252976,1676.92553686956
"875","con_stand",0.663509747257306,645.371146284438,0.953055250860522,1779.4732537127
"876","con_stand",0.0752688172043011,968.061661586967,0.403641676012841,6466.47572395363
"877","con_stand",0.0467813267150587,962.502971564815,0.432115918794802,6321.1015219434
"878","con_stand",0.164471743939586,946.1726106086,0.465237163692594,6123.71072277104
"879","dec_stand",0.449101193095625,897.168070411322,0.831662853246661,5926.49767593635
"880","mix_stand",0.436732185720775,897.769857720602,0.761793505624669,5729.48073657208
"881","mix_stand",0.947077308657932,937.455195361604,0.975925244376916,5532.68085468036
"882","con_stand",0.949484028196745,984.24779062482,0.964429975764171,5336.12204600544
"883","con_stand",0.948624077287368,1027.93342395379,0.95659181453672,5139.8319681799
"884","dec_stand",0.870722814406298,1073.34316673255,0.939233161832161,4943.84263032914
"885","dec_stand",0.647960686905159,1117.60355334083,0.884148618293336,4748.19127319757
"886","open",0.234299753868097,1151.34774172921,0.925547758652771,4552.92146883091
"887","open",0.251816467242111,1165.61827201532,0.909769629791501,4358.08450547223
"888","deadwood",0.35061425028291,1166.40516831307,0.936433898893709,4163.74114629708
"889","deadwood",0.661370206167681,1157.16333191954,0.931030431477848,3969.96388281931
"890","deadwood",0.811326779823302,1141.47930323345,0.936694496826106,3776.83984958242
"891","deadwood",0.66058967908254,1127.07310167167,0.918098771253587,3584.47463219591
"892","deadwood",0.294230043963019,1146.23718031542,0.940322410219275,3392.99729579387
"893","deadwood",0.26864864850641,1181.88899122233,0.919090068585603,3202.56710009486
"894","deadwood",0.426511055952355,1207.84032948187,0.917194987091188,3013.38257326288
"895","deadwood",0.58989314727443,1201.82111543263,0.85277710441034,2825.6939246783
"896","deadwood",0.825700244145509,1163.46557309762,0.884296155385948,2639.82024008338
"897","deadwood",0.68311753498635,1127.47657109326,0.872314384004592,2456.17360233275
"898","deadwood",0.75496314314059,1102.99333787023,0.865375906375468,2275.29333283968
"899","deadwood",0.699090907121356,1079.88394067563,0.836294200985306,2097.89510151072
"900","deadwood",0.838139534202632,1067.01871205155,0.872123806329361,1924.94183917633
"901","deadwood",0.831400489283575,1040.01034819582,0.868452719099252,1757.74612280945
"902","deadwood",0.873095821653303,995.469006062725,0.885360980905245,1598.11604742695
"903","deadwood",0.82825895528573,937.394390880649,0.895797814066346,1448.55496636196
"904","mix_stand",0.83378378224058,872.467625048588,0.939001198702421,1312.50950503722
"905","deadwood",0.908912631731637,822.517562588081,0.949744670215753,1194.60622455566
"906","deadwood",0.787665846540206,784.869276679412,0.94792800499195,1100.69068468705
"907","deadwood",0.869213758059377,757.98321315756,0.924436944360669,1037.2989229842
"908","deadwood",0.953840349822543,731.627989648499,0.958636256263812,1010.19366882225
"909","deadwood",0.963636362224964,700.034742238188,0.973295222775649,1022.265406853
"910","deadwood",0.793022111287061,673.844537533472,0.915422883497995,1072.19167883747
"911","deadwood",0.794770582803273,655.355572214372,0.897232920174925,1155.07426205766
"912","open",0.68665406292876,643.613656729666,0.894389753145997,1264.44898122507
"913","mix_stand",0.546857886623489,640.503728078273,0.918846479198146,1394.09433752272
"914","mix_stand",0.272675675073185,637.967273155419,0.893595571438404,1538.89568789924
"915","deadwood",0.864727269654924,645.488579767401,0.967824114452709,1660.00490222396
"916","mix_stand",0.296248311968709,980.986249380588,0.608993490553347,6438.88162093376
"917","mix_stand",0.213710073290132,959.29679596922,0.668790461946592,6292.25722066036
"918","deadwood",0.414471743674148,922.559836872673,0.79124183975691,6093.93206244508
"919","mix_stand",0.273161532882997,906.957090328655,0.668530024976793,5895.72287365654
"920","mix_stand",0.500196559478229,913.356969022634,0.841031075274476,5697.64175732246
"921","dec_stand",0.889729727909559,951.132534293241,0.96290783054944,5499.7025516907
"922","mix_stand",0.784742013494088,969.903761692656,0.931020749179093,5301.92115085253
"923","deadwood",0.846412774875614,990.120812081002,0.923774158385301,5104.31589863806
"924","deadwood",0.834041481953533,1024.80398991151,0.918725490495141,4906.9080760492
"925","dec_stand",0.800884519623597,1080.51825011157,0.910305438229141,4709.72250890761
"926","deadwood",0.624447173390913,1137.02889879681,0.86841331131262,4512.78833155736
"927","con_stand",0.399572594900277,1177.60352567604,0.821059351391013,4316.13995490597
"928","deadwood",0.193095822386096,1213.48281717886,0.813877710738478,4119.81830492918
"929","deadwood",0.128472658549743,1216.61170668875,0.849114234308115,3923.87242290873
"930","deadwood",0.362285011523479,1191.65063551544,0.878148138266816,3728.36155532545
"931","mix_stand",0.569017198005421,1175.26755533054,0.914442076556,3533.35791471976
"932","mix_stand",0.331640477041116,1179.03806130861,0.909238901324125,3338.95037251048
"933","deadwood",0.165577395112055,1212.42206260437,0.898098291742274,3145.24946497688
"934","deadwood",0.262948402274556,1246.44087282973,0.861078751724241,2952.39427821886
"935","deadwood",0.273086108384381,1276.13229122677,0.83208495756877,2760.56206621055
"936","deadwood",0.601378460453107,1257.33868719952,0.868707843863047,2569.98191413185
"937","deadwood",0.543557510028127,1204.73927331106,0.888194781946432,2380.95449908949
"938","deadwood",0.835651104258378,1169.31142341183,0.911819282470669,2193.88121480705
"939","deadwood",0.845429974459386,1145.06557507714,0.909806404564832,2009.30794374434
"940","dec_stand",0.896995598606011,1107.11319501051,0.920093074319199,1827.99212554441
"941","dec_stand",0.94646191507285,1065.92213368709,0.920438681468688,1651.0073226448
"942","dec_stand",0.861277639971135,1038.62509567673,0.881400544738685,1479.90821266586
"943","dec_stand",0.683042110422173,984.315613023145,0.807023454717425,1316.99074654427
"944","dec_stand",0.844570022730811,902.945279920423,0.911249062169975,1165.6903984862
"945","open",0.646662475710991,843.855361756253,0.901125199797766,1031.13372256172
"946","deadwood",0.919999998795093,802.243986762419,0.946198381813065,920.691355730037
"947","mix_stand",0.860515969290561,770.806754259864,0.917220147505073,843.884803298356
"948","deadwood",0.790370834905872,747.657839292554,0.956772134335516,810.335560090881
"949","deadwood",0.708574936928855,709.425735061233,0.892968412717525,825.335718739825
"950","deadwood",0.747714986132243,678.364867114318,0.951509329808432,886.424022270788
"951","deadwood",0.812193587361492,661.347545343252,0.920671464119264,985.063051698385
"952","open",0.77138916074202,652.519299737338,0.935185888864724,1096.33087568928
"953","deadwood",0.840754714636308,645.767748562795,0.944177277807919,1311.90650477983
"954","con_stand",0.534175035194995,641.428619253413,0.893083010740054,1415.99841848212
"955","open",0.934117646778331,650.098061954274,0.885718387715957,1469.52929278563
"956","mix_stand",0.47932773015621,978.148668390696,0.769043554413636,6415.01813917498
"957","mix_stand",0.465896805153395,953.885871830971,0.737319023465092,6269.6658727743
"958","mix_stand",0.248550368102235,939.331799931257,0.642645764185221,6070.6025807846
"959","mix_stand",0.208849779699562,941.969403471308,0.601797975642498,5871.60578132291
"960","mix_stand",0.636412775020415,922.522147026343,0.851503996283768,5672.68247203336
"961","mix_stand",0.779233184758408,962.474721202455,0.912740719198506,5473.84066497581
"962","dec_stand",0.905036853438733,1000.27449717979,0.949447018087496,5275.08957671475
"963","dec_stand",0.927985256029801,1024.14973487198,0.938837259989541,5076.43986263549
"964","deadwood",0.792633562540199,1028.67632262531,0.867842231416463,4877.90390795759
"965","deadwood",0.846584764760015,1070.40265979814,0.901006004459588,4679.49619204231
"966","deadwood",0.639926289192216,1127.82304678502,0.858368665602342,4481.23374832357
"967","deadwood",0.429013199144231,1174.12204599051,0.889580858813975,4283.13675039091
"968","deadwood",0.400958230247588,1210.09845735517,0.909286290663466,4085.22926623173
"969","deadwood",0.00972972965742491,1238.59402628862,0.784245366938904,3887.54023933578
"970","deadwood",0.212186731928982,1240.75927644397,0.777590795908654,3690.10477992903
"971","deadwood",0.169877149530799,1226.94891154971,0.771219756271168,3492.96588601518
"972","deadwood",0.344211187244098,1214.72044156768,0.880200713713689,3296.17676929999
"973","open",0.252039311709985,1230.15260153731,0.934096168296489,3099.80404665608
"974","deadwood",0.352800982141597,1261.26902339851,0.923470776994925,2903.93219280648
"975","deadwood",0.431275926581874,1295.65486472062,0.892655306496312,2708.66986779713
"976","deadwood",0.435230069948881,1294.39925591697,0.931973366693329,2514.15909291722
"977","deadwood",0.682011312603164,1244.20498958374,0.956799481815695,2320.58885970804
"978","dec_stand",0.930712528700691,1187.10868456791,0.950845979886354,2128.21582237094
"979","dec_stand",0.986117935421389,1124.75791500007,0.963124986289467,1937.39663900641
"980","dec_stand",0.99270898717181,1068.22071463383,0.963025622702035,1748.64007346454
"981","dec_stand",0.98710073518775,1022.66625965315,0.977145705491085,1562.69373059484
"982","dec_stand",0.986756755872023,987.940319051907,0.932672047287372,1380.69348667965
"983","dec_stand",0.97614079039476,968.302584798586,0.93489803908607,1204.42954632628
"984","dec_stand",0.957690416000033,927.359976878623,0.93708644018346,1036.83160606595
"985","dec_stand",0.985619105852902,875.425063789603,0.960807426256028,882.848937222554
"986","mix_stand",0.90108107939747,832.645499152106,0.941078090330893,750.904742229892
"987","deadwood",0.929950858061305,810.385143982983,0.957691202475632,654.466834271237
"988","deadwood",0.908962914810325,788.801601714417,0.962828524078235,610.597217244371
"989","mix_stand",0.692481570952647,729.100942775717,0.908902090436411,630.368388740656
"990","dec_stand",0.508968057586864,692.385673166786,0.842325335995498,708.472207352388
"991","mix_stand",0.700993084873815,671.753003459094,0.889404336164988,828.573865684254
"992","mix_stand",0.676653893990383,659.740052321862,0.913391096648281,975.279268930881
"993","mix_stand",0.668270179636691,659.305057934128,0.921627069521186,1125.63793554617
"994","mix_stand",0.768275860498047,648.161220795565,0.926702059306673,1311.69329989394
"995","open",0.823681589382798,658.174899732296,0.9721561133565,1429.21462635846
"996","con_stand",0.268423326200852,989.31312129307,0.631719997550962,6397.2246260168
"997","mix_stand",0.505765548996342,982.467487645491,0.764209126269347,6253.39525978073
"998","dec_stand",0.497655501032168,973.505022988935,0.693477063286051,6053.79685000167
"999","dec_stand",0.503647489945155,966.386855014535,0.747722003700136,5854.22869353466
"1000","mix_stand",0.489258371694593,937.068698937813,0.769372870935056,5654.69399352235
"1001","mix_stand",0.636597305901048,949.819621652255,0.906152067794903,5455.19642117695
"1002","deadwood",0.666866027536183,975.900101328581,0.917919408886484,5255.74020437296
"1003","mix_stand",0.655454544350505,1008.0923503894,0.845649636167872,5056.33023715263
"1004","dec_stand",0.78100367028134,1043.49462408768,0.931213577035153,4856.97221604004
"1005","dec_stand",0.939904304653513,1084.56297002911,0.96549564665941,4657.67281124609
"1006","deadwood",0.721770333144012,1124.39298193535,0.915613867057282,4458.43988350318
"1007","deadwood",0.614369643672006,1168.47441991948,0.918243601389293,4259.28276144276
"1008","deadwood",0.542631578293036,1203.98204850922,0.962322035314221,4060.21260009464
"1009","deadwood",0.155030599641391,1233.76566847914,0.909817997416347,3861.24284951068
"1010","deadwood",0.0421291865791644,1259.49006616328,0.930156286841517,3662.38987502863
"1011","open",0.0063636363461685,1264.80683008221,0.952040198530877,3463.67378940135
"1012","open",0.0285189717625025,1253.18044801149,0.903434703552883,3265.11958600353
"1013","open",0.0275119616333663,1251.26643619811,0.92201117536668,3066.75870769998
"1014","open",0.0810526313491914,1271.66750178725,0.913130199438647,2868.63125904828
"1015","deadwood",0.460709913675941,1291.71620901007,0.926987606918068,2670.78919016805
"1016","deadwood",0.366866028047742,1293.61815880588,0.90826219065409,2473.30098552755
"1017","deadwood",0.443500610818514,1249.60362058754,0.896994050076936,2276.25875076979
"1018","deadwood",0.698660285390343,1180.94646406402,0.907014630636887,2079.78924524562
"1019","deadwood",0.83899521407043,1115.9604897385,0.954596391045733,1884.07164872239
"1020","dec_stand",0.960783352822321,1059.69104803265,0.955765236018629,1689.36731325487
"1021","dec_stand",0.982009568149179,998.972739078211,0.960047280014845,1496.07189978921
"1022","dec_stand",0.969545452597074,944.980869932038,0.960632163942145,1304.81171371079
"1023","dec_stand",0.978310891818096,913.649771868964,0.95634776711318,1116.63304436533
"1024","dec_stand",0.980741625277406,894.831353876579,0.971672963226241,933.401506274503
"1025","dec_stand",0.978555690045748,855.440121299342,0.970511580038829,758.70986329118
"1026","dec_stand",0.977296649019399,832.620864174583,0.96747892900731,600.063504952271
"1027","dec_stand",0.976435405420558,831.502867776241,0.973648854223878,473.861827805955
"1028","dec_stand",0.974345164070296,805.491127228941,0.971318272073529,411.15340478187
"1029","open",0.768181816478701,741.687848031806,0.930223972853006,439.980091816883
"1030","dec_stand",0.812918658755969,702.868936821605,0.931397069031685,546.032149809398
"1031","open",0.717135860936915,682.334656023191,0.92560769772588,694.804292255027
"1032","mix_stand",0.796842103984439,668.415165221292,0.925386524870635,864.516147278555
"1033","mix_stand",0.655021724296349,665.732067749857,0.931591673991756,1045.01512032901
"1034","deadwood",0.746305929929111,651.139157488741,0.945555262244331,1235.38775893188
"1035","open",0.699999984353781,660.684356689453,0.934516757726669,1364.11560155747
"1036","mix_stand",0.940000007549922,1011.80800374349,0.967474987109502,6353.71697970282
"1037","mix_stand",0.526049925739195,1020.23596352733,0.729172950164687,6243.49480943976
"1038","mix_stand",0.39063881966457,1010.73346704581,0.750412557887357,6043.56930559802
"1039","mix_stand",0.519874291917125,995.02954607951,0.76509063275991,5843.65175091309
"1040","mix_stand",0.452604421750809,969.162767265001,0.802352268248796,5643.74299012214
"1041","mix_stand",0.348334380402683,956.009234607632,0.771511929092132,5443.84399201832
"1042","mix_stand",0.211498770894853,977.436479423204,0.62039194615782,5243.95587304894
"1043","con_stand",0.486437345308043,1001.4987545154,0.784645778971383,5044.07992658766
"1044","deadwood",0.772067880364501,1029.53362062695,0.883101256424942,4844.21765936155
"1045","dec_stand",0.906216213841183,1076.58751106731,0.973508114969994,4644.37083735867
"1046","open",0.476732185627597,1137.23656011858,0.907929767701198,4444.54154403957
"1047","deadwood",0.158114393080727,1184.09337711394,0.905173675490205,4244.73225499787
"1048","deadwood",0.315454544577317,1215.24359813193,0.908550836475388,4044.94593470185
"1049","deadwood",0.361885606193602,1231.79246711851,0.922219329083363,3845.18616334458
"1050","deadwood",0.371228500372325,1241.34892059251,0.925875323849755,3645.45730532828
"1051","deadwood",0.343710073345416,1249.9774897245,0.915856614745513,3445.76473619599
"1052","open",0.0916656188568478,1250.94985242612,0.923192087020011,3246.11515315016
"1053","deadwood",0.171646191827788,1246.05142541834,0.941892361831314,3046.51700730686
"1054","deadwood",0.376289926020827,1252.99859071774,0.913046708527303,2846.98111727626
"1055","deadwood",0.508636077335614,1258.14051735409,0.921051427131925,2647.52155919786
"1056","deadwood",0.450417689201067,1257.63926400599,0.926812811642519,2448.15699019906
"1057","deadwood",0.547052167454356,1236.91785864887,0.857975747864775,2248.91267256972
"1058","deadwood",0.691056510419825,1187.97000939372,0.866633750260316,2049.82367216504
"1059","deadwood",0.840810809563617,1133.48567668343,0.893142263053205,1850.94010788892
"1060","dec_stand",0.841055938431971,1069.85213982122,0.889034139742872,1652.33616340505
"1061","dec_stand",0.948501227405243,1009.46722817011,0.909742170089,1454.12641426748
"1062","dec_stand",0.953955772714987,934.404641491189,0.925246285883302,1256.49742470617
"1063","dec_stand",0.979308609483678,871.419584397772,0.94773801659204,1059.77414845906
"1064","dec_stand",0.982850121466914,844.669716275002,0.965977803165555,864.575058050814
"1065","dec_stand",0.970961658165823,815.566396237319,0.974478182479468,672.229227313448
"1066","dec_stand",0.932063880982907,795.805183804299,0.952566329618637,486.135325684071
"1067","dec_stand",0.974840293645273,797.08888417087,0.977720602321683,317.484320013742
"1068","dec_stand",0.968698929946127,775.078192671914,0.969931100090669,212.834089758112
"1069","open",0.92746928596471,734.69474518797,0.979176468506492,264.260711771601
"1070","open",0.818427517044493,707.885313666716,0.975665418554729,417.615152387933
"1071","mix_stand",0.618353235644788,686.83660792765,0.891483032472998,599.169779691747
"1072","con_stand",0.558329236833264,668.213990082612,0.817083007699515,789.708650037516
"1073","mix_stand",0.68827803960838,660.390904816783,0.924524925660936,984.026623943826
"1074","mix_stand",0.989999994635582,656.824600219727,0.940476194024086,1072.57412126734
"1075","mix_stand",0.763531298282441,1057.43055570795,0.863528299341232,6203.46913564151
"1076","mix_stand",0.640171989473613,1051.51275687253,0.804011726262235,6039.95337673731
"1077","mix_stand",0.515650533373853,1028.23397894283,0.781710003356727,5839.91191443196
"1078","dec_stand",0.602186730726455,1008.6128158007,0.883520744933177,5639.87046933491
"1079","mix_stand",0.379459459065342,979.45565901396,0.829024203632104,5439.82904334342
"1080","mix_stand",0.367985257329717,995.652946041023,0.696696002951638,5239.78763864644
"1081","mix_stand",0.72250614051206,1028.38792993044,0.869835608403132,5039.74625777549
"1082","mix_stand",0.609830294579436,1056.08330412648,0.787610922591781,4839.70490368317
"1083","mix_stand",0.300393119747281,1086.65560380715,0.792670127105069,4639.66357983153
"1084","open",0.00916461911079925,1139.79377750331,0.91850644996257,4439.62229030877
"1085","deadwood",0.045254556770073,1185.08225820411,0.935471073870086,4239.58103996603
"1086","deadwood",0.0872727272167106,1213.57839635901,0.94614952850826,4039.53983462776
"1087","deadwood",0.591778754457447,1215.00525592873,0.939411859254579,3839.49868132402
"1088","deadwood",0.422432432216604,1208.59619575519,0.950687389445539,3639.45758862914
"1089","mix_stand",0.686953315520499,1208.87294115071,0.935629572600346,3439.41656712173
"1090","deadwood",0.689679445231733,1217.58482428934,0.932328708024987,3239.37562998037
"1091","deadwood",0.78063881812338,1201.84751415956,0.925434276498213,3039.33479386641
"1092","deadwood",0.784520882957544,1210.69422376478,0.925324672672907,2839.29408012678
"1093","deadwood",0.809302324388179,1214.83275170269,0.918494102192105,2639.25351658396
"1094","mix_stand",0.836756755343892,1199.15917376394,0.924979496756408,2439.21314018652
"1095","deadwood",0.91939660428662,1143.06495099694,0.928824615058923,2239.17300108766
"1096","mix_stand",0.921547910107039,1105.53259584769,0.912343374744094,2039.13316912286
"1097","dec_stand",0.961916460447398,1062.71114407476,0.907392272492299,1839.09374450467
"1098","mix_stand",0.982451286707788,997.57134196475,0.946300403248357,1639.05487637474
"1099","deadwood",0.965896803519576,955.363092783335,0.958281627377948,1439.01679679696
"1100","deadwood",0.898353806763192,915.394432499016,0.943234591339818,1238.97988771173
"1101","dec_stand",0.941219357524294,856.634276576495,0.947548870093263,1038.9448252032
"1102","deadwood",0.971916459702157,814.186501805261,0.972996842894126,838.912930184914
"1103","dec_stand",0.943381519221345,790.542020038866,0.960601081176047,638.887177817491
"1104","dec_stand",0.951769039794546,764.591721705781,0.969542494972742,438.875967035317
"1105","deadwood",0.948353806350389,757.022734733413,0.971137962411604,238.915821577543
"1106","dec_stand",0.953563794353187,739.73591702963,0.98053008396621,39.7843189522219
"1107","deadwood",0.89552825352026,714.724409886016,0.979196635339533,161.611203591497
"1108","deadwood",0.600933659679877,701.328305556089,0.926750124503083,361.506482730783
"1109","con_stand",0.65533626503835,687.964242567138,0.879465968095792,561.506063908142
"1110","mix_stand",0.765208843326613,669.23531118482,0.928909316439301,761.527773197768
"1111","mix_stand",0.765333331793874,662.265967065161,0.90399984055823,961.557801527441
"1112","deadwood",0.846283182419375,664.875507591045,0.948404271122629,1131.42775987132
"1113","dec_stand",0.42000000923872,1082.27142333984,0.825902283191681,6142.41718036622
"1114","mix_stand",0.604470045069739,1084.54200287568,0.816687248406872,6042.96094421698
"1115","deadwood",0.47160276474629,1070.52383892795,0.814661856298174,5843.02232503327
"1116","dec_stand",0.754201472432556,1050.56067130724,0.942192502301507,5643.09101688253
"1117","mix_stand",0.57548711368361,1015.91090064106,0.839750560854007,5443.16782538306
"1118","mix_stand",0.290958230555314,1012.07591603722,0.67691287825328,5243.25367898376
"1119","mix_stand",0.523095821842771,1050.67229909686,0.733610344986621,5043.34965331001
"1120","mix_stand",0.425669389371225,1094.57335037049,0.851438733296601,4843.4570014927
"1121","con_stand",0.122383292329656,1142.34622177386,0.764931312906361,4643.5771923654
"1122","open",0.0395331695190738,1177.88539479699,0.901315708125253,4443.71195893949
"1123","deadwood",0.239648019753298,1197.86645239273,0.914504814192906,4243.86336053713
"1124","deadwood",0.254201474029763,1208.80953034722,0.906878725792618,4044.03386338047
"1125","deadwood",0.456467630211697,1199.82299858395,0.926080725164551,3844.22644621048
"1126","deadwood",0.222457002349546,1180.66757232141,0.953965981447433,3644.44474064785
"1127","deadwood",0.440343979782716,1166.98404800453,0.952344704172242,3444.69322027422
"1128","deadwood",0.673714643886335,1174.30330168354,0.921220182810543,3244.97745943582
"1129","deadwood",0.745208844469279,1150.84906883146,0.896406379613009,3045.30449363147
"1130","deadwood",0.749631448394873,1122.82842500204,0.854567839432261,2845.68333126857
"1131","dec_stand",0.832256440745256,1133.56048618511,0.873690055234862,2646.12569637072
"1132","dec_stand",0.952383291475127,1129.65591843064,0.950835020375193,2446.64713359377
"1133","dec_stand",0.986876176821219,1082.53135012681,0.969529277794321,2247.26869951744
"1134","dec_stand",0.98206387998431,1036.56160336806,0.980321792881085,2048.01963747926
"1135","mix_stand",0.978206386606619,989.328459193724,0.9522721138062,1848.94177282399
"1136","dec_stand",0.982803266741321,941.63177179496,0.965432045558651,1650.09706963498
"1137","deadwood",0.960786238591889,900.355096278085,0.972677931848556,1451.58134985122
"1138","deadwood",0.881326779723167,866.953380987744,0.93183095687291,1253.55091932483
"1139","deadwood",0.962488999125494,824.397599273624,0.964298324941615,1056.27875842644
"1140","deadwood",0.930835379521003,795.557922363281,0.974720422773455,860.286661358651
"1141","deadwood",0.92354493862162,782.948717387048,0.960246206425706,666.704492216443
"1142","mix_stand",0.692407861068222,757.08528264676,0.87522622116862,478.466337559582
"1143","dec_stand",0.64771498698073,732.763415474857,0.976937145269327,305.611859067649
"1144","deadwood",0.919497169572965,710.917247414964,0.970679652833249,194.680755579717
"1145","con_stand",0.901302208959214,698.808410344604,0.962050319596649,249.871968679293
"1146","deadwood",0.751228500455069,688.531584343688,0.940240889220185,408.662233144217
"1147","con_stand",0.81030798074043,679.674769470483,0.963153213300022,592.964633664062
"1148","con_stand",0.849803437417057,672.100689337353,0.947837039517097,785.011279309142
"1149","open",0.712924465426443,676.422058263081,0.865021249684616,980.261075621366
"1150","mix_stand",0.593039512351201,677.353586631705,0.863682230589147,1177.12117471803
"1151","deadwood",0.356934305226063,676.160564339074,0.865116466244642,1307.74339116325
"1152","mix_stand",0.219999998807907,1105.69390869141,0.395313590764999,5950.55195964259
"1153","mix_stand",0.359681092440267,1108.98530915766,0.768268421971173,5852.97207414253
"1154","mix_stand",0.382457001999716,1092.15162280033,0.825816400880017,5653.39252375145
"1155","dec_stand",0.494255184335839,1060.89700672238,0.808625362443519,5453.84684603814
"1156","mix_stand",0.488550367689616,1043.35106604574,0.820092234797135,5254.33890018142
"1157","mix_stand",0.651646190476249,1063.17345644039,0.806600158681741,5054.87315383326
"1158","mix_stand",0.396505341364632,1108.89940055881,0.817818112423179,4855.45480775704
"1159","deadwood",0.0151597051000273,1165.60262679116,0.835084095487431,4656.08995235891
"1160","deadwood",0.00739557736299255,1217.88711405386,0.867126402969149,4456.78576601613
"1161","deadwood",0.0285103708402605,1230.17981417384,0.901942775524464,4257.55076883832
"1162","deadwood",0.191302211250405,1226.97005948153,0.868711828810211,4058.39515076153
"1163","deadwood",0.229264613088761,1211.15940326568,0.939765189163794,3859.33120055549
"1164","deadwood",0.281203930318832,1188.48513554004,0.940872975499243,3660.37387390443
"1165","deadwood",0.39695331604387,1159.23948793153,0.939801971654634,3461.54155590634
"1166","deadwood",0.675449401641289,1133.01222061167,0.919971486987894,3262.85710001105
"1167","mix_stand",0.769582308860866,1080.52291678914,0.835447583686222,3064.34926733107
"1168","deadwood",0.795823094643268,1018.23014074227,0.828056020273184,2866.0547577764
"1169","mix_stand",0.786473914891912,1015.34857868264,0.811953151098667,2668.02113601012
"1170","mix_stand",0.842014740278409,1032.05789090843,0.832204111268245,2470.31114539439
"1171","dec_stand",0.954544310259564,1026.82589854031,0.925084523552248,2273.00923736266
"1172","dec_stand",0.973046681823104,986.701221925328,0.953351964321178,2076.23175401969
"1173","dec_stand",0.982309580691324,936.81265723676,0.975724655960936,1880.14336284273
"1174","dec_stand",0.986524197138907,895.151008457301,0.97528376072027,1684.98465822315
"1175","dec_stand",0.983120391799791,864.487521497272,0.975421490298735,1491.12071851468
"1176","dec_stand",0.96353808245839,834.720166068112,0.951974431844543,1299.13131016066
"1177","dec_stand",0.934355749766794,801.7666398869,0.951956355669152,1109.98954499689
"1178","deadwood",0.8747911528119,774.524457776869,0.928663398132314,925.443074448035
"1179","deadwood",0.788309238317214,752.614543730174,0.939342143586565,748.896817421753
"1180","deadwood",0.807371005782038,738.266801126466,0.937670844449165,587.606558244329
"1181","deadwood",0.780491398679463,725.166051691229,0.961350484433097,457.984668372527
"1182","deadwood",0.92175989739461,720.892498522266,0.973543012726614,392.749170132859
"1183","deadwood",0.735012283260392,706.852488749736,0.968463680063917,422.832507977206
"1184","deadwood",0.863587222137564,695.563490209181,0.95083601192482,532.312139568626
"1185","mix_stand",0.743004398192159,690.705056143137,0.881336960887699,684.074968852591
"1186","mix_stand",0.535159704241105,701.318214622704,0.865706111540153,855.91727229708
"1187","mix_stand",0.457950973083657,703.959231929911,0.848448870903774,1037.9131254255
"1188","mix_stand",0.13559409075428,694.717237214056,0.729711074604579,1225.54738779686
"1189","deadwood",0.535188679144068,686.303084607394,0.888039511646021,1360.07264627253
"1190","mix_stand",0.546666661898295,1131.83439127604,0.640640050172806,5766.44217426446
"1191","mix_stand",0.504831931459866,1123.38059407723,0.766918106458518,5670.73641303467
"1192","con_stand",0.342570378993395,1108.76162723462,0.71934674501492,5471.82314242303
"1193","mix_stand",0.674665070713707,1093.26736764132,0.856364686496591,5272.99526381996
"1194","mix_stand",0.649569376656991,1086.45922975677,0.818513777909096,5074.26281513218
"1195","mix_stand",0.317503059577001,1126.79460355089,0.812141609837551,4875.63746562658
"1196","deadwood",0.0144976075765405,1176.40344347794,0.871995107890174,4677.13285997743
"1197","deadwood",0.00320574157742079,1230.90518670333,0.956328317451705,4478.76505277021
"1198","deadwood",0.00176254589215486,1258.17602658593,0.96118063916483,4280.55306243484
"1199","deadwood",0.0420574162324721,1253.22646569065,0.923396984213277,4082.51958441283
"1200","deadwood",0.00288861686753672,1230.97542180747,0.94853508709548,3884.69191934834
"1201","deadwood",0.0689712916077538,1206.55306138034,0.848083348151599,3687.10319542383
"1202","deadwood",0.460119616405138,1177.37497211073,0.930756676746042,3489.79399871449
"1203","dec_stand",0.901566705398599,1155.68351261881,0.949649794303072,3292.81457837182
"1204","dec_stand",0.902966506173166,1107.40839904347,0.922963594444498,3096.22787531418
"1205","dec_stand",0.958492822379195,1041.91559305145,0.952005816347291,2900.11375267769
"1206","dec_stand",0.882766216893018,1000.40506130858,0.945980391586199,2704.5750156545
"1207","deadwood",0.801889950788299,973.572864915766,0.896212859088154,2509.74615575969
"1208","dec_stand",0.891627905473131,950.861868028396,0.895319904297627,2315.80634587548
"1209","dec_stand",0.96244019019511,912.540447983445,0.92089947348719,2122.99924894493
"1210","mix_stand",0.978301434349892,879.377456007962,0.945083442879351,1931.66407654477
"1211","dec_stand",0.977870255280081,852.972750790992,0.951710065382201,1742.28582969295
"1212","dec_stand",0.964617223153559,829.336329117916,0.950410195710984,1555.57938858787
"1213","mix_stand",0.980741625219477,807.710737529554,0.965402413373501,1372.63544692626
"1214","mix_stand",0.797968174683128,787.891880665736,0.914877238193233,1195.18300699086
"1215","deadwood",0.815909088820968,775.634019660037,0.924384538030795,1026.0751845355
"1216","deadwood",0.666927783441077,770.922965713931,0.885179189593512,870.190589742858
"1217","open",0.621937797520684,765.820966364664,0.932621860110232,735.979996105862
"1218","deadwood",0.754473682818266,737.630618848299,0.88711816712804,637.287188691976
"1219","dec_stand",0.900465113985166,719.389952828864,0.965100160427164,592.145996407987
"1220","mix_stand",0.69444975965438,706.928373820474,0.877355709413521,612.513114329719
"1221","deadwood",0.806794256555656,709.47239995345,0.891889041245126,692.633570759917
"1222","deadwood",0.789522641419343,720.999155369062,0.963489022584703,815.072834411379
"1223","mix_stand",0.621076553895107,732.390627336274,0.952357774220278,963.835930726669
"1224","mix_stand",0.416279068834523,730.555914478465,0.813216135727067,1128.56067236948
"1225","mix_stand",0.253461291392644,712.882781377147,0.715161163355114,1303.20842345336
"1226","con_stand",0.807809521222398,697.982186163039,0.934740487734477,1415.12996838224
"1227","dec_stand",0.622723004312862,785.169899237548,0.959528295087143,2676.16143391442
"1228","dec_stand",0.914999998767268,789.226980729537,0.966977625407956,2835.90707377833
"1229","con_stand",0.0466666668653488,1140.41192626953,0.89447553952535,5592.8421170678
"1230","con_stand",0.385764190723802,1146.97970527749,0.766239695267256,5497.02513798232
"1231","deadwood",0.468402947479955,1147.44107513053,0.851063703179945,5299.1428185805
"1232","deadwood",0.329312038692561,1140.51070702105,0.844405232569436,5101.42895855753
"1233","con_stand",0.138680075148342,1161.06355436218,0.81390888214411,4903.90393360822
"1234","deadwood",0.0416461914704531,1212.38092603379,0.805988602175467,4706.59151874151
"1235","deadwood",0.00083538083043819,1259.12432051525,0.915339562611732,4509.51962207066
"1236","deadwood",0.0033689503031733,1287.80698351138,0.851129257682732,4312.72121550951
"1237","deadwood",0.00132678131543155,1280.57409945401,0.857512924994093,4116.23552616786
"1238","deadwood",0.00248900063378042,1250.42221558461,0.949221066863637,3920.10957682655
"1239","deadwood",0.0445945945314386,1222.89822305215,0.889853723887217,3724.40019936506
"1240","deadwood",0.277272726653981,1206.05553719335,0.926340536930637,3529.17669704941
"1241","deadwood",0.44098051420122,1197.61655996192,0.933403757253883,3334.52440929364
"1242","dec_stand",0.914864863124871,1170.24955145909,0.965065945058841,3140.54955008733
"1243","dec_stand",0.982235870559766,1128.42577990033,0.985988829770018,2947.38587228265
"1244","dec_stand",0.987278440364272,1080.72066376481,0.981964805866472,2755.20399369581
"1245","deadwood",0.964447173543952,1039.05001347422,0.957138468980496,2564.22467361273
"1246","dec_stand",0.858101820988823,996.490544844843,0.904229183248721,2374.73806340637
"1247","deadwood",0.89383292268202,955.870691135416,0.93016899300222,2187.1321692879
"1248","dec_stand",0.971056509035335,927.976747517504,0.94241380819671,2001.93579946193
"1249","dec_stand",0.945744812942803,899.949066296379,0.921803262681799,1819.88470169982
"1250","mix_stand",0.946142503813239,865.458248354,0.932913335118013,1642.02535694461
"1251","deadwood",0.949533168363776,838.586627069797,0.95475044006285,1469.88019282166
"1252","deadwood",0.963720928214954,817.164257804827,0.96509394467364,1305.71124398774
"1253","deadwood",0.936044224320524,806.316136728048,0.955447507285369,1152.93082494292
"1254","dec_stand",0.789113762799597,799.332217462853,0.901396790436234,1016.68612880689
"1255","deadwood",0.916216213576477,765.992136399928,0.967506629902256,904.480759817944
"1256","mix_stand",0.899557737715963,728.737787382609,0.935844961654496,826.168123442713
"1257","mix_stand",0.614959143963833,727.975743723545,0.828243697100769,791.868457782156
"1258","mix_stand",0.596044224940918,732.073074640747,0.897091346502268,807.21193225459
"1259","deadwood",0.761081079602315,739.622803259247,0.928253538586218,869.574675116672
"1260","mix_stand",0.7096165917781,757.965350752278,0.873241298308094,969.929219325931
"1261","open",0.700786240041915,767.802318151226,0.891843116208362,1097.90656626517
"1262","dec_stand",0.721458200648624,754.427875665057,0.881811560623905,1245.01748133224
"1263","mix_stand",0.654686397638558,724.750739389948,0.891481425768057,1405.26573722093
"1264","con_stand",0.995999997854233,704.099389648438,0.956292623281479,1452.25723914846
"1265","open",0.0463448278349021,754.242705246498,0.989356775530453,2573.61389572647
"1266","open",0.00539752007900234,771.600882343095,0.996243431370768,2681.16288072276
"1267","open",0.141450777051517,766.161180486333,0.99285434209621,2703.31957315375
"1268","deadwood",0.00999999977648258,1178.66833496094,0.890263110399246,5423.54827202599
"1269","deadwood",0.0541418294162936,1199.34914907081,0.854187139519562,5332.6713852017
"1270","deadwood",0.0566830465739424,1202.34207903138,0.868725804845443,5136.24820799242
"1271","con_stand",0.018931489543185,1200.0594239202,0.844822349074799,4940.11546605215
"1272","con_stand",0.0550122848215355,1248.59986618754,0.781540108309185,4744.3091798449
"1273","deadwood",0.00916461907418706,1299.42525142885,0.857698930020121,4548.87150645069
"1274","deadwood",0.00349465742154664,1314.51219567587,0.824098055895434,4353.85208552763
"1275","deadwood",0.00157248154191039,1294.76702131042,0.84126600284468,4159.30974986084
"1276","deadwood",0.00993086102153429,1261.40895288684,0.872385357420524,3965.31471891993
"1277","deadwood",0.00872235864638843,1236.49769176136,0.91191529740719,3771.95143884669
"1278","deadwood",0.00749385747280548,1220.10016881394,0.855429614333468,3579.32229703714
"1279","deadwood",0.299886863161227,1205.48448088123,0.955488238766986,3387.55253350204
"1280","con_stand",0.890982799117593,1177.76522827148,0.948818504517436,3196.79680938249
"1281","dec_stand",0.916511054249155,1147.25639819396,0.965907102427846,3007.24809847725
"1282","dec_stand",0.914544309659772,1122.53390332215,0.993718746920789,2819.14987596993
"1283","dec_stand",0.76739557667267,1103.28576082797,0.927231457770896,2632.81304550281
"1284","mix_stand",0.668082966089324,1077.72285174664,0.801073701875454,2448.63975586135
"1285","dec_stand",0.912481570863497,1036.45198741416,0.952416170141328,2267.1573362679
"1286","dec_stand",0.938108106214709,998.849897567412,0.925954639032959,2089.06719201923
"1287","dec_stand",0.927391576385775,960.802879654784,0.906749616809644,1915.31581994077
"1288","dec_stand",0.965626533891484,906.486587974305,0.952225017606187,1747.19811681143
"1289","deadwood",0.974447172565308,863.307724936295,0.966712266060293,1586.5060480777
"1290","deadwood",0.968472656319158,829.871200283393,0.979845054152625,1435.73508478549
"1291","dec_stand",0.793071251600541,800.137383875741,0.950597319596376,1298.34611666478
"1292","deadwood",0.882036453542621,771.85470974273,0.961286845576606,1179.02657115801
"1293","mix_stand",0.755773953786829,747.850531725684,0.864697865549136,1083.76117488223
"1294","mix_stand",0.842496877050169,748.551094426644,0.883520546404739,1019.31669499242
"1295","open",0.362905177755611,755.160280495742,0.969270431121565,991.719908544586
"1296","deadwood",0.52218673125605,760.283333030907,0.937754023197755,1004.01386499609
"1297","dec_stand",0.777125305557939,770.927858619784,0.914154419918025,1054.80468190674
"1298","dec_stand",0.770911375113361,788.39364353566,0.917538880899146,1138.95373241849
"1299","deadwood",0.765061423301477,791.728607327698,0.934277320925961,1249.74073468826
"1300","deadwood",0.689754869290151,765.745132148978,0.919110624446275,1380.76855953182
"1301","mix_stand",0.750962097284658,739.229063517846,0.947863616852997,1519.23098771055
"1302","mix_stand",0.687562187494182,755.566968775507,0.967817427803628,1738.63651442324
"1303","mix_stand",0.8890039827452,756.158690555162,0.959647324336952,1839.64893202282
"1304","mix_stand",0,752.957611083984,0.669685989618301,2497.43246665591
"1305","mix_stand",0.596981131013221,761.126197985065,0.957886364406828,2561.27943002614
"1306","open",0.0582103610003668,773.409420666178,0.990897704307662,2670.18967357699
"1307","open",0.148525345246501,769.195485479821,0.981131921131765,2549.64422820218
"1308","con_stand",0.0314285707260881,1241.775390625,0.850099929741451,5269.31914079706
"1309","deadwood",0.101992480876975,1253.68834600234,0.815814671239683,5178.56620771559
"1310","mix_stand",0.0335637962458495,1248.56011406631,0.804095978972149,4984.09890810023
"1311","deadwood",0.0356265355212756,1274.96468403884,0.889712196822834,4790.09076582266
"1312","con_stand",0.032285012140028,1321.47275635066,0.895908567020143,4596.59992004573
"1313","deadwood",0.00598365801318047,1319.27190866716,0.851139417090257,4403.69455867644
"1314","deadwood",0.00149877149730701,1289.22444823919,0.850221587523489,4211.45513668219
"1315","deadwood",0.00462602131832028,1255.75141098243,0.909930192172939,4019.97719290202
"1316","deadwood",0.00137592134516714,1229.52954326508,0.942640491250985,3829.37495625338
"1317","deadwood",0.00557739561748592,1210.48987408762,0.883809862351754,3639.78600204218
"1318","deadwood",0.0386423630526349,1188.22129536934,0.933615456355735,3451.37731734325
"1319","deadwood",0.694078622298905,1165.40640236295,0.972890243044064,3264.35327340833
"1320","dec_stand",0.821081079693662,1139.75621786282,0.963036736963129,3078.96620011116
"1321","dec_stand",0.679773725948568,1120.45380056826,0.984044745330313,2895.53053690407
"1322","dec_stand",0.95226044027954,1102.39894557644,0.989241133926834,2714.44192785595
"1323","open",0.494506599335907,1094.87890018868,0.945926088795281,2536.20317208669
"1324","mix_stand",0.598230957216068,1081.91598758182,0.864962703097584,2361.45966328959
"1325","dec_stand",0.872481570412068,1043.24853324421,0.913925150761733,2191.04783456871
"1326","dec_stand",0.95446888562046,974.578545494247,0.949231020708192,2026.06099271164
"1327","dec_stand",0.986093364106789,912.372242658085,0.966245330082989,1867.93718839019
"1328","deadwood",0.946191644369274,867.197491320111,0.945913919542873,1718.57184723106
"1329","deadwood",0.972394718230707,830.684219139766,0.978053306087168,1580.45016028874
"1330","mix_stand",0.866216213833678,791.129952358086,0.932279489312037,1456.77379332865
"1331","mix_stand",0.76530483829608,764.080623566767,0.898432073954289,1351.51423277149
"1332","dec_stand",0.792063880377708,770.856120304042,0.836663202426101,1269.26168244291
"1333","mix_stand",0.888115181772926,781.851861604221,0.920927407590585,1214.69888297624
"1334","dec_stand",0.896499998873333,794.300853252411,0.955119827606419,1191.63551253066
"1335","dec_stand",0.86530712370461,795.515196179289,0.958724338973184,1201.88629818311
"1336","open",0.928624077565071,806.192907010015,0.967344271517942,1244.62838365127
"1337","mix_stand",0.555147704839856,815.297376478041,0.884832746786546,1316.70141398994
"1338","mix_stand",0.622063880685616,799.038206058287,0.869171626801792,1413.62621451694
"1339","mix_stand",0.679817588413771,764.967756896376,0.91232708347931,1530.68912443994
"1340","mix_stand",0.651889594354827,758.173724326359,0.935312934933653,1663.64448651306
"1341","mix_stand",0.912906974943918,761.81780473576,0.976106782118941,1808.99154775105
"1342","dec_stand",0.929884465351529,768.437781827288,0.981001992204223,1963.98103927812
"1343","mix_stand",0.935788574273629,758.53279039622,0.976134886928633,2134.90325797181
"1344","mix_stand",0.8513341192354,750.486832403658,0.94419504480421,2315.49602586123
"1345","open",0.847264768323439,752.797072663088,0.95278421939941,2468.1444029429
"1346","mix_stand",0.818820636929985,771.154031514536,0.971015350394299,2680.71539188533
"1347","con_stand",0.716731614273423,792.292629354634,0.968843685799073,2530.3681687902
"1348","deadwood",0.906548186764885,803.292246799639,0.978975945682617,2387.3260132971
"1349","dec_stand",0.879252335021847,797.241000380472,0.951627694905918,2231.01820138137
"1350","open",0.50700854561013,795.36435432108,0.947691143577934,2108.88865804365
"1351","deadwood",0.0144444445355071,1284.41805691189,0.712396081950929,5129.19924383136
"1352","con_stand",0.107401574488439,1293.44572538174,0.794479334161455,5035.6506291751
"1353","con_stand",0.0517690415729835,1307.55511812027,0.862728992408411,4843.70764213764
"1354","open",0.0241523339923389,1326.37304387573,0.930544372455787,4652.44708682639
"1355","deadwood",0.0101822751646219,1309.43407972948,0.877519884493874,4461.9567208483
"1356","deadwood",0.0177886976839869,1270.2358198986,0.900134012212917,4272.33956650213
"1357","open",0.00887492134239897,1218.2709054809,0.949895544051375,4083.71726176763
"1358","open",0.0322850121262984,1181.28485842243,0.976736320214717,3896.23429561857
"1359","deadwood",0.126167075726815,1177.77640595307,0.914498465927432,3710.06339681479
"1360","con_stand",0.0142551854084229,1168.40032609883,0.776873110432358,3525.41243546334
"1361","deadwood",0.0537837835335395,1150.76375892883,0.895804020033861,3342.53331794061
"1362","open",0.429312038439022,1121.68677875041,0.936872895889405,3161.73351702001
"1363","mix_stand",0.85249528456491,1092.00981004908,0.953178440940073,2983.39108958233
"1364","dec_stand",0.968501226990243,1071.49022395253,0.983024763973105,2807.97429899018
"1365","dec_stand",0.973903202920646,1066.32143982816,0.987248713531111,2636.06726845023
"1366","dec_stand",0.890982800087816,1073.54201198269,0.951370939026594,2468.40339762293
"1367","dec_stand",0.839828008213778,1057.00644640723,0.905033553344099,2305.90843976535
"1368","dec_stand",0.920703958197819,977.820266618135,0.922690310113315,2149.75483284226
"1369","dec_stand",0.973636362440793,914.558377315137,0.96060281530645,2001.42740553139
"1370","dec_stand",0.957371005225533,861.871712424538,0.930343362491312,1862.79660387899
"1371","dec_stand",0.948057823196887,820.193649474215,0.955696529670754,1736.18674823193
"1372","dec_stand",0.904324322376007,786.774990222378,0.942597127690233,1624.41108452796
"1373","deadwood",0.937976114213054,792.187626251854,0.950862121761857,1530.72271421187
"1374","deadwood",0.851818179597286,806.867206920277,0.915200806495159,1458.61111798817
"1375","dec_stand",0.912899261569325,827.52881965356,0.931139077780727,1411.3874268487
"1376","dec_stand",0.904864863404158,837.96639161077,0.935861846491797,1391.58767356642
"1377","open",0.647592136508234,844.791673215074,0.956622798590754,1400.37557361247
"1378","mix_stand",0.760958229550858,851.302703295059,0.915094071747483,1437.22682638894
"1379","mix_stand",0.393538654290753,837.724149175293,0.8775899893997,1500.07461919953
"1380","mix_stand",0.61678132567216,795.62089954723,0.870725418894073,1585.83116540622
"1381","mix_stand",0.753915775162218,776.162232711284,0.898838986078948,1691.01472982972
"1382","mix_stand",0.725798523680511,776.742422792777,0.914766039507102,1812.24580482993
"1383","dec_stand",0.880835378931547,771.22294691681,0.972403457566766,1946.52834734779
"1384","dec_stand",0.971665616949762,793.251193312112,0.975116571564857,2091.3498191794
"1385","mix_stand",0.839385747378669,789.165491614939,0.956254231530706,2244.67129766887
"1386","mix_stand",0.942137590337188,771.605168597997,0.979840242489257,2404.86758724741
"1387","con_stand",0.836404774860156,762.38123437101,0.95005207084995,2570.65374934349
"1388","dec_stand",0.897223585104474,785.066523596461,0.937112065366211,2557.17015346072
"1389","dec_stand",0.92087994752385,819.039983091228,0.973387308086261,2399.09290720255
"1390","mix_stand",0.767862406433434,844.771832140423,0.972880447196433,2247.71189795431
"1391","dec_stand",0.916953315335973,829.162369149323,0.986480599722347,2104.47266321093
"1392","mix_stand",0.732754715574238,796.946969028689,0.980203268944092,1977.39772166405
"1393","con_stand",0.120000000046173,1321.84368982449,0.848736389422081,5003.99094061554
"1394","open",0.0689665888318186,1331.98124679411,0.90047413305247,4904.90288102889
"1395","deadwood",0.0242822964689093,1329.49108930524,0.926964531175828,4716.12461028992
"1396","deadwood",0.0362301099648747,1302.9087837434,0.9003324197147,4528.31361168465
"1397","deadwood",0.0217942581222388,1266.81693278774,0.892948540399947,4341.5954153112
"1398","deadwood",0.0186291308423807,1224.0494528949,0.862286639284694,4156.11730984903
"1399","open",0.0600478468133074,1179.21595004871,0.93480526674628,3972.05302012333
"1400","open",0.0798086122961706,1141.19232279946,0.954629230745244,3789.60856218184
"1401","deadwood",0.208470011784295,1128.39142824357,0.950407198275755,3609.02960266041
"1402","dec_stand",0.598899520479107,1124.69924503308,0.962741978234794,3430.61074003311
"1403","dec_stand",0.8703588498177,1098.03807746851,0.963539324558238,3254.70723487846
"1404","dec_stand",0.868959606970538,1053.97636796445,0.944487044995826,3081.74984031435
"1405","mix_stand",0.707105262396617,1028.7847878123,0.946446609607581,2912.26350630246
"1406","dec_stand",0.901077110511838,998.809608188662,0.953042246647535,2746.89081333093
"1407","deadwood",0.927272725730029,998.933477958424,0.930482057649553,2586.42094580448
"1408","dec_stand",0.917129185113111,1002.05830029209,0.930705521344853,2431.82467207798
"1409","dec_stand",0.939779680974626,945.600890590336,0.933862888736416,2284.29484105162
"1410","dec_stand",0.954377988865822,886.458014164245,0.939869301741203,2145.28980891446
"1411","dec_stand",0.939832534391487,837.299725582725,0.954395418924293,2016.57322353186
"1412","dec_stand",0.878359851754536,812.630197812177,0.942203870437574,1900.23696567749
"1413","dec_stand",0.932129185040744,808.857928116356,0.942003166668438,1798.68486506144
"1414","deadwood",0.947760096547106,832.347677765453,0.95902086168783,1714.54592241321
"1415","deadwood",0.932368419560911,868.535794052781,0.940268955055321,1650.4853693685
"1416","open",0.822200955475489,893.731256840902,0.948991539571702,1608.90333677562
"1417","deadwood",0.884504282867566,897.269255247081,0.958258404342898,1591.56265909052
"1418","deadwood",0.879593299728546,904.662454011908,0.958490902139097,1599.25207726915
"1419","deadwood",0.262775119019752,885.09469943982,0.847228629688362,1631.61774738629
"1420","deadwood",0.247392900488733,841.766841108679,0.868524944172623,1687.24020180828
"1421","mix_stand",0.55782296567371,807.928009033203,0.833920824793769,1763.9207129775
"1422","mix_stand",0.792190941144123,798.510570325349,0.886952994694543,1859.05535764284
"1423","con_stand",0.812870811889367,800.023669375187,0.945956793252789,1969.9723657747
"1424","mix_stand",0.739928228223616,792.516167672627,0.95765715577243,2094.16550899149
"1425","mix_stand",0.900611993477132,825.977930785685,0.954913800611928,2229.4171871064
"1426","dec_stand",0.879330142049128,837.181655664763,0.878875198831969,2373.8379403935
"1427","dec_stand",0.896650715829118,809.446550068102,0.921862475734436,2525.85547850077
"1428","dec_stand",0.79674418399172,784.31819797175,0.878832279267918,2614.48740775046
"1429","dec_stand",0.886291864065177,795.978209317586,0.916886312486025,2443.77516399687
"1430","dec_stand",0.953684208638775,838.037519027729,0.987257279519498,2277.84199684711
"1431","dec_stand",0.897799040841465,875.074417077754,0.988007531033464,2117.81154415953
"1432","dec_stand",0.945382773573176,864.270190626811,0.983150504672071,1965.12640154713
"1433","con_stand",0.946625462158759,808.592899770466,0.975482355181602,1821.63450643598
"1434","mix_stand",0.845555553040295,775.561632509585,0.931681317311746,1717.39385178069
"1435","con_stand",0.914421766818989,811.947309844348,0.864868773743003,5859.99355714088
"1436","con_stand",0.646794054641402,810.687886232024,0.788201800838208,5907.94396050475
"1437","open",0.845676996300018,811.344672546885,0.895211744235486,5943.00893249206
"1438","con_stand",0.901897531009829,817.86513992686,0.947868169796082,5977.3178040257
"1439","mix_stand",0.909782832239937,827.663555030862,0.956007378732529,6021.63466310158
"1440","mix_stand",0.681797754479928,827.527233338088,0.941921402229352,6054.0269955261
"1441","deadwood",0.0236697246687948,1334.76254048479,0.949683562331243,4913.82038121759
"1442","deadwood",0.0342260439736032,1319.5797549536,0.907586989041043,4787.32005428862
"1443","deadwood",0.018629792433801,1290.82095875911,0.895032625689887,4602.41513471561
"1444","deadwood",0.0186240784457773,1267.66117142811,0.902620978323921,4418.82910390581
"1445","deadwood",0.0343431800763087,1234.88973321921,0.89616868077847,4236.7334154932
"1446","deadwood",0.0614496314582353,1195.91228280782,0.879671949792553,4056.32878666264
"1447","deadwood",0.0885749380962342,1158.76564764449,0.897273237164835,3877.85123801657
"1448","deadwood",0.0339409174838956,1128.64642928607,0.891844873268,3701.57953176333
"1449","deadwood",0.374864864206578,1101.25781714887,0.920829104978124,3527.84433370288
"1450","deadwood",0.575651104880053,1078.7824527075,0.905175927120286,3357.03947888319
"1451","deadwood",0.445681959961961,1073.87446622051,0.894467477432068,3189.63576129879
"1452","mix_stand",0.585307124105147,1061.9556797037,0.897163946392056,3026.1976676644
"1453","mix_stand",0.824638590905031,1012.89271178087,0.938489719504159,2867.40338368982
"1454","mix_stand",0.904004912109501,947.677005702213,0.903954112343948,2714.06812973011
"1455","mix_stand",0.762628990978332,922.171896482276,0.817012662187145,2567.17028414678
"1456","dec_stand",0.885757383987036,883.867619081086,0.869375698338658,2427.87860688165
"1457","dec_stand",0.936683044995408,862.229813784288,0.917108080969982,2297.57689721988
"1458","dec_stand",0.935380834111308,855.828014326916,0.932030724695625,2177.87935259115
"1459","dec_stand",0.950672531918412,860.315515888629,0.944346731785032,2070.62578877561
"1460","dec_stand",0.910810809289574,850.994381841336,0.92785545303063,1977.84166371456
"1461","deadwood",0.912658704195399,877.85036588869,0.954853081819323,1901.64611407283
"1462","deadwood",0.89385749217974,922.372626752174,0.931240156274609,1844.09653935379
"1463","mix_stand",0.565454545030393,964.655456055587,0.775767041214671,1806.97536136242
"1464","dec_stand",0.703934631721918,975.25200491473,0.794557623635441,1791.55286650737
"1465","dec_stand",0.629434888134424,961.665960663367,0.886911341897612,1798.38738796674
"1466","deadwood",0.340171989158748,905.754057563201,0.947978500249345,1827.22919407308
"1467","mix_stand",0.578353236014367,856.506157146768,0.881108710950909,1877.06410782834
"1468","mix_stand",0.323218672977948,829.33348503394,0.831238578501585,1946.28019792891
"1469","mix_stand",0.756706472160792,827.717700318073,0.943788201675184,2032.89875781376
"1470","dec_stand",0.872063880429331,822.544012983542,0.948914920101148,2134.80254751566
"1471","dec_stand",0.86997542901912,823.208934999508,0.950463275358777,2249.91561639888
"1472","dec_stand",0.725128848801088,843.840435380534,0.960721593507051,2376.31909717537
"1473","mix_stand",0.820835379293275,859.970507422595,0.97479512794195,2512.30938160909
"1474","dec_stand",0.679901718988063,830.195080131512,0.951745811309803,2700.37756503547
"1475","mix_stand",0.752407289240661,809.912358157519,0.866923254346188,2519.62231451181
"1476","dec_stand",0.797690415933399,814.470931519454,0.909074108727295,2342.00528045626
"1477","dec_stand",0.933878062188738,853.03691222876,0.984412811073696,2168.29780506087
"1478","dec_stand",0.860171988359321,875.176069142484,0.985624853567351,1999.51907242734
"1479","dec_stand",0.918329235884826,866.655928815612,0.98168962886351,1837.02808426304
"1480","mix_stand",0.916455058028569,809.360720458831,0.979265913695078,1682.64742460614
"1481","dec_stand",0.858071064762456,768.942210137743,0.968640113139112,1582.42222877186
"1482","con_stand",0.870406503115243,805.717229331412,0.930245596037163,5725.31792294122
"1483","con_stand",0.866507235485439,800.39333271005,0.897406578096787,5738.90735886701
"1484","con_stand",0.793415231639359,798.326479075289,0.871379290663932,5770.16197450833
"1485","con_stand",0.802776411267258,807.274173371036,0.900437267491461,5808.14224568031
"1486","con_stand",0.729402890090557,814.148569276092,0.852081683070395,5852.71723865235
"1487","dec_stand",0.829380529548311,812.840174557601,0.885713783369272,5903.73757891792
"1488","con_stand",0.950476189454397,812.157046363467,0.950071578934079,5864.0044165008
"1489","deadwood",0.00821192039559219,1328.61013490791,0.889242789208494,4963.85486263314
"1490","deadwood",0.0301618120768695,1305.27458345975,0.913446442903438,4865.70343604952
"1491","deadwood",0.0703456941067161,1277.98514233199,0.962386812225668,4683.89374803675
"1492","deadwood",0.0191154789902654,1261.10617965211,0.907078910518337,4503.63022616285
"1493","deadwood",0.0117661846856663,1240.55259473454,0.788367555734873,4325.10619995815
"1494","mix_stand",0.00970515967129343,1211.14451617867,0.762204154611952,4148.54624218599
"1495","deadwood",0.0846683043409917,1183.07203828029,0.852377877179396,3974.21213096886
"1496","deadwood",0.205505970647731,1158.03511075176,0.873292338957695,3802.41003260586
"1497","mix_stand",0.520565109510496,1135.97386053212,0.927990451656483,3633.49912699439
"1498","dec_stand",0.465945945045835,1118.56600479763,0.908002269218609,3467.90190336617
"1499","con_stand",0.414330608674485,1098.67535734147,0.848584785842056,3306.11632773887
"1500","mix_stand",0.486265355052944,1066.06358491115,0.864507153630257,3148.72999626183
"1501","mix_stand",0.418227529414303,1019.67893136994,0.840165959716799,2996.43619351496
"1502","mix_stand",0.809312038137337,961.160206862691,0.915161465470855,2850.0514012651
"1503","mix_stand",0.779508598171705,928.96933133362,0.843455281580903,2710.53315299877
"1504","dec_stand",0.845455687064596,939.249020368479,0.849299815317732,2578.99608621717
"1505","dec_stand",0.838009827227975,936.789726426033,0.852063326819523,2456.72251333154
"1506","dec_stand",0.725749384689646,924.998523496586,0.846591218299157,2345.16184043139
"1507","mix_stand",0.846335636771452,926.854466752988,0.889149273119956,2245.91105426089
"1508","mix_stand",0.9271253060998,911.21968108606,0.930362405552911,2160.66719440687
"1509","deadwood",0.944890004969632,916.892374648904,0.963351695062528,2091.14390748243
"1510","deadwood",0.896535624898696,945.967742807449,0.928022883832455,2038.94992927242
"1511","deadwood",0.880687958512831,997.577835945298,0.936353812428965,2005.43876540812
"1512","dec_stand",0.853526082753873,1031.59083772919,0.901770546292449,1991.55374643723
"1513","deadwood",0.536732185252139,985.964778965755,0.916422233644516,1997.70414814144
"1514","deadwood",0.201941031656006,924.228781022955,0.910035442441922,2023.70730527935
"1515","deadwood",0.258453802379477,878.333350353613,0.881731101302963,2068.81475892599
"1516","mix_stand",0.562309581406543,873.773214579214,0.897206635710941,2131.81415967932
"1517","deadwood",0.843947201536408,870.644351827357,0.95197248219095,2211.17673906916
"1518","mix_stand",0.901081079484424,847.13935522131,0.956239584494721,2305.2130892177
"1519","dec_stand",0.866216214964079,861.348837400244,0.923063147456113,2412.20771437587
"1520","dec_stand",0.723746070269516,878.454162559294,0.929277273561129,2530.5174536375
"1521","dec_stand",0.833292381101144,890.37094247429,0.970869827072802,2658.63216039584
"1522","mix_stand",0.898574936919885,867.530798497305,0.960679126056758,2623.93325625472
"1523","dec_stand",0.944186044897882,842.294474641907,0.963341006237632,2437.51569813628
"1524","dec_stand",0.899631447508858,845.809018484205,0.976228111865187,2253.43612825671
"1525","open",0.65739786202506,856.708198935786,0.976024943016971,2072.31767586308
"1526","dec_stand",0.899828007421857,846.182661126814,0.981188873254696,1895.00957129963
"1527","dec_stand",0.966289923848992,830.457283826074,0.983046006182488,1722.68875917298
"1528","con_stand",0.911477056325493,791.211609653974,0.973683286882061,1557.01201237346
"1529","dec_stand",0.90445229550659,760.539256712573,0.971060306781594,1448.63732645149
"1530","con_stand",0.788870430195648,796.834885505347,0.87228774552874,5541.58665420128
"1531","con_stand",0.761965600540289,789.147543679877,0.890838310758627,5573.24834477885
"1532","con_stand",0.812309580280718,799.461196899414,0.898033805658322,5612.56131445395
"1533","con_stand",0.739610306417545,807.077401248109,0.918536780707031,5658.67719062073
"1534","con_stand",0.752751841596545,798.840938296306,0.85942513722042,5711.43118928925
"1535","con_stand",0.96220359182108,807.34925398227,0.968285340320564,5762.57428201534
"1536","deadwood",0.0214054051283244,1285.49371172931,0.942542524595518,4887.64709735521
"1537","deadwood",0.0184787828639281,1265.24448425928,0.92912630437373,4772.37163494533
"1538","deadwood",0.0187960686139232,1250.10585768041,0.908425259044627,4595.5798968244
"1539","deadwood",0.00183532366881499,1238.1093380183,0.858375397251508,4420.77052768792
"1540","deadwood",0.00149877148815396,1226.6826171875,0.858921857335644,4248.18825303112
"1541","deadwood",0.0111056511091293,1215.27608255672,0.850023517815318,4078.1158286906
"1542","mix_stand",0.482086737188882,1194.93150436047,0.940436277170926,3910.88070586605
"1543","dec_stand",0.560810809318864,1164.61546119484,0.960446409359391,3746.86281882593
"1544","open",0.254717444506742,1139.18923582785,0.963435312393038,3586.50358635488
"1545","dec_stand",0.619459458810027,1110.88112407807,0.923865937225703,3430.31614738067
"1546","mix_stand",0.333906633614652,1079.58200455649,0.84637332477902,3278.89671555362
"1547","mix_stand",0.534632305752212,1048.94083303359,0.833403386311438,3132.93670152009
"1548","dec_stand",0.716437345022835,1005.33626839453,0.766597761587224,2993.23486956498
"1549","dec_stand",0.883366091611637,1022.15039122485,0.846729882336073,2860.70821601593
"1550","dec_stand",0.87617850261035,1030.74609006717,0.842584648647824,2736.3994434539
"1551","dec_stand",0.895724813538519,1021.12517661955,0.888908795957483,2621.47787234698
"1552","dec_stand",0.906167074864048,1002.97625428746,0.900800121797098,2517.22952079845
"1553","dec_stand",0.92724072822211,992.840071049372,0.914943732831704,2425.03125539317
"1554","mix_stand",0.941007369122392,969.409579340304,0.953454908413735,2346.3040346393
"1555","deadwood",0.871250783939132,966.727770159786,0.917674449874799,2282.44223592524
"1556","deadwood",0.963636361881724,984.240077700603,0.976306007264287,2234.72065407251
"1557","deadwood",0.935135132662897,1028.14434162112,0.967961457477887,2204.18786566601
"1558","dec_stand",0.884575735971959,1036.32462079176,0.972327169159686,2191.5624099151
"1559","mix_stand",0.799656017951173,994.23517265601,0.915600797760985,2197.15301013162
"1560","deadwood",0.750737099494117,951.594727012391,0.926236614767984,2220.82210166946
"1561","mix_stand",0.353689502941071,925.259463172975,0.820169217701905,2262.00224768449
"1562","dec_stand",0.655307124444359,925.082357345693,0.901613573953326,2319.7610725491
"1563","mix_stand",0.770358263453472,908.806387315675,0.930105067934726,2392.89836867154
"1564","mix_stand",0.807592135737364,879.42373038627,0.947739679302279,2480.05396629877
"1565","dec_stand",0.854471742388328,897.827465947782,0.971871236728216,2579.8074836256
"1566","dec_stand",0.845958515289892,918.535870718102,0.954357703401936,2690.75817070794
"1567","deadwood",0.670098278726421,932.491913329178,0.869712825770735,2753.47502568429
"1568","mix_stand",0.871646189631972,912.483303585568,0.914011524463901,2560.86832658201
"1569","mix_stand",0.830144561761621,887.344108500022,0.885565203195994,2369.49426321746
"1570","deadwood",0.95275184097963,881.989669087478,0.971075522079515,2179.67753326689
"1571","con_stand",0.719170331280611,857.613279523676,0.974490595884185,1991.8634097027
"1572","dec_stand",0.885700244410764,830.965496803677,0.981389190825349,1806.67654687994
"1573","mix_stand",0.885380834043575,802.190630151247,0.961709334842257,1625.01540158867
"1574","mix_stand",0.932646132940058,770.181200182116,0.961723890602776,1448.20736566714
"1575","dec_stand",0.738129494658155,752.324025654964,0.934795513481116,1297.0630374732
"1576","mix_stand",0.823013696972638,797.081015390893,0.930482653722371,5249.43382425614
"1577","con_stand",0.737201644611048,796.249684944728,0.878074721769214,5343.0090828209
"1578","con_stand",0.718157246493773,786.92558704723,0.896945179570512,5376.56563485063
"1579","con_stand",0.764938573675637,785.244067405307,0.893812055074832,5417.3061279046
"1580","con_stand",0.792759269054471,793.259179825606,0.941604549820359,5465.06990182263
"1581","con_stand",0.769557738241897,786.679992075927,0.886313342467483,5519.67463451936
"1582","con_stand",0.834124292567962,794.846385115284,0.947391022866147,5580.91953005024
"1583","mix_stand",0.944684490888195,801.717886368859,0.968536167986253,5616.75167598064
"1584","mix_stand",0.964833835753249,810.305847721158,0.942216956678474,5663.97631649004
"1585","con_stand",0.02743515823176,1246.49029066102,0.879314101738614,4819.07349869318
"1586","deadwood",0.0308373202681185,1229.98069347035,0.877948502836188,4694.25807937729
"1587","deadwood",0.0202937574836003,1209.2230824502,0.861461976276325,4523.26380291032
"1588","deadwood",0.000861244031081074,1206.86144588781,0.848035104073691,4354.74521625202
"1589","deadwood",0.130406698127362,1205.44588014155,0.876226843651117,4189.00111232289
"1590","con_stand",0.678139533519271,1193.86669473636,0.969204564317787,4026.37413716347
"1591","mix_stand",0.857511959738281,1166.11734315425,0.967882790776531,3867.25755782619
"1592","mix_stand",0.566387558881746,1136.62521595932,0.950124596918456,3712.1028134319
"1593","mix_stand",0.467172581893979,1109.21977250696,0.896417930193309,3561.42773746184
"1594","con_stand",0.517272725759261,1087.1835221286,0.875395980463074,3415.82518779059
"1595","mix_stand",0.49483476064397,1063.86188752677,0.853709196044882,3275.97158880311
"1596","mix_stand",0.478205740964263,1036.32295332913,0.844006287722746,3142.63455407159
"1597","dec_stand",0.852894734542229,1071.6071540796,0.927288335511844,3016.678302855
"1598","deadwood",0.885018358105107,1084.30797674956,0.939779559977927,2899.06501790428
"1599","mix_stand",0.859186600893736,1075.93489198822,0.892721937372211,2790.84967810818
"1600","mix_stand",0.803947366992431,1059.394957693,0.878092352728667,2693.16539153691
"1601","mix_stand",0.909204404600503,1042.2799401721,0.897346697191422,2607.19613361738
"1602","mix_stand",0.896028706745989,1024.9157861591,0.900638200716967,2534.13446460701
"1603","deadwood",0.857429619308566,1021.50616918258,0.922825660980609,2475.12368232861
"1604","dec_stand",0.942440190040573,1035.11645799847,0.962596145293644,2431.18714900476
"1605","dec_stand",0.921387557751325,1057.88395931846,0.972534445769479,2403.15180891109
"1606","deadwood",0.879388003241877,1045.74530174974,0.940363009910543,2391.57693423471
"1607","dec_stand",0.89720095517604,1019.3559941561,0.922102794193765,2396.70102443809
"1608","mix_stand",0.462105262721554,994.45416544499,0.814015470743714,2418.41793765917
"1609","mix_stand",0.555006118598445,985.124843564728,0.797474335012741,2456.28760414775
"1610","mix_stand",0.467966506547299,972.417758485347,0.810243887800064,2509.57889292488
"1611","open",0.694394123730235,925.923249635731,0.950444067523996,2577.33536773056
"1612","mix_stand",0.564976075374517,919.725920207192,0.932131575732425,2658.4512273301
"1613","dec_stand",0.82688995026961,938.915019569214,0.908222281146777,2751.74530267569
"1614","deadwood",0.84467564069528,969.050333123458,0.920241275918528,2856.02441268759
"1615","open",0.636124400586852,970.937740563206,0.812680615174571,2708.26151690132
"1616","deadwood",0.767918659222611,946.469722839063,0.915890767042966,2512.19061724568
"1617","deadwood",0.687539778129999,927.698028116215,0.83504645188078,2316.79900018661
"1618","dec_stand",0.802846888334236,909.979461852443,0.918420665175543,2122.27429272836
"1619","deadwood",0.779265604288553,886.930581399831,0.955159865219415,1928.87879253096
"1620","open",0.756315787612465,853.529973700856,0.979220383225731,1736.98971654254
"1621","open",0.669090907347865,822.458006315824,0.984365433062378,1547.16767379217
"1622","mix_stand",0.913276071796205,779.75208399486,0.973752541995487,1360.2782813198
"1623","dec_stand",0.813368145327811,753.158255873399,0.948574130746777,1196.11335908226
"1624","dec_stand",0.923669723469183,734.457338665604,0.980697404900822,474.768692122854
"1625","mix_stand",0.945663303119485,740.362406775783,0.978151206109207,532.589636069408
"1626","mix_stand",0.955541399633808,759.954224215951,0.979743795979555,568.344280715692
"1627","con_stand",0.33272727646611,766.599010120739,0.959238675507632,5010.31310034189
"1628","con_stand",0.572621116949164,773.384545216057,0.766733248300434,5038.20704574841
"1629","con_stand",0.92991282544093,782.618661236793,0.906470974292583,5042.85257623299
"1630","con_stand",0.895791754611402,785.325008963297,0.957715252216364,5075.23684566267
"1631","mix_stand",0.864076921023811,798.823251460149,0.85545778882045,5118.05270353339
"1632","con_stand",0.885507954542173,813.349024498331,0.928910837170179,5145.30270424717
"1633","con_stand",0.712392342611078,800.156768360777,0.935546108873552,5180.14016208976
"1634","con_stand",0.729832534005411,781.01454575096,0.89432127023802,5222.41323698318
"1635","con_stand",0.713268052613319,775.369811339361,0.870477093650413,5271.94306447564
"1636","con_stand",0.650191386234746,781.523667805503,0.857225202939709,5328.52728909736
"1637","con_stand",0.788690328570664,787.706022675793,0.910137209270692,5391.94382431227
"1638","con_stand",0.787942582358156,792.946730034203,0.914105288185286,5461.95469376183
"1639","con_stand",0.910489689352317,804.251962012851,0.924035660135224,5538.30982224209
"1640","mix_stand",0.967883211145871,816.77114756786,0.966515221734987,5565.64148758582
"1641","deadwood",0.0813625299999459,1212.08774256648,0.922434854246404,4785.41002753168
"1642","deadwood",0.0278038378240966,1182.5769404755,0.851404066956797,4632.13275947101
"1643","deadwood",0.240024569542754,1172.71110965813,0.831336906303352,4467.72240219992
"1644","con_stand",0.496904177046598,1174.76491079869,0.926023712541899,4306.32871784829
"1645","con_stand",0.858755496998466,1171.35916423498,0.972604855585967,4148.30382089698
"1646","dec_stand",0.921081079147225,1144.93650379228,0.970117508047043,3994.04759060633
"1647","con_stand",0.795773954572344,1116.45583701544,0.954924733215527,3844.01375164021
"1648","deadwood",0.405581394085189,1094.89084059873,0.930015781385055,3698.71616791414
"1649","deadwood",0.284619164083345,1078.45388081619,0.881693462994526,3558.73500839146
"1650","mix_stand",0.351024512086815,1058.19326385172,0.89595049797627,3424.72224133565
"1651","mix_stand",0.486289925461392,1059.27643279654,0.867256765649711,3297.40564714201
"1652","deadwood",0.230466830166611,1079.78484410091,0.927419307703468,3177.5902149941
"1653","mix_stand",0.603092393790454,1093.71652917964,0.891600568346225,3066.15543444461
"1654","mix_stand",0.682407860829511,1097.07330967109,0.867467894765757,2964.04668030449
"1655","mix_stand",0.704520883194242,1094.42920461744,0.865504984151233,2872.2587451252
"1656","mix_stand",0.724500312300728,1085.96812108086,0.876143728727668,2791.80978505658
"1657","dec_stand",0.900393118683697,1078.8648910335,0.907603006361451,2723.70472958488
"1658","dec_stand",0.860364548843249,1084.88570443854,0.882468516443751,2668.88872623233
"1659","dec_stand",0.903341521762989,1097.07717198177,0.944857918769487,2628.19341241636
"1660","dec_stand",0.968280096554383,1097.11672988629,0.980440607747516,2602.28134414984
"1661","dec_stand",0.915373976653211,1077.02369146149,0.912700516333901,2591.59599014214
"1662","deadwood",0.819238327942441,1056.02237980723,0.904301844372503,2596.32535693827
"1663","dec_stand",0.575085993769238,1044.6639847814,0.86436662390938,2616.38585513854
"1664","open",0.301093651256907,1039.67630862291,0.785056510974146,2651.42952532634
"1665","mix_stand",0.751031939988311,991.44298157938,0.889572427866646,2700.87321314151
"1666","mix_stand",0.801332493807294,962.344336067933,0.961617395122571,2763.94422882074
"1667","dec_stand",0.612235871347294,969.186175597095,0.866478909145702,2839.73472131808
"1668","dec_stand",0.826511055189906,995.449027996391,0.919707201933831,2927.25688584387
"1669","dec_stand",0.807517283371902,1027.35563355643,0.906358872194342,2876.00150199571
"1670","deadwood",0.84280098017296,1005.08750135717,0.907352037013895,2677.26923813977
"1671","deadwood",0.891449628347481,976.488096457442,0.955459099546697,2478.74791215965
"1672","deadwood",0.870395974537661,968.93950671778,0.945867415791521,2280.4926123729
"1673","deadwood",0.922874690374446,953.719232807581,0.985600481272037,2082.5793148514
"1674","mix_stand",0.859736013818019,938.434738686668,0.935413596691537,1885.11574039824
"1675","dec_stand",0.796584765818107,891.41214124225,0.970644827117498,1688.25969898218
"1676","con_stand",0.799312038122875,850.303381617591,0.971090062683865,1492.25164504909
"1677","mix_stand",0.938529225076841,794.448243453471,0.982157486066513,1297.47594873176
"1678","mix_stand",0.762196720257157,760.902837284276,0.940814446792251,1104.58472166174
"1679","dec_stand",0.40454545295374,745.875785134055,0.894487932324409,986.507360808575
"1680","open",0.387999997287989,743.617193603516,0.93843047618866,625.208936841481
"1681","open",0.821851850935706,787.384298593027,0.972174607769207,374.844131934454
"1682","mix_stand",0.804690205330137,772.868225260308,0.983651703512724,322.406299237413
"1683","mix_stand",0.975749384337254,773.995935913386,0.978691211313522,347.5882875667
"1684","mix_stand",0.934045173518467,798.675430412736,0.97605377553996,466.609170291184
"1685","con_stand",0.745360823136937,832.87087540774,0.945993233280084,548.270910497187
"1686","mix_stand",0.212777777057555,741.45945654975,0.89192393856744,4841.76897844245
"1687","con_stand",0.62933837361845,764.389246459269,0.811700634925938,4885.67847005244
"1688","mix_stand",0.417813267297951,765.734633087233,0.617455063048517,4882.83476747866
"1689","con_stand",0.760326837145593,769.273212579119,0.774390644408495,4886.88496049183
"1690","con_stand",0.891081079685058,774.745136382832,0.928061938165007,4899.10702614042
"1691","mix_stand",0.898083536032157,791.347473969331,0.878130554493874,4919.44005715836
"1692","dec_stand",0.930886233657467,805.497886825552,0.82714908964604,4947.78405796393
"1693","con_stand",0.957174445582549,808.450135064652,0.962003724727349,4984.00235537425
"1694","con_stand",0.813710072102982,785.636949168962,0.93789861968167,5027.92478646516
"1695","con_stand",0.74597108577648,772.192005936714,0.872346108261519,5079.3514964161
"1696","con_stand",0.837518425713264,781.709292999942,0.934156623122074,5138.05715964217
"1697","con_stand",0.816643617724114,787.668045322075,0.939193891100281,5203.79543344513
"1698","con_stand",0.801867320689691,784.401006000341,0.887379180081646,5276.30346325076
"1699","con_stand",0.872751841362776,796.873754177984,0.920130357109651,5355.30627931012
"1700","con_stand",0.961070691508304,818.651692303387,0.955010890797057,5440.52095298497
"1701","mix_stand",0.962727271208558,823.770201095427,0.96301947082534,5489.19412194499
"1702","mix_stand",0.912183906206454,817.926041245735,0.974717295717919,5607.59821396845
"1703","mix_stand",0.987896677752702,790.017295246195,0.939677492938798,5661.86589458093
"1704","deadwood",0,1161.64135742188,0.986254274845123,4617.00946298588
"1705","deadwood",0.0566222224384546,1148.18935275608,0.952069818046358,4586.6454267357
"1706","open",0.0680098279175653,1148.7457187662,0.970417996918833,4429.5867727164
"1707","con_stand",0.558114391965247,1146.86332997071,0.923207057451468,4276.11923747859
"1708","dec_stand",0.611105649386526,1127.90642373275,0.948446922590018,4126.64349549245
"1709","mix_stand",0.648402947685349,1109.57565540061,0.903798667306689,3981.60914634933
"1710","con_stand",0.562011313510533,1098.85661142326,0.903858064181545,3841.51926967898
"1711","deadwood",0.355773955313557,1088.03444917196,0.861450889598606,3706.93448200947
"1712","deadwood",0.22292897509356,1076.27820169484,0.919780018324376,3578.47596863746
"1713","con_stand",0.503636363065396,1081.49472600763,0.892301343271568,3456.82676914344
"1714","deadwood",0.430565110245303,1091.44643557687,0.905689489325229,3342.73038325843
"1715","deadwood",0.556178502869599,1094.87536774545,0.978769893394485,3236.98556808451
"1716","deadwood",0.457002455844596,1098.27143616173,0.91166731266703,3140.43607964134
"1717","open",0.2343734639127,1099.86434546618,0.860680760490806,3053.95416175969
"1718","mix_stand",0.380439973646444,1109.66572629304,0.884612301866788,2978.41691564832
"1719","mix_stand",0.687739555680488,1126.37268186377,0.872790434500729,2914.67539773412
"1720","mix_stand",0.709465743539507,1145.96182621177,0.831496478588157,2863.5174304214
"1721","dec_stand",0.903611791798392,1157.12047185125,0.922807732619876,2825.62657191502
"1722","dec_stand",0.896486484241976,1140.09662067685,0.922497086684593,2801.54118707833
"1723","deadwood",0.799396603873396,1117.20920634195,0.841266796770222,2791.61862926406
"1724","mix_stand",0.416363635340692,1096.91253032263,0.782932661958863,2796.00968685223
"1725","mix_stand",0.224250613357094,1089.12293590199,0.788608491796021,2814.64736974792
"1726","mix_stand",0.555047138982191,1053.09081333048,0.786898401053652,2847.25192289144
"1727","dec_stand",0.578599507854084,1020.0881994374,0.830450660436979,2893.35121582046
"1728","dec_stand",0.887215586178974,1016.63736815486,0.90487124157881,2952.31316988098
"1729","dec_stand",0.82788697544586,1022.54503835917,0.925676332388522,3023.38533721371
"1730","dec_stand",0.858230956873561,1044.37021695074,0.89882926580654,3060.7449190414
"1731","open",0.400779383262885,1054.4926359607,0.811088642277559,2860.85825908778
"1732","deadwood",0.873562651784766,1026.4718445724,0.941575224444966,2660.99516164846
"1733","mix_stand",0.550884519733434,1005.76904349362,0.89264598606882,2461.16136704142
"1734","open",0.566536767678692,997.905805183761,0.894808065733919,2261.36464363227
"1735","mix_stand",0.773660932271684,991.183329739207,0.941223915016475,2061.61576944608
"1736","dec_stand",0.825292267284627,978.251050602633,0.930100103881208,1861.93014442461
"1737","deadwood",0.891130219989385,923.814379567889,0.967762181009063,1662.33056192317
"1738","dec_stand",0.703513512502285,865.160687158383,0.973675127404328,1462.85224269205
"1739","open",0.785996227337271,814.868852750825,0.977566222493413,1263.55261990117
"1740","mix_stand",0.94112185492564,772.490569891275,0.974295706623297,1064.5320638712
"1741","dec_stand",0.788587569201228,782.008183710993,0.932132226178202,893.921277142748
"1742","dec_stand",0.858021977592956,750.673376062414,0.926533092509259,586.832008189342
"1743","dec_stand",0.733112031076088,757.386863107009,0.944279615376995,515.165758846518
"1744","open",0.849005395361296,804.075815828745,0.982989439756574,272.910743611577
"1745","mix_stand",0.801793610416261,818.911676992655,0.984991218954288,130.637895312193
"1746","dec_stand",0.923464372397128,815.879243143068,0.981364294923201,184.222869613176
"1747","con_stand",0.87788811901562,838.519584612604,0.982367805794752,361.72451395382
"1748","dec_stand",0.742062779352269,854.126873204526,0.977511993438139,477.987122601165
"1749","con_stand",0.675428569849048,748.575361851283,0.906216547318867,4706.94108065648
"1750","con_stand",0.507076922712418,746.371027832031,0.889030231695909,4733.82622227914
"1751","con_stand",0.51535417857962,744.791439871919,0.814058977008437,4721.23318468859
"1752","con_stand",0.811538459016727,748.328000582182,0.906151381822733,4701.80572323549
"1753","mix_stand",0.279305784822988,760.461064564098,0.770887807972175,4686.39315097879
"1754","con_stand",0.668918918067686,760.730979825706,0.801679318909206,4682.79143316087
"1755","con_stand",0.731464486594922,757.548418449052,0.79845414537817,4687.01449546101
"1756","mix_stand",0.810614249090085,762.3679991776,0.824024350146697,4699.75637540808
"1757","mix_stand",0.88803439663325,777.908584219818,0.900271635914464,4720.94809641464
"1758","mix_stand",0.955399118588639,797.04558466846,0.945090210887621,4750.47657643039
"1759","dec_stand",0.986240784223455,813.340660338906,0.985704747772334,4788.18758098201
"1760","con_stand",0.924103191735667,796.605304427463,0.936857199621288,4833.88960893827
"1761","con_stand",0.824990570498367,774.084510597023,0.873664630538334,4887.35849159851
"1762","con_stand",0.698402947098639,768.467115734953,0.931467071395248,4948.34246315082
"1763","con_stand",0.835474542655299,775.66601742805,0.938531908203715,5016.567459236
"1764","con_stand",0.596117935365373,772.573463121269,0.881211115518718,5091.74241755494
"1765","dec_stand",0.85140048978388,787.300683248834,0.891873809151219,5173.56438575469
"1766","dec_stand",0.904362034663736,801.700393187633,0.912840440916161,5261.72328173504
"1767","mix_stand",0.952242873078201,814.605586093302,0.940156911570196,5355.90619472436
"1768","mix_stand",0.856691853707073,824.506370717392,0.872835364001924,5455.80115775719
"1769","mix_stand",0.963760683074211,806.150207258697,0.962676103807922,5577.45847927308
"1770","deadwood",0.0129292930918511,1128.23348968198,0.915862640347144,4632.19196996944
"1771","con_stand",0.143439649352064,1131.28231015662,0.856457382664224,4558.29423301368
"1772","open",0.2822124451249,1131.43183381988,0.890905363746292,4409.30859245627
"1773","dec_stand",0.38931203874272,1118.17474267758,0.910020217830338,4264.50375897477
"1774","con_stand",0.530343979738964,1112.41236791212,0.942424682053653,4124.32012034374
"1775","con_stand",0.715021997765128,1106.90029287668,0.929478365190369,3989.24487814957
"1776","con_stand",0.69670761612768,1093.95893143787,0.915400974873536,3859.81437876826
"1777","con_stand",0.587680703416551,1083.55912070092,0.960176036314422,3736.61524339689
"1778","deadwood",0.54643734563737,1083.40897206299,0.961576479585516,3620.28369244161
"1779","deadwood",0.66832923680013,1084.88967153188,0.977265631391024,3511.50233492998
"1780","deadwood",0.451087364736104,1078.08118235878,0.975984835235073,3410.99360605752
"1781","con_stand",0.518968058521207,1075.41251855049,0.938618528388935,3319.50903158581
"1782","deadwood",0.612997542027869,1081.38382242939,0.944569366240384,3237.81363559278
"1783","con_stand",0.777950973367631,1106.2948563514,0.937138385700775,3166.66514881382
"1784","con_stand",0.737665846774524,1132.32610424145,0.943785776267474,3106.78825934476
"1785","deadwood",0.799421746290794,1165.06112515529,0.975140891870862,3058.84496336128
"1786","open",0.257149876491224,1179.89492625393,0.879170396523115,3023.40302128791
"1787","open",0.193980343731381,1162.55100529551,0.936171267154176,3000.90540439698
"1788","open",0.369930861053004,1141.6611364186,0.890861516934307,2991.6441567933
"1789","open",0.0396314493131066,1124.91281682795,0.868623668607096,2995.74204051834
"1790","open",0.442481572023554,1103.54047140735,0.856640229143513,3013.14455071125
"1791","open",0.311829037486683,1078.44332093551,0.831654498687261,3043.62348054221
"1792","mix_stand",0.45955773879584,1071.36560508484,0.87040271926717,3086.79150523613
"1793","dec_stand",0.86345694378009,1077.53244630441,0.912348536632857,3142.12568175261
"1794","dec_stand",0.838574937016175,1085.42622679164,0.880218205126849,3208.99671247553
"1795","dec_stand",0.67171990022942,1096.65637379489,0.773480445206056,3059.62746079934
"1796","mix_stand",0.463280955059097,1083.98506069603,0.723067499226571,2859.66256899364
"1797","dec_stand",0.751179359697666,1055.90247466816,0.780417991477163,2659.70949892614
"1798","mix_stand",0.734324322226263,1036.22063579138,0.855210820730107,2459.77113353959
"1799","mix_stand",0.884198615038305,1025.65809582435,0.930106563661025,2259.85137578573
"1800","mix_stand",0.871646190419134,1013.0139753262,0.931224604642948,2059.95564330375
"1801","dec_stand",0.860867377508743,995.640653656984,0.923300444555313,1860.09168177757
"1802","deadwood",0.854889432773799,937.4877993422,0.952582808728593,1660.27096502913
"1803","open",0.54931203788032,876.069883379362,0.963577237831433,1460.51124284564
"1804","dec_stand",0.749164045882592,823.678785898339,0.972870838035209,1260.84150632105
"1805","mix_stand",0.913660932291089,781.819166103804,0.978777362944453,1061.31254494817
"1806","mix_stand",0.874095939147901,805.795189438711,0.976293712084584,866.661451770775
"1807","dec_stand",0.976666662428114,757.078830295139,0.961013191276126,570.084747269479
"1808","mix_stand",0.923719163291312,773.236072113211,0.983746894283584,465.38388711223
"1809","open",0.97182197372464,812.540629422714,0.989364052971149,270.895510971309
"1810","mix_stand",0.894889433980354,851.706631184796,0.984914184586861,101.100908350231
"1811","mix_stand",0.912727270984716,857.824978277783,0.985502262922411,164.600151214329
"1812","mix_stand",0.790521682900951,876.298488154193,0.980130524229958,352.136090422398
"1813","mix_stand",0.888933330376943,891.402053222656,0.985041915774345,548.58111783535
"1814","dec_stand",0.89379310094077,801.179509656183,0.948408463905598,747.210385100871
"1815","open",0.16179104538551,758.16810084101,0.873391794624613,4623.64460351025
"1816","con_stand",0.434691010315097,756.246910138077,0.791612234693858,4639.03556875528
"1817","con_stand",0.550482397736323,753.511762596638,0.836112799169071,4593.22557347486
"1818","con_stand",0.426348207728021,751.765753707071,0.82980195622561,4553.80182514226
"1819","con_stand",0.426187049707141,752.505426500419,0.844656278673459,4522.89031895877
"1820","open",0.11559055141342,753.94136299674,0.924806872690756,4537.51932637938
"1821","mix_stand",0.611397556455116,756.25370285469,0.856236614074603,4486.58656559755
"1822","con_stand",0.673390662416596,755.110247562793,0.894731567389988,4482.74797931177
"1823","con_stand",0.63874292825094,752.719973848872,0.796436386980177,4487.15931785008
"1824","con_stand",0.651719900282873,757.402060356421,0.769109123569504,4500.46707823094
"1825","mix_stand",0.9644717428998,774.032584075553,0.965932602177235,4522.59272778541
"1826","con_stand",0.979333750669459,803.536106610733,0.973497962104982,4553.4077262295
"1827","con_stand",0.976756754612747,827.498502089292,0.982490760761631,4592.73717317128
"1828","mix_stand",0.932899261584519,814.502797607122,0.936611623799207,4640.3645808309
"1829","deadwood",0.838566937222187,781.698560905337,0.910819507175313,4696.03748120281
"1830","con_stand",0.693218671751074,763.60454786146,0.793741835629069,4759.47355148839
"1831","con_stand",0.634846007867027,757.577831946852,0.812731858509131,4830.36694572701
"1832","con_stand",0.758132676266738,766.879438433073,0.88293198131812,4908.39454954567
"1833","mix_stand",0.883685502180193,783.442636213373,0.920334574594837,4993.22192158632
"1834","mix_stand",0.870546823993822,799.506809467193,0.927145175378252,5084.50874155541
"1835","mix_stand",0.903390661586781,810.141632117569,0.933532084049296,5181.91364345363
"1836","mix_stand",0.642075470159197,819.968736921038,0.76352604448725,5285.09836748613
"1837","mix_stand",0.712091834949596,815.119881999736,0.902765462821235,5376.66025302864
"1838","mix_stand",0.333682091670557,1096.6497710629,0.901232982605276,4302.26819505061
"1839","mix_stand",0.665267125919396,1104.25398734888,0.927751471005769,4547.39973219924
"1840","mix_stand",0.409901719586123,1093.62488797724,0.92310473844592,4407.13439924649
"1841","mix_stand",0.320442259485584,1090.48850679515,0.910160115972637,4271.63400210768
"1842","dec_stand",0.701043367479523,1089.47574959305,0.978307867072649,4141.36627565907
"1843","mix_stand",0.852113020585745,1082.96844294967,0.967228924027239,4016.84034492652
"1844","con_stand",0.593563794888355,1075.44203079578,0.974810546970008,3898.60644722267
"1845","deadwood",0.413931203699449,1069.77461703814,0.981874105641824,3787.25391943428
"1846","deadwood",0.334914004457634,1064.56032110491,0.973401499102098,3683.40690345153
"1847","open",0.26056568170965,1058.97821156174,0.963613545834681,3587.71720300349
"1848","open",0.245405404995532,1052.84279435741,0.924442099485116,3500.85377975334
"1849","deadwood",0.761891889928197,1062.71567027399,0.970420178108338,3423.4885412175
"1850","deadwood",0.813299809374725,1087.02289159788,0.939836583483676,3356.27837680739
"1851","deadwood",0.881277638750668,1109.67252366724,0.946187364674317,3299.84385077546
"1852","deadwood",0.732771839532067,1138.00187662965,0.923387801175145,3254.74553267624
"1853","mix_stand",0.749852578048148,1144.407923518,0.959401853364281,3221.45955609059
"1854","dec_stand",0.936117934534459,1126.85333611866,0.965712966255532,3200.35451264988
"1855","deadwood",0.508988056568362,1117.95811438426,0.937703401599569,3191.67205204184
"1856","open",0.0382555282013422,1112.00609406792,0.906904459777643,3195.51343526404
"1857","open",0.136461915992914,1112.23013110711,0.924760868374707,3211.83372672409
"1858","deadwood",0.451011941047639,1119.29111743977,0.912442702793011,3240.44438422834
"1859","deadwood",0.227641277179964,1127.99634178968,0.843502774605807,3281.02390609939
"1860","deadwood",0.366033940308503,1139.37731849196,0.869644714078013,3333.1351732953
"1861","deadwood",0.341400490739641,1151.91675524512,0.893194720332101,3270.81052951171
"1862","con_stand",0.267076166516001,1147.95613956686,0.724266455852008,3071.56568744902
"1863","dec_stand",0.826951600775113,1121.74085401035,0.93326032165459,2872.43187441785
"1864","deadwood",0.835429973625727,1089.68241443681,0.885165124911934,2673.4339009036
"1865","dec_stand",0.916093363799612,1060.66149017559,0.899304110090036,2474.60453816557
"1866","deadwood",0.91994971531431,1028.73261921305,0.959039373116101,2275.98797592523
"1867","deadwood",0.596683045423587,995.425999184498,0.954574451143384,2077.64524431775
"1868","dec_stand",0.7694028896601,953.097536673267,0.94116003503221,1879.66302946297
"1869","dec_stand",0.896904175652589,908.557301589253,0.944273294482829,1682.16862882933
"1870","open",0.88307125164832,870.946011030117,0.976184388746208,1485.35663585184
"1871","open",0.743557509257312,821.716838958951,0.979348884709296,1289.53953948108
"1872","mix_stand",0.905995084723362,794.994153446882,0.97903651028359,1095.2510947006
"1873","mix_stand",0.902206894914652,822.328425292969,0.98208910054174,903.478027023304
"1874","open",0.866666674613953,802.521748860677,0.987202246983846,782.06920908973
"1875","mix_stand",0.949068321287632,784.532282669352,0.982452064271299,509.294869070465
"1876","mix_stand",0.94969201590901,817.03163512378,0.984253571327193,382.850348943898
"1877","dec_stand",0.932825551301937,872.580034860522,0.977699750654528,288.810262395197
"1878","mix_stand",0.902088450524196,901.999905560468,0.964689371571933,316.675218280798
"1879","mix_stand",0.759270897663142,921.021802785935,0.963721250903299,444.060658348782
"1880","dec_stand",0.848108106871714,901.598604506884,0.970866707329815,611.662808176232
"1881","dec_stand",0.900441557222179,820.693339716924,0.937659538682405,794.422911109792
"1882","dec_stand",0.889655170255694,785.550047775795,0.887876813781672,923.9347042052
"1883","con_stand",0.426240600463479,762.525863991644,0.881927824053997,4494.7645438245
"1884","con_stand",0.610270269411897,760.144547296098,0.78780761046715,4448.02153696852
"1885","con_stand",0.572555281116607,759.535765589309,0.809488636727562,4398.20978875593
"1886","mix_stand",0.407828822178688,759.892939534556,0.87537939026436,4357.0218069978
"1887","mix_stand",0.467484826976917,757.566723278866,0.803439148917131,4324.70399397873
"1888","con_stand",0.674559685421667,755.638436393962,0.849152613351023,4288.36554981917
"1889","deadwood",0.657907825630995,755.661780624557,0.885617410728645,4287.42622533117
"1890","con_stand",0.584222872230795,752.066931000203,0.840191531784374,4282.70440619717
"1891","con_stand",0.762737540366048,751.831448638004,0.875081754008005,4287.32158254269
"1892","deadwood",0.866953314783129,757.130563122049,0.950844744151728,4301.24767962356
"1893","mix_stand",0.902776411324922,766.997309916728,0.942404630893718,4324.39276417311
"1894","mix_stand",0.971087364895512,783.995542131828,0.954746211740223,4356.60990728111
"1895","dec_stand",0.983906632609647,813.90075649852,0.949103401593992,4397.69973026866
"1896","mix_stand",0.940196558869734,824.395655451594,0.928982006811539,4447.41631500484
"1897","dec_stand",0.985795095909474,793.942462300145,0.97399802304603,4505.4740891831
"1898","mix_stand",0.764815723514345,767.648707021952,0.810267469262205,4571.55526988168
"1899","mix_stand",0.745417974697277,753.275213043769,0.816737000675153,4645.31746286406
"1900","con_stand",0.723660932405319,759.057185629955,0.903928355371044,4726.40106253168
"1901","con_stand",0.863857492305686,773.143694341036,0.95844700668895,4814.43616687435
"1902","mix_stand",0.935688244437624,793.461909727508,0.96458378226258,4909.04880132459
"1903","con_stand",0.913071251005227,813.417656563424,0.951875499236862,5009.86632461689
"1904","con_stand",0.72613102463805,816.672039545953,0.755816110988415,5105.44268792236
"1905","open",0.341818178241903,825.206354314631,0.983396443453702,5277.78843427326
"1906","mix_stand",0.139009900427986,1066.79902210802,0.872440061209225,4211.45491247252
"1907","mix_stand",0.185020920003516,1066.04934866891,0.917486452698874,4261.77848919234
"1908","mix_stand",0.150215310623878,1063.57930562143,0.909707642949084,4554.08724000366
"1909","con_stand",0.490622009034826,1070.60631177984,0.935559240717922,4423.09092325895
"1910","con_stand",0.599534882435454,1064.21490336573,0.958710371608979,4297.41669329257
"1911","con_stand",0.813468897692931,1053.27029623369,0.970272469035746,4177.54489511076
"1912","con_stand",0.851750303638901,1053.76041310566,0.965773196450937,4063.98900835678
"1913","con_stand",0.515885166841688,1054.06343983919,0.957444884168189,3957.29278217985
"1914","deadwood",0.226028707979078,1047.00805766274,0.952328815485872,3858.02538381957
"1915","open",0.380171358407529,1047.5329708627,0.952358490359973,3766.77418422391
"1916","deadwood",0.356076554221471,1040.49756903397,0.928008685057813,3684.13488381002
"1917","deadwood",0.607511960861215,1044.89036779084,0.925735508586374,3610.69884145405
"1918","deadwood",0.725483474411718,1059.49760087759,0.958030176936048,3547.03772176381
"1919","deadwood",0.818038275327231,1074.45115019146,0.946544427406845,3493.6859146089
"1920","mix_stand",0.56418604488545,1084.29718824408,0.878278669868134,3451.12157632802
"1921","deadwood",0.452559807983953,1086.31734587017,0.919613613430678,3419.74753360273
"1922","deadwood",0.265358851429378,1087.35018066698,0.92105735804547,3399.87359277927
"1923","deadwood",0.141321909010885,1089.54551130876,0.891566973403005,3391.70191710107
"1924","open",0.0895454543308493,1097.48624788859,0.90159083109652,3395.31700085974
"1925","open",0.0804306218650139,1119.56821532911,0.901968609987263,3410.68136483635
"1926","deadwood",0.0165483475898733,1143.30448751088,0.839274694297276,3437.63747402078
"1927","deadwood",0.00246411480419516,1159.33383843089,0.856597414338275,3475.91565308464
"1928","deadwood",0.00594859240141172,1177.64468312818,0.853734913041571,3492.15610000256
"1929","deadwood",0.00145933011983428,1192.915606193,0.894016801205834,3294.15130600714
"1930","deadwood",0.0350239233171755,1174.97238363604,0.799809390790404,3096.40861698837
"1931","deadwood",0.402790696687331,1132.67603629776,0.892050203779482,2898.98166883377
"1932","deadwood",0.612320573305328,1090.63949592262,0.919234159353532,2701.93967464714
"1933","open",0.504354066549662,1047.20211682479,0.903138850597246,2505.37346337517
"1934","deadwood",0.69238677925021,1000.97870881584,0.92339156589937,2309.40452776518
"1935","mix_stand",0.533732056029533,961.07886377362,0.93955937227564,2114.19896202574
"1936","mix_stand",0.869130965591279,923.810791351804,0.957686663093444,1919.98961598263
"1937","dec_stand",0.840574161648643,894.978188035591,0.947834571351132,1727.11258932221
"1938","mix_stand",0.8289952145524,856.279044520912,0.957004687396818,1536.06984319345
"1939","dec_stand",0.675446754820745,820.82310864975,0.967075402544061,1347.6416906413
"1940","mix_stand",0.826363634554286,805.018246810402,0.97765544096106,1163.09955969416
"1941","mix_stand",0.834167812357783,830.998308562183,0.982752922599548,984.630865531449
"1942","mix_stand",0.87581589856033,827.347123430962,0.980063813775154,827.734959446944
"1943","con_stand",0.919708607701079,804.862226150209,0.982504265316275,665.580454232758
"1944","mix_stand",0.950526314825184,827.558968963063,0.984426345534832,547.539391388098
"1945","dec_stand",0.957344496154792,884.907467892295,0.983315319321943,486.452798644162
"1946","mix_stand",0.811244017694092,935.791116705351,0.934386611786898,503.495939999288
"1947","mix_stand",0.718066093921114,959.588098794477,0.956509521060066,591.958523857431
"1948","dec_stand",0.972535883473081,919.630953337017,0.977449434582126,726.19317154972
"1949","dec_stand",0.918971290098922,843.074596313769,0.942374455105317,885.625793937109
"1950","dec_stand",0.88888059589845,794.896161890742,0.942374495205595,1017.12012729979
"1951","mix_stand",1,778.989807128906,0.848074331879616,4337.38216585384
"1952","con_stand",0.663641023817353,776.173101180639,0.90634223253299,4368.87547953663
"1953","con_stand",0.596951378061486,771.339621224322,0.872371633477147,4316.49631109587
"1954","open",0.635239233556939,769.926658520858,0.817079221611424,4255.75585773824
"1955","mix_stand",0.418277511676176,767.293511422627,0.759996131212344,4203.66642505095
"1956","deadwood",0.477429619380427,762.196351106193,0.816449667672505,4160.55295375114
"1957","deadwood",0.503684209245279,757.232660868522,0.830878457857706,4126.69678123384
"1958","con_stand",0.524665070399107,754.704656208531,0.875790221883991,4102.32711310629
"1959","deadwood",0.507099142186389,752.472837823987,0.837077878990109,4087.61362374081
"1960","con_stand",0.568421051476561,750.122390455036,0.871531681117544,4082.66071409571
"1961","open",0.443462531561229,748.496531326333,0.829188473060612,4087.503865588
"1962","mix_stand",0.737760414902975,750.638935407003,0.909253079968039,4102.10838122344
"1963","con_stand",0.810061197782635,755.670710999058,0.952043188190956,4126.37061674281
"1964","con_stand",0.936058748855439,764.568044786208,0.980138842267243,4160.12160127846
"1965","con_stand",0.957631576770658,777.752744136244,0.972294439289844,4203.13275824274
"1966","mix_stand",0.975645931410875,801.302133624063,0.970339395640569,4255.12328900726
"1967","dec_stand",0.980293755432092,796.027253504628,0.985190725111319,4315.76869180201
"1968","mix_stand",0.951028706242985,774.894225526655,0.948798439648163,4384.70986187681
"1969","mix_stand",0.815593632674494,752.539365770767,0.829916391362102,4461.56225102232
"1970","mix_stand",0.779066983949054,746.056692096035,0.861078060593046,4545.92464102087
"1971","con_stand",0.739186601659827,757.402516670775,0.949657628963296,4637.38718882779
"1972","con_stand",0.848763767889766,774.999060529244,0.939329820444563,4735.53851336014
"1973","mix_stand",0.953827748854943,797.605965062192,0.96020908489752,4839.9717002328
"1974","mix_stand",0.936779985081278,805.938231873772,0.957011866179546,4950.28919172511
"1975","mix_stand",0.96711864208771,806.030766373974,0.966702860795845,4984.83022599484
"1976","con_stand",0.256326529976665,1047.57309520488,0.85748459368336,4199.49646091907
"1977","deadwood",0.0799504334875642,1043.10217133892,0.908793096685646,4246.99163619402
"1978","con_stand",0.326167076020627,1055.53110865937,0.871963385703083,4578.27974239392
"1979","mix_stand",0.313588936909762,1059.01768124411,0.858785971277993,4456.98347089801
"1980","mix_stand",0.417813266625202,1039.83448705275,0.86849621358426,4341.51956840097
"1981","deadwood",0.617322437797681,1032.38740260462,0.950559367498911,4232.3654034679
"1982","deadwood",0.22371007320391,1037.0006143256,0.918574831702492,4130.02129495695
"1983","deadwood",0.215429974971591,1031.89244803164,0.890310676754693,4035.00546812163
"1984","open",0.0525204271714992,1037.88074866007,0.909204633954484,3947.8470843483
"1985","open",0.201203930624177,1034.44605024558,0.946108533522567,3869.07719199625
"1986","deadwood",0.466265355856947,1028.18416173687,0.916981656735886,3799.2175874074
"1987","deadwood",0.296517913246739,1030.08659937275,0.846973037519296,3738.76777533626
"1988","deadwood",0.308280097810364,1038.15632100773,0.933438697193706,3688.19046713652
"1989","deadwood",0.318868635956369,1049.91611920446,0.901085962726964,3647.89632643287
"1990","deadwood",0.0557985256222381,1056.21832395361,0.914845746019695,3618.2289227555
"1991","deadwood",0.0577886976136915,1059.82605940235,0.901520044014261,3599.45102884232
"1992","deadwood",0.196329352256826,1068.73067429769,0.887074420805775,3591.73344265592
"1993","deadwood",0.363611792889252,1093.88947800395,0.865872503315494,3595.14739331003
"1994","deadwood",0.0895085994987142,1119.08328464517,0.899534144999427,3609.66129693757
"1995","deadwood",0.0142300439229332,1144.68291219715,0.830632499371738,3635.14220079886
"1996","deadwood",0.00122850120561861,1167.5682097114,0.835173919888474,3721.8515020957
"1997","deadwood",0.00291640473509794,1187.22991532878,0.870238608455298,3525.39663820456
"1998","deadwood",0.000491400480416834,1205.29237197014,0.902572047175881,3329.36919759515
"1999","deadwood",0.111154791027198,1187.42665261308,0.877107725966109,3133.8493893828
"2000","deadwood",0.485405404371222,1142.30885185467,0.932201334378916,2938.93852963575
"2001","mix_stand",0.538992627915132,1103.39295835753,0.897297688707233,2744.76634903218
"2002","open",0.472162161228368,1065.19206106575,0.852135019939786,2551.50149612896
"2003","deadwood",0.907077308727802,1031.2672204306,0.939922887216118,2359.36694959688
"2004","mix_stand",0.853906632362149,996.904274867852,0.945642177903389,2168.66315159129
"2005","deadwood",0.752231299465067,972.782400422543,0.964473263028656,1979.80359414587
"2006","dec_stand",0.853734642139084,939.143785593844,0.962414492113877,1793.37102179114
"2007","dec_stand",0.863980342796489,893.020555350939,0.971952630129142,1610.20865612886
"2008","dec_stand",0.865644247618245,838.435539164085,0.960246218891731,1431.57226670218
"2009","mix_stand",0.866805895320906,826.458345192949,0.975623657098566,1259.38927156919
"2010","mix_stand",0.967592135570596,865.306294171757,0.98292078242548,1096.70345303695
"2011","open",0.950395975681051,857.70605039087,0.980493153737522,948.414748124628
"2012","dec_stand",0.892063881098968,830.515989148939,0.978232672268694,822.34880008011
"2013","dec_stand",0.915801381602143,837.300511061059,0.980072010170357,730.109243526911
"2014","mix_stand",0.965798524736955,884.863516730231,0.974063266956543,685.48990504119
"2015","mix_stand",0.678108106598404,942.881088406799,0.899206771531328,697.68779283038
"2016","open",0.294707729911407,969.739785223768,0.876267088697737,763.986286865092
"2017","dec_stand",0.876953315419998,925.303414459603,0.968157520348376,872.13346493322
"2018","dec_stand",0.867272726537005,858.484714517429,0.91706097234013,1008.75837476627
"2019","con_stand",0.977797750955664,810.136339006174,0.968931841314509,1163.87502787908
"2020","con_stand",0.988799998760223,791.072202148438,0.904297516345978,1298.27171063351
"2021","mix_stand",0.70128571276686,792.469219316755,0.812305294615882,4300.97321075841
"2022","mix_stand",0.812505351558998,792.001454584093,0.903495637646059,4280.2115276452
"2023","mix_stand",0.417395576482286,790.614937897103,0.76075052995697,4199.93522400752
"2024","mix_stand",0.712658704099866,789.025518679904,0.858177972575831,4127.80051274953
"2025","mix_stand",0.684103193182581,778.281201374326,0.76784420164453,4064.24092333844
"2026","mix_stand",0.656560195147698,769.580698899028,0.80056354823163,4009.66426468575
"2027","con_stand",0.586121935455924,763.03795070876,0.863384267648929,3964.44154588187
"2028","con_stand",0.427665846898273,757.693623985647,0.841332894784263,3928.89577980565
"2029","con_stand",0.400245699276393,754.511628921846,0.712664478206755,3903.29134821593
"2030","deadwood",0.602715272266748,751.476497705293,0.850016283087952,3887.82467096216
"2031","deadwood",0.514815724242012,749.014519393883,0.823852198038259,3882.61690330321
"2032","con_stand",0.543708358706917,747.360255310327,0.822567454304506,3887.70927231695
"2033","con_stand",0.779508598583593,745.985960451918,0.905813284712576,3903.06146209022
"2034","con_stand",0.623769966629557,747.891585416459,0.794097916753338,3928.55319299394
"2035","mix_stand",0.696993287232698,752.148091033321,0.860945356562234,3963.98885291384
"2036","con_stand",0.802270625374301,758.582761456077,0.917263861044799,4009.10477343416
"2037","dec_stand",0.728493149071041,765.427052727078,0.810241762493014,4063.57854177782
"2038","mix_stand",0.792960400914974,769.164566126355,0.821500041761209,4127.03962526203
"2039","mix_stand",0.97454545303209,768.412308414094,0.975971990889648,4199.08056533979
"2040","con_stand",0.890609677494659,753.260800537263,0.907826317154634,4279.26806152372
"2041","mix_stand",0.685724814392681,739.941781308786,0.81094294953954,4367.15338784108
"2042","con_stand",0.658845207596733,746.388524348378,0.835310968128777,4462.28173761911
"2043","con_stand",0.723620362799921,755.204574805547,0.915129762063236,4564.20024990356
"2044","mix_stand",0.847395575781529,767.322714353369,0.940489112719875,4672.46461291059
"2045","mix_stand",0.904078622721593,785.606776544444,0.961784472080355,4786.64425447795
"2046","con_stand",0.615121950486266,797.121026388029,0.870129159765273,4860.66681153534
"2047","con_stand",0.360000001266599,1032.07766723633,0.801270008087158,4224.74091877202
"2048","deadwood",0.0619212596024585,1044.0217160683,0.744024495850867,4251.02242068561
"2049","open",0.118868635963862,1058.16732364177,0.833072178651146,4401.09431200161
"2050","mix_stand",0.747862406624184,1040.31980569825,0.909112637144049,4508.407583054
"2051","deadwood",0.152532997570983,1019.00533319134,0.887701179473974,4403.39222843882
"2052","deadwood",0.0507862408043638,1016.63592026919,0.927954621704556,4305.11574650844
"2053","deadwood",0.0107371006801688,1017.65229879843,0.952720145225818,4214.04963841086
"2054","open",0.166712758963135,1029.61929396096,0.890170477681906,4130.67081839279
"2055","open",0.186363636207119,1036.79308849588,0.932206136478839,4055.45345869502
"2056","deadwood",0.475012284582275,1029.28524559077,0.93517772443318,3988.85928456858
"2057","deadwood",0.280175989904657,1012.98343534248,0.886194192036977,3931.32653429862
"2058","deadwood",0.24995085970025,1019.92653133008,0.897147052511756,3883.2579797355
"2059","deadwood",0.189641734499702,1029.21870047367,0.920229579970044,3845.00858851698
"2060","deadwood",0.435257984306984,1038.88641091237,0.939651590600354,3816.87356943266
"2061","deadwood",0.48179361102439,1061.70241042378,0.912908650696717,3799.07764265959
"2062","deadwood",0.496869892471995,1083.76725910026,0.899795252471544,3791.76638461761
"2063","deadwood",0.126830466791841,1106.38386606877,0.841414919923945,3795.00039350409
"2064","deadwood",0.0286240784098973,1129.21605493044,0.880194014556138,3808.75280747901
"2065","deadwood",0.00434946572720667,1152.86585792335,0.845673293624563,3958.44349893738
"2066","deadwood",0.0092137590947696,1178.26390919228,0.879265262120625,3763.70587925369
"2067","deadwood",0.000201131359426425,1204.63303093757,0.888712294853985,3569.55514718301
"2068","deadwood",0.000909090888771144,1227.26678099386,0.898853131974944,3376.09255560583
"2069","deadwood",0.0116461915552104,1215.16997308755,0.899444798863417,3183.44356495397
"2070","deadwood",0.441734756977022,1169.60310399255,0.880753421356362,2991.76535016192
"2071","deadwood",0.829631447920196,1131.6260411218,0.932146924170288,2801.25719660786
"2072","deadwood",0.904570022858771,1096.78156469847,0.952160599575142,2612.17511751903
"2073","deadwood",0.888271525094788,1063.81036327082,0.976512496947943,2424.85273770008
"2074","deadwood",0.934963142595435,1028.71453013877,0.945192564544279,2239.73162373446
"2075","dec_stand",0.862350721378172,999.668846451659,0.941728057949742,2057.40605740728
"2076","dec_stand",0.824447172874681,955.483391239251,0.978257348481795,1878.69013294178
"2077","dec_stand",0.940442258482959,901.076034283462,0.978486620274164,1704.71948953309
"2078","dec_stand",0.858604649682415,848.545903885012,0.960344335367513,1537.10619418003
"2079","mix_stand",0.904594593651648,851.11030736075,0.986749965523619,1378.17174480637
"2080","dec_stand",0.940122847992204,900.570538532529,0.990191846134036,1231.28155023796
"2081","open",0.886235070890746,889.200147128869,0.967715492269515,1101.26570158818
"2082","con_stand",0.795724814711939,855.151423498805,0.963669111361814,994.762799249379
"2083","dec_stand",0.899710872286075,863.831042564867,0.987877470865555,919.975488679658
"2084","con_stand",0.926953315387048,912.565863419516,0.978551331257644,884.981222671145
"2085","dec_stand",0.949582308416394,956.273391086288,0.977463681479637,894.462755444467
"2086","dec_stand",0.47741043313373,981.519177660412,0.902764030697678,947.085249037125
"2087","dec_stand",0.62702702605955,943.283904804352,0.969376061706637,1036.29740357835
"2088","con_stand",0.932113020921112,888.466331463188,0.963314438353153,1153.64168614806
"2089","con_stand",0.896895033015274,838.314442728691,0.979578815152404,1291.47240117167
"2090","con_stand",0.856593590600394,795.82753183709,0.963097147203819,1411.25901510111
"2091","mix_stand",0.914136806703157,814.121906889378,0.948534362479219,4259.5314887238
"2092","mix_stand",0.907879531314824,811.021758264168,0.952801108763272,4191.37610238862
"2093","mix_stand",0.814531739494435,806.331875919172,0.972533905360026,4099.61489961588
"2094","mix_stand",0.695528254517027,798.815214602309,0.928072299913524,4015.72995712384
"2095","mix_stand",0.907479570645869,795.384843117782,0.954054563439151,3940.2243491711
"2096","mix_stand",0.742162160923206,782.392278572851,0.811647641832348,3873.58810728915
"2097","deadwood",0.690687959254044,772.05197027333,0.879455988799938,3816.28586427999
"2098","con_stand",0.676631047741038,769.060968481768,0.870839243750059,3768.74340340474
"2099","deadwood",0.515626534471787,763.276833199166,0.767990726526227,3731.33380352355
"2100","deadwood",0.396412774970805,757.320659590588,0.817405424285588,3704.3640663041
"2101","con_stand",0.627932116745179,754.073883305999,0.836036335281199,3688.06322992236
"2102","mix_stand",0.707248155691224,752.038572456678,0.812354560408293,3682.57297413683
"2103","mix_stand",0.775688244703054,750.971549791184,0.894230629853075,3687.94158054606
"2104","con_stand",0.678009827088116,747.657351857028,0.845984815347583,3704.12183424395
"2105","con_stand",0.675479113890879,744.275628842066,0.872295562214509,3730.97307602506
"2106","con_stand",0.692545567117608,743.905411083094,0.857346072680616,3768.26720055981
"2107","con_stand",0.250810809785853,744.608924884468,0.665399423049859,3815.69801809278
"2108","con_stand",0.273444369614005,745.204591836237,0.610994949774304,3872.89311824918
"2109","con_stand",0.386809727547421,747.243755771708,0.75144919793845,3939.42723186128
"2110","con_stand",0.856490539900827,751.72847031645,0.911751966459333,4014.83608563131
"2111","con_stand",0.866473913529922,748.996284297845,0.90792616366366,4098.62986172786
"2112","con_stand",0.744054052521102,738.385299645126,0.875032699129176,4190.30556904618
"2113","con_stand",0.56103194001101,737.97344753256,0.742539378189704,4289.35785987502
"2114","con_stand",0.722991827629521,744.453232607551,0.838238478793355,4395.28804604624
"2115","mix_stand",0.778034396382639,756.825805664062,0.900748217226686,4507.61125596257
"2116","con_stand",0.686437344961143,775.480211487566,0.964859191959847,4625.86181500871
"2117","open",0.412330825638054,796.023788107965,0.945863019815065,4713.12229364813
"2118","deadwood",0.04349295759285,1029.73506873762,0.765670823043501,4185.47913492602
"2119","deadwood",0.545377357119003,1039.42291485289,0.886455561473685,4273.81763348845
"2120","con_stand",0.724152331979584,1030.86759937483,0.939202846524464,4432.15448488895
"2121","deadwood",0.306581794708152,1010.28923822375,0.894471594856318,4576.7723811224
"2122","deadwood",0.0136855034940219,999.647607676813,0.883325446552668,4482.29889538214
"2123","deadwood",0.0157248155701292,1004.50641409009,0.96087361066728,4394.90565147659
"2124","open",0.169151476953743,1021.1534569223,0.941434448335547,4315.02286460789
"2125","deadwood",0.544176902946918,1029.49662844496,0.892599308520043,4243.07474570847
"2126","deadwood",0.451081080220329,1012.67578653621,0.83540634743192,4179.471092385
"2127","deadwood",0.661747327401045,1017.8762448333,0.905613293106791,4124.59795196195
"2128","con_stand",0.828943487206424,1038.64825878096,0.952632429082798,4078.80770046614
"2129","deadwood",0.744714014606795,1047.27117010724,0.961914083592027,4042.40900803211
"2130","deadwood",0.572088450971414,1057.35981529292,0.903271772132166,4015.65726349083
"2131","deadwood",0.835601964073041,1083.19776200428,0.941326051328047,3998.74608673604
"2132","deadwood",0.417322437065267,1104.87981099741,0.851737380636555,3991.80054778285
"2133","deadwood",0.147813267539043,1125.91665731894,0.922570221949854,3994.87262614064
"2134","deadwood",0.169631449167024,1149.50889471181,0.82794645158185,4200.76701350289
"2135","deadwood",0.0540037709613179,1172.53570453061,0.833015184819061,4007.8191796388
"2136","deadwood",0.00395577390854423,1199.24956023195,0.84396371776261,3815.60227112212
"2137","deadwood",0.00374607161146376,1233.51708616092,0.909042879742395,3624.23258715838
"2138","deadwood",0.0758722355218572,1257.354247522,0.911594080141487,3433.85177897138
"2139","deadwood",0.136314496164569,1233.1503967735,0.902480464135766,3244.63391983806
"2140","deadwood",0.75590194701343,1182.02850207527,0.948899509489424,3056.79497959272
"2141","deadwood",0.793415231479181,1138.01318539331,0.945939529311891,2870.60566090215
"2142","deadwood",0.899041767078806,1101.54422274503,0.964057791602846,2686.40898099794
"2143","deadwood",0.886461343122195,1081.52181114902,0.965362349390459,2504.64460664311
"2144","deadwood",0.939582306726925,1049.66756692272,0.970836133130938,2325.88285121729
"2145","dec_stand",0.94199874201505,1001.58459265497,0.969481698077554,2150.87249951418
"2146","dec_stand",0.902309580433757,948.254566351963,0.979463171973568,1980.60824503894
"2147","dec_stand",0.897567565427036,898.229954225132,0.981041003174219,1816.42521756686
"2148","mix_stand",0.914318037418956,854.966937743067,0.973701843295286,1660.12865803764
"2149","mix_stand",0.869533168161128,874.814198861837,0.979880547787106,1514.16273596157
"2150","dec_stand",0.973439801932846,925.996170793763,0.990487582706995,1381.8051455277
"2151","mix_stand",0.891389061409411,920.648676039662,0.964312313301319,1267.32678063289
"2152","dec_stand",0.898894347534206,890.956728286181,0.974620391278361,1175.96084844366
"2153","dec_stand",0.891112506427082,897.473707044447,0.974706743514291,1113.41174085444
"2154","dec_stand",0.980294839092313,946.021362567124,0.989945100551741,1084.67623358116
"2155","dec_stand",0.942358720905768,991.473728789158,0.979346362503213,1092.42592340253
"2156","dec_stand",0.687642990859105,1004.26096998559,0.905542150423127,1135.91430307612
"2157","dec_stand",0.799410317276195,975.390022559014,0.950348467147321,1211.29816688957
"2158","dec_stand",0.922039310756787,922.200542365597,0.980975532048457,1313.09566812053
"2159","con_stand",0.771766183419021,860.328018466607,0.971759262023521,1435.69922250238
"2160","mix_stand",0.881657655966712,805.31063067462,0.979633987111014,1560.82311546372
"2161","mix_stand",0.939218301059691,828.771432823858,0.951106396499307,4109.07781368217
"2162","mix_stand",0.876977885572162,825.232335720953,0.971786966378039,4016.75242033306
"2163","mix_stand",0.73204273983396,815.020566200626,0.943730835506071,3920.90655996382
"2164","mix_stand",0.80282555163108,799.581057611789,0.936323984624493,3833.11265353601
"2165","con_stand",0.654984285711942,787.306441829161,0.866918899516951,3753.93568064601
"2166","con_stand",0.734201472435668,781.316322607842,0.886367406275041,3683.93128208584
"2167","mix_stand",0.808894347358284,778.743542757901,0.869049875553084,3623.63110771551
"2168","dec_stand",0.818755497592826,773.408179608626,0.875384403803602,3573.52644252416
"2169","con_stand",0.659164618073759,767.10495966131,0.858945639188463,3534.05095930502
"2170","deadwood",0.708968058178151,758.908842531996,0.89269057394026,3505.56375600503
"2171","deadwood",0.700691387460038,755.077491170426,0.888717833946217,3488.33404776041
"2172","mix_stand",0.58051596897716,754.301635929642,0.815841667315206,3482.52892694202
"2173","con_stand",0.772495284077134,751.670148714019,0.889607425224174,3488.20543289346
"2174","con_stand",0.570933659860741,748.493860268183,0.851547494484913,3505.30778591365
"2175","con_stand",0.400565109794607,745.353182068621,0.752687052060468,3533.67009251415
"2176","deadwood",0.357284725766037,742.171805870301,0.737134085407353,3573.02422161904
"2177","con_stand",0.41164619030765,740.214100005879,0.778101674932643,3623.01200254826
"2178","con_stand",0.592088451215434,738.851226281768,0.804738771824821,3683.20050631401
"2179","mix_stand",0.617014666670504,739.919535599874,0.906921316751434,3753.09899757074
"2180","con_stand",0.652394364015177,745.434501683768,0.857564456795863,3832.17618568776
"2181","con_stand",0.75722656094149,741.657776474953,0.865059663105058,3942.66321550203
"2182","con_stand",0.752249500800144,735.683929301606,0.851721437881542,4015.63533372456
"2183","con_stand",0.708888887968403,733.737319546246,0.847857101914588,4118.89035009858
"2184","con_stand",0.471451915594521,740.320761267604,0.758610116440796,4229.09262318457
"2185","con_stand",0.646649680528671,752.049738676229,0.924950460833349,4345.71366192676
"2186","con_stand",0.831727270646529,768.603448971835,0.966934634474191,4485.85898662116
"2187","open",0.635999997208516,780.403295898437,0.889215761423111,4593.4818977069
"2188","open",0.239999998360872,1004.49133300781,0.874494999647141,4285.14135961896
"2189","mix_stand",0.351214952697264,1003.64128783039,0.882905202351998,4361.17033743757
"2190","mix_stand",0.535348836679098,997.837046778479,0.904493392206902,4677.03248207709
"2191","deadwood",0.110882956465779,989.501295649785,0.848676764805948,4642.73599976799
"2192","open",0.0209864364195105,994.774537788513,0.948463400897057,4577.35876463373
"2193","open",0.291774785189435,1009.18477889286,0.931319804805145,4500.71544080572
"2194","open",0.461028707222612,1001.39191520727,0.892496936326249,4431.7829465067
"2195","open",0.56270334832192,1016.91873267507,0.939658770310964,4370.92611212698
"2196","deadwood",0.725532434629949,1052.37214554188,0.967345425628828,4318.48636182524
"2197","open",0.560167462841282,1073.19395541688,0.979711162238315,4274.77347045665
"2198","deadwood",0.79434516369804,1087.1198327054,0.969190946443866,4240.05735538876
"2199","deadwood",0.85009569168073,1093.37386019036,0.943466077373101,4214.56034683031
"2200","con_stand",0.588157893047093,1104.0226724433,0.898723033345951,4198.45040984837
"2201","open",0.378849447918019,1123.28689676049,0.855074093457097,4191.83577416994
"2202","deadwood",0.488636363115001,1145.64281927227,0.892275193857662,4194.76135888849
"2203","con_stand",0.0972727271795059,1167.47897557893,0.833256285824773,4256.73814472421
"2204","deadwood",0.0119951039762436,1187.86114337599,0.861919573135446,4066.44682302349
"2205","deadwood",0.00342105260858553,1213.61582428417,0.907745760023309,3877.13747288077
"2206","deadwood",0.252215421591022,1241.07275286036,0.936914876304029,3688.96127522901
"2207","deadwood",0.158803827664035,1250.75905123624,0.929375307269074,3502.10089575177
"2208","deadwood",0.164569377551595,1217.37642103861,0.912743418045235,3316.7787332376
"2209","deadwood",0.592949815878743,1160.84932115758,0.92946579043766,3133.26774052793
"2210","dec_stand",0.726124400633909,1108.92848395389,0.966725972387494,2951.90572168832
"2211","mix_stand",0.85777511787222,1063.10481868178,0.957871504805305,2773.11433823346
"2212","mix_stand",0.772386779331555,1046.24958515517,0.962290443179073,2597.42448656232
"2213","dec_stand",0.896937797126766,1022.11625715192,0.950352395800027,2425.51023108802
"2214","dec_stand",0.761199508970341,991.282815025077,0.964444579226005,2258.23401933783
"2215","dec_stand",0.807129185018464,923.829074111281,0.975433115343871,2096.70622126721
"2216","deadwood",0.794808610850437,892.168461302251,0.957134567450678,1942.36148996706
"2217","mix_stand",0.84660954595141,877.834863968549,0.970654123488955,1797.05159199954
"2218","dec_stand",0.930311003209729,901.94658186333,0.975329162044959,1663.14634896672
"2219","dec_stand",0.96944975937632,948.446112418289,0.986886811242149,1543.61660363423
"2220","mix_stand",0.880660953604351,953.20768825573,0.969328000813248,1442.04152058132
"2221","dec_stand",0.923444973799494,932.763576014761,0.966608464619831,1362.44279229243
"2222","deadwood",0.966364747704425,932.053984026868,0.977507183608694,1308.83614885833
"2223","dec_stand",0.963899520600134,970.382516705819,0.982781480552192,1284.4799935891
"2224","dec_stand",0.903086123123551,1015.51412328693,0.934434096511614,1291.0308789371
"2225","dec_stand",0.920685433261689,1014.346316801,0.985938574010768,1328.03151086639
"2226","dec_stand",0.947488036354264,982.133410002056,0.987236267214186,1393.05769599427
"2227","dec_stand",0.980622007716536,929.629174921501,0.982213249652865,1482.42601228322
"2228","mix_stand",0.909816399718221,864.627548199097,0.965455019634532,1592.04243235353
"2229","mix_stand",0.891801493932486,804.384916615438,0.958126171542057,1718.03562765955
"2230","con_stand",0.920000016689301,781.426818847656,0.980582535266876,1856.22181701541
"2231","open",0,1171.82177734375,1,4271.1259706276
"2232","open",0.353684209444021,1176.41814992804,0.901077310035103,4365.64676554401
"2233","open",0.512000000476837,1178.5099609375,0.959802198410034,4472.67444746756
"2234","mix_stand",0.960778208101596,842.634859315152,0.951086641256679,3940.54144337249
"2235","mix_stand",0.850143539024134,836.05777565258,0.952340975778097,3844.6067220936
"2236","mix_stand",0.847417379279177,820.654727258764,0.917786926532682,3744.3569068679
"2237","mix_stand",0.775741625831208,801.656839872661,0.872688137469412,3652.3215368469
"2238","con_stand",0.752190941582221,787.989626563456,0.90000654220116,3569.13613288803
"2239","deadwood",0.319186601738789,778.457026102897,0.795126179177459,3495.4325949315
"2240","deadwood",0.610526313933958,771.109035145153,0.797765598137769,3431.82188936958
"2241","con_stand",0.584846999619334,765.889435150632,0.778508744504636,3378.87408747651
"2242","con_stand",0.671555023163593,761.359069459176,0.80087906223482,3337.09677439417
"2243","con_stand",0.646674640735157,759.591746754624,0.782834256825407,3306.91333849256
"2244","dec_stand",0.588518970193412,759.336406731109,0.777899116949113,3288.64302393676
"2245","dec_stand",0.61234449630416,757.098443209269,0.76136663605204,3282.48476209949
"2246","mix_stand",0.598115053347049,754.751318157668,0.766843292433563,3288.50659903024
"2247","con_stand",0.702942582150324,751.597533048055,0.856099078609969,3306.64199063334
"2248","deadwood",0.60356459185998,747.877962431839,0.75795880475184,3336.69342620272
"2249","deadwood",0.201689105904963,746.401818862598,0.605314144910276,3378.34292968856
"2250","deadwood",0.25052631541231,743.862692691493,0.711353373516609,3431.16817491422
"2251","mix_stand",0.479449759892513,742.673498454847,0.719084030681214,3494.6624017701
"2252","con_stand",0.476646265910991,739.95411769909,0.690970493015472,3568.25611804509
"2253","con_stand",0.515678270063659,738.621656584997,0.774793638934975,3651.33870099453
"2254","con_stand",0.580660192870978,736.873444255347,0.894831414988512,3742.07010785345
"2255","con_stand",0.742791232920435,736.020433964889,0.881567280649314,3843.43960165076
"2256","con_stand",0.681773396988808,732.14180030259,0.917171879795385,4005.68794615637
"2257","con_stand",0.278374383629763,736.98248726981,0.840782591669357,4065.94715763377
"2258","con_stand",0.703868519010872,744.797169334518,0.896534372079298,4187.11472171641
"2259","con_stand",0.857910446878245,750.933497186917,0.892704667884912,4223.65339963368
"2260","open",0.0447872339926184,985.46401912608,0.942495557539006,4753.00667668833
"2261","deadwood",0.0933500941184839,989.901529039998,0.936119917838698,4687.58925481892
"2262","con_stand",0.344078623142817,989.161613595574,0.86193295890415,4621.44493187936
"2263","con_stand",0.708083536526239,1024.02529955965,0.944382798375164,4563.11822439166
"2264","deadwood",0.830647389420281,1060.31368878531,0.97120200268957,4512.91225662763
"2265","deadwood",0.637223586192954,1088.68769840175,0.974121904490328,4471.10060019849
"2266","open",0.501169075729298,1110.20403841739,0.974605993176316,4437.92052125629
"2267","con_stand",0.655135134852855,1125.04496289003,0.946344068800202,4413.5666941476
"2268","deadwood",0.538427517856917,1128.83808167854,0.943475872223295,4398.18574064053
"2269","open",0.109440603102063,1139.79705576534,0.850920696235318,4391.8719345424
"2270","deadwood",0.0638574936017577,1149.18899296191,0.912381178321871,4509.66710474986
"2271","deadwood",0.0415233414830681,1156.17649207713,0.944569231141404,4321.25345821847
"2272","deadwood",0.0101822752208173,1171.56578055333,0.938133099332386,4133.93282960772
"2273","deadwood",0.0180835380317318,1193.38225148644,0.953446239196405,3947.86080862358
"2274","deadwood",0.057649277042923,1205.08538453913,0.940847166449225,3763.22261151358
"2275","deadwood",0.0374938573605891,1208.00040310197,0.945380971494705,3580.24007830914
"2276","deadwood",0.0349385748441155,1189.34543581501,0.93015865005864,3399.18059947056
"2277","dec_stand",0.420062853022239,1144.82942895032,0.907984560649399,3220.36855223772
"2278","deadwood",0.674938573518022,1095.16300068323,0.902926571548205,3044.19999533319
"2279","open",0.523071252248943,1048.05802782513,0.880374562462073,2871.16156735302
"2280","open",0.554267754856705,1013.01531986258,0.899085121361584,2701.85473610168
"2281","deadwood",0.788329236694504,984.743374761258,0.937528921597859,2537.02668866743
"2282","dec_stand",0.912206158079418,956.483365790789,0.941235575078045,2377.6090843303
"2283","mix_stand",0.741007369679813,926.029090900093,0.946292157548066,2224.76529809147
"2284","con_stand",0.619508598626795,932.517505992543,0.940047925553246,2079.94505699642
"2285","deadwood",0.89905719519467,911.151934649493,0.975964115259409,1944.94148586905
"2286","dec_stand",0.958918917251417,935.548957206108,0.979659570303244,1821.93810585616
"2287","dec_stand",0.965872234273565,985.956309700481,0.985531237662864,1713.52113335075
"2288","dec_stand",0.769101193566917,988.108427209572,0.899179808275644,1622.61702877418
"2289","deadwood",0.855601963873138,972.645913951227,0.946208836277375,1552.3055448013
"2290","dec_stand",0.963167817416729,969.957360555959,0.986399527168514,1505.47471632213
"2291","deadwood",0.914643733810258,988.98594058175,0.962917205193412,1484.34863601613
"2292","dec_stand",0.88901719780918,1017.88618675438,0.96266418476692,1490.02106014502
"2293","dec_stand",0.933903203707008,1015.55634995034,0.981833929248683,1522.19242566946
"2294","dec_stand",0.915847664026209,987.841676079378,0.973698933547047,1579.24410288383
"2295","dec_stand",0.960638818928299,943.650015678687,0.977923264923787,1658.61063147639
"2296","mix_stand",0.958013826022352,877.72440973518,0.975651684307887,1757.27108091006
"2297","dec_stand",0.908181815854381,820.587857857969,0.971187323588118,1872.1776655367
"2298","dec_stand",0.878343193643015,791.647876084909,0.902509103688968,1957.57850867831
"2299","open",0.0399999991059303,1164.86912027995,0.850056052207947,4146.61823922037
"2300","con_stand",0.424936708377258,1177.20901489258,0.868607743317065,4212.76680651015
"2301","con_stand",0.446159647348015,1195.1067332634,0.868589227338919,4400.56572978318
"2302","mix_stand",0.353856426652813,1191.69802301117,0.884745602478866,4568.60579983509
"2303","mix_stand",0.373333337406317,883.753611246745,0.703738490740458,3903.72411682269
"2304","mix_stand",0.617074146389006,876.483501548996,0.854371226935802,3879.8775954457
"2305","mix_stand",0.774499667725712,877.111813979405,0.894509967379494,3787.9499942502
"2306","mix_stand",0.947960687480885,849.425841347884,0.957242916784357,3675.28724040294
"2307","mix_stand",0.94944060207968,828.892233090308,0.932083187998278,3570.28621417216
"2308","mix_stand",0.981818180709748,814.744329204138,0.972493663045786,3473.64177972377
"2309","con_stand",0.976995598363247,793.58744273974,0.971683651227609,3386.06954855513
"2310","con_stand",0.762874691621275,780.648975344196,0.8699406973903,3308.29003754616
"2311","deadwood",0.584422602883428,772.591380013881,0.83181321252531,3241.00835673558
"2312","con_stand",0.730760526200048,767.87578386634,0.819668505226082,3184.88988433907
"2313","mix_stand",0.540687959357474,767.517480161325,0.74286503983657,3140.53310654451
"2314","mix_stand",0.436511056191066,767.851370771628,0.73058291350798,3108.44157452439
"2315","dec_stand",0.480125706233108,764.546795512355,0.682190534283508,3088.9975820856
"2316","deadwood",0.864398032303268,766.270924373692,0.892655464333164,3082.44048003912
"2317","con_stand",0.905392832941675,773.074533017756,0.915303332804884,3088.85233942522
"2318","deadwood",0.628845207832516,762.045134823211,0.819388724973366,3108.15289963013
"2319","deadwood",0.441400490632551,755.203900611371,0.659822324821176,3140.10450958024
"2320","deadwood",0.531690759372404,756.178263090602,0.800778016775828,3184.32636919955
"2321","deadwood",0.504373462966824,751.591776554942,0.841358918893432,3240.31614675727
"2322","mix_stand",0.367199016460366,752.039745508892,0.669145372998843,3307.47626554412
"2323","deadwood",0.712962024064758,751.582754709751,0.829435069128116,3385.1419429876
"2324","deadwood",0.74893470677544,750.274028450353,0.920077824865736,3476.9689690712
"2325","con_stand",0.86892164286437,752.669784463035,0.964774782015798,3569.15509058639
"2326","mix_stand",0.88439777446997,750.991448216854,0.951564322436865,3674.06633310873
"2327","mix_stand",0.956256156998315,752.744330345116,0.95400991698204,3750.73882031605
"2328","dec_stand",0.885581392015136,735.870828318041,0.925310780835706,4010.27105619953
"2329","open",0.486402813656454,741.176635151698,0.928814369015455,4037.6308039975
"2330","open",0.153271027768141,749.168488594602,0.939115056367678,4139.42360347982
"2331","deadwood",0.0799999999764719,975.122814780787,0.939411286460726,4728.01463930312
"2332","deadwood",0.0623728811477332,975.744332096378,0.910861123218726,4875.50849563849
"2333","deadwood",0.181179361216523,989.527261869913,0.86584876095121,4811.94793806051
"2334","deadwood",0.5434152325867,1015.82860450838,0.922134297668787,4755.95808528449
"2335","deadwood",0.572495284796435,1047.44557444095,0.962092959955803,4707.80905965358
"2336","deadwood",0.588648647806751,1085.92224885908,0.962242815066907,4667.74350817516
"2337","con_stand",0.705719672134093,1120.98822539382,0.922760080684288,4635.97101552813
"2338","con_stand",0.780933659633562,1148.33615119803,0.932390871629375,4612.66295519898
"2339","con_stand",0.356142505413008,1155.51923597181,0.844264185673921,4597.94805347301
"2340","mix_stand",0.27167818952401,1153.98237583968,0.882854844133059,4765.96770307642
"2341","deadwood",0.258280097742631,1140.29056873368,0.942745917625451,4579.36087570699
"2342","deadwood",0.046855036741356,1123.28010840264,0.937625340897709,4393.9366285543
"2343","deadwood",0.189893148680253,1135.99309109652,0.916735886178775,4209.85122589034
"2344","deadwood",0.00484029481448325,1152.18449120674,0.943619456828666,4027.28826570281
"2345","deadwood",0.00143306095932805,1157.58419030631,0.943782825315621,3846.46453104158
"2346","deadwood",0.00371007367748886,1177.86196412033,0.959068280949054,3667.63727549354
"2347","open",0.0146928745475243,1194.93496344189,0.814968782721925,3491.11331284675
"2348","open",0.283192959687269,1167.61885282755,0.829662010410835,3317.26036424572
"2349","mix_stand",0.513611792813282,1124.29478420848,0.871831962568754,3146.52120090011
"2350","open",0.189312039121656,1086.23143039113,0.81595514988394,2979.43118626773
"2351","open",0.324475172286623,1059.0349813158,0.87339654142455,2816.63982471092
"2352","dec_stand",0.942432431115126,1025.16838947268,0.974787928859637,2658.93677867982
"2353","dec_stand",0.951175360242051,986.160137490609,0.976470982706225,2507.28236668495
"2354","mix_stand",0.936511055124736,969.759725097356,0.960703113704407,2362.84153551786
"2355","deadwood",0.845429974239713,972.047499335662,0.970823981398739,2227.01831155849
"2356","mix_stand",0.801734756933564,948.96730376219,0.958444730149808,2101.48428031713
"2357","dec_stand",0.827764126556841,975.96097236652,0.955017907046129,1988.18937306335
"2358","dec_stand",0.959557737907994,1031.44930835321,0.97831224648314,1889.33664767043
"2359","deadwood",0.840980513371401,1036.28960161191,0.936669018679187,1807.29746738396
"2360","deadwood",0.924422602775605,1011.55506600795,0.968360868879853,1744.44560971901
"2361","dec_stand",0.978227528487639,1007.80043587004,0.986515276129331,1702.9069314547
"2362","dec_stand",0.899778867904692,1019.0587602845,0.962028390689037,1684.25910458386
"2363","mix_stand",0.843660932070866,1029.32929569029,0.92033050245896,1689.26037891891
"2364","dec_stand",0.928799495733174,1029.8295163407,0.960939165352277,1717.70419642381
"2365","dec_stand",0.971425059770923,995.047537651343,0.990105105888931,1768.45977258024
"2366","dec_stand",0.955995083807141,943.795986915982,0.986461080409385,1839.68133388259
"2367","mix_stand",0.903507226437686,884.783846084911,0.979419740489412,1929.10342786472
"2368","dec_stand",0.957199015190106,829.865569955887,0.979693478389806,2034.32736861569
"2369","con_stand",0.952653059639399,795.910127313395,0.953652827762173,2119.70756648341
"2370","open",0.450973451599083,884.244284840812,0.933860176959924,2792.89121360193
"2371","dec_stand",0.660821916799159,921.764474668459,0.902627265140346,2918.02082619187
"2372","deadwood",0.634285711319674,1064.32595796131,0.813532557090124,3805.76483662881
"2373","mix_stand",0.609133192966151,1096.58140102653,0.878841765272189,3947.99740697649
"2374","mix_stand",0.658588708633737,1152.71046103201,0.899005473351046,4104.06029491831
"2375","con_stand",0.234226044034013,1188.89006211189,0.811756943620247,4287.28950033843
"2376","con_stand",0.236027654857474,1213.01944362945,0.852337491045876,4471.96006209099
"2377","deadwood",0.208481675543762,1201.02570890257,0.8519534280956,4634.97768248019
"2378","mix_stand",0.610870711308828,907.180526371053,0.800505440200539,3866.10655534515
"2379","mix_stand",0.777448144697454,916.934437538977,0.922933568394761,3751.82641776368
"2380","dec_stand",0.963980343311805,910.222578193983,0.968383688287448,3627.0285163218
"2381","mix_stand",0.98378378321721,864.540926846591,0.973193194415118,3509.20311544998
"2382","dec_stand",0.931539910968971,838.267058846637,0.956507593571278,3399.07537586688
"2383","mix_stand",0.960024568130988,817.10729946727,0.971027921436753,3297.41665159562
"2384","con_stand",0.872407289630471,798.691204308415,0.925122478139768,3205.03291646953
"2385","con_stand",0.800687959056155,789.066849242264,0.839772633814621,3122.74745618477
"2386","dec_stand",0.692358721001875,779.399761865414,0.677886632081185,3051.37733041223
"2387","con_stand",0.668560651677124,777.939920076554,0.798134010788557,2991.70383025983
"2388","con_stand",0.697125305556658,781.637056955248,0.852362266119858,2944.43819113157
"2389","deadwood",0.309434889113251,775.589453319953,0.627624915748851,2910.18504098086
"2390","con_stand",0.720402260917976,772.33388593615,0.845844984766374,2889.40719560806
"2391","deadwood",0.943882061877913,785.471338108072,0.965897161238976,2882.39608125429
"2392","mix_stand",0.973350092740571,794.745128581241,0.96070158039527,2889.25191949828
"2393","mix_stand",0.814619163325839,774.624517717291,0.881717310005602,2909.87669795493
"2394","deadwood",0.554914003746076,767.111337310266,0.799113630639796,2943.98104581731
"2395","deadwood",0.718064109487477,762.508197201789,0.906535462078847,2991.10391942705
"2396","deadwood",0.741449629567582,760.351958441207,0.887060074712303,3050.64209197264
"2397","mix_stand",0.698844001099995,765.954306214251,0.896809107281911,3121.88531942328
"2398","deadwood",0.959651161505039,762.709097751351,0.973665449508401,3211.23730042502
"2399","mix_stand",0.971125263570474,778.705442089775,0.983119041866558,3402.69524904602
"2400","mix_stand",0.987813265980462,776.91076566429,0.986460803108661,3507.92440377706
"2401","mix_stand",0.956018703062095,755.92740571475,0.974742326365365,3625.66761930909
"2402","dec_stand",0.686516854493471,741.265210098095,0.920365458458997,3673.86287183055
"2403","deadwood",0.132030075317935,980.6171246292,0.953216442936345,4793.40965826725
"2404","deadwood",0.0227383014131047,1001.3586544255,0.905313215594564,4956.70330332752
"2405","open",0.241989449469461,1018.35551644665,0.960868764435697,4949.36999582566
"2406","con_stand",0.746750470056502,1043.69296573469,0.958312369719157,4903.12063037197
"2407","deadwood",0.772874691200967,1086.02951184772,0.967370393894228,4864.66391511714
"2408","deadwood",0.818227527441842,1128.75739910286,0.947737369838561,4834.18582894368
"2409","con_stand",0.72719901629909,1161.35383159816,0.940921768985451,4811.83798367005
"2410","con_stand",0.6855036837463,1161.41835595583,0.94671067430727,5025.12409466508
"2411","open",0.337397862185966,1148.79896109034,0.975154462098925,4840.24108745717
"2412","dec_stand",0.649361177752623,1123.45127070097,0.970052724919243,4656.6114968671
"2413","mix_stand",0.390098279346632,1083.87959668209,0.899577086914962,4474.38964674535
"2414","deadwood",0.192105593821262,1090.55931197765,0.855490629531392,4293.75476933082
"2415","deadwood",0.0396314493954841,1112.64238047307,0.916816351161835,4114.91586274437
"2416","deadwood",0.00218730358527487,1132.62933928887,0.950911807009891,3938.1176119868
"2417","deadwood",0.0456019654705278,1167.7694395473,0.946822865442796,3763.64760893562
"2418","deadwood",0.0493366093230628,1207.64894272713,0.903958564674532,3591.84514597601
"2419","deadwood",0.0136769326938765,1211.20083589392,0.883237569203623,3423.11188994872
"2420","open",0.160368550207274,1169.34995219163,0.820147590926809,3257.92475351069
"2421","open",0.299434888609102,1134.37684732573,0.847131448768134,3096.85124246015
"2422","mix_stand",0.498227528820317,1111.82772288152,0.859316288507037,2940.5674225015
"2423","dec_stand",0.883095821672341,1080.48780848998,0.940583623854183,2789.87833866313
"2424","mix_stand",0.935411689253928,1039.55122798438,0.954059965838283,2645.74011436226
"2425","mix_stand",0.946511055075126,1016.61705815646,0.939840255959614,2509.28188748017
"2426","deadwood",0.928525797583401,1009.78517462053,0.966159222350074,2381.82401927557
"2427","dec_stand",0.877460715640161,991.424145730317,0.969373538059259,2264.88652180014
"2428","deadwood",0.894422602974775,1015.39911484777,0.96584501144927,2160.1785769494
"2429","dec_stand",0.905798524517465,1062.86609017937,0.97080181455766,2069.55725743978
"2430","deadwood",0.629717157869164,1078.38005797688,0.925621166253974,1994.94316438599
"2431","deadwood",0.902506140905091,1054.63406327081,0.962772247136664,1938.18586472966
"2432","deadwood",0.923494655758349,1039.26906429845,0.966037011536167,1900.88555497604
"2433","deadwood",0.898796067007929,1027.68515674488,0.968136386401237,1884.19812380557
"2434","deadwood",0.887321864746749,1020.98031402513,0.934513057790312,1888.67002838647
"2435","dec_stand",0.974959144351207,1006.27730845626,0.952975252433665,1914.15297513518
"2436","dec_stand",0.927739556343352,959.687808774906,0.931084694565075,1959.82753782308
"2437","dec_stand",0.892383290601194,919.291206678536,0.923295605241227,2024.32743732105
"2438","deadwood",0.837988684774569,881.363260035392,0.957934991143396,2105.92364501498
"2439","dec_stand",0.935380833498054,826.143789605368,0.979332146758822,2202.71706159169
"2440","con_stand",0.918698793874089,789.889453492682,0.967029815158212,2288.81274089985
"2441","dec_stand",0.689445436920484,794.323336196927,0.907312215120933,2615.35749609058
"2442","open",0.768444776658184,833.467405163015,0.963756478432871,2709.07298049579
"2443","open",0.667399627428647,868.464324065238,0.973724958777354,2852.67088383231
"2444","mix_stand",0.725320195494761,910.544650261038,0.936791508756761,3005.82611003287
"2445","dec_stand",0.925498651034347,946.19923882086,0.952439455551439,3168.89660487021
"2446","dec_stand",0.866880300420562,990.018187210989,0.965156818256414,3344.4303861623
"2447","dec_stand",0.664186849803454,1034.24742496055,0.828794548010847,3506.80031412103
"2448","dec_stand",0.822587882003502,1056.97848942143,0.927079458277263,3667.54657948811
"2449","dec_stand",0.60980148748876,1074.39943912781,0.916656628130905,3836.90190227333
"2450","mix_stand",0.497071023007221,1101.36832802495,0.884224572594176,4012.39168287561
"2451","mix_stand",0.549606878612493,1142.831324022,0.898511640434623,4190.08270268759
"2452","con_stand",0.0304422602652405,1192.05489137542,0.77352927068674,4369.7064344559
"2453","deadwood",0.015461973508786,1217.52145529603,0.902341537097953,4551.03403861385
"2454","deadwood",0.148140495365932,1204.90437127736,0.920631067750375,4703.46079834501
"2455","mix_stand",0.816410254687071,937.879421136318,0.808910120756198,3927.87722768433
"2456","mix_stand",0.580283017723628,940.61026471216,0.816652275235304,3870.03610232652
"2457","mix_stand",0.528528301258507,945.964138506044,0.878458661974976,3736.8315536239
"2458","mix_stand",0.850433688397718,952.345555927078,0.976923292721689,3600.41769864473
"2459","mix_stand",0.984938573920573,919.207698062831,0.976743083401453,3470.17887929019
"2460","dec_stand",0.987886976899181,870.881291869817,0.980033293586105,3346.83605945119
"2461","mix_stand",0.898453801238147,842.385167705121,0.935400895563631,3231.17905235391
"2462","con_stand",0.79243243106753,823.472243325423,0.874171370480219,3124.06159236128
"2463","con_stand",0.66074167071162,812.732483562323,0.824931046938371,3026.39057332607
"2464","mix_stand",0.732063880963686,804.369900490201,0.790637588004881,2939.10790490605
"2465","mix_stand",0.66582309544837,794.0397853617,0.726865386923876,2863.16380180367
"2466","deadwood",0.728095536160626,790.834952114064,0.868854542645098,2799.4811912442
"2467","dec_stand",0.718329236222573,794.282049905463,0.850744429902524,2748.91237204401
"2468","deadwood",0.37049139944118,781.94765234345,0.722281969592881,2712.19096360787
"2469","dec_stand",0.733148961285238,788.918540815525,0.740682317412299,2689.8841465421
"2470","mix_stand",0.961302209238199,804.430716549735,0.962101870127187,2682.35156632797
"2471","mix_stand",0.99180389557673,811.797578496352,0.978960242382316,2689.71735201868
"2472","deadwood",0.969484027598685,788.056885365479,0.975174889664099,2711.86010828452
"2473","deadwood",0.81565110435302,776.218684878338,0.942477854083153,2748.42270490343
"2474","deadwood",0.505543682764043,766.867471844801,0.800524551536425,2798.84007894533
"2475","con_stand",0.733267811692208,773.093699274836,0.858252472479894,2862.38021844061
"2476","mix_stand",0.955374998194165,787.109739799499,0.979984145946801,2938.19188397332
"2477","dec_stand",0.949542855183993,800.517277396066,0.985133733579091,3009.39508512758
"2478","dec_stand",0.992605040554239,798.655617080817,0.976149621130038,3070.54951224733
"2479","mix_stand",0.991167783297148,807.456203506777,0.978948233271605,3229.92917438729
"2480","mix_stand",0.946855034642562,802.022855641508,0.977962614643486,3345.49528805153
"2481","mix_stand",0.97869778747604,764.624408356388,0.975968871531088,3468.75644544559
"2482","dec_stand",0.778583432669614,745.349952725231,0.917398075310408,3571.27967220266
"2483","con_stand",0.900640567267493,732.890314394045,0.923611274923718,3745.74722166208
"2484","con_stand",0.803349752768214,732.989894622652,0.9163722939826,3824.96366659096
"2485","open",0.353599995970726,1012.84887939453,0.975026264190674,5038.50997463615
"2486","con_stand",0.374300306021741,1031.56651260953,0.931645501317481,5098.79931919877
"2487","con_stand",0.780196558322565,1063.78506094818,0.948545926911825,5061.82944831998
"2488","dec_stand",0.930232556420891,1107.02718362383,0.955018111926666,5032.5455595327
"2489","dec_stand",0.934078622673448,1125.84172579229,0.961633749763854,5011.08240125101
"2490","dec_stand",0.901326778543889,1121.4252068147,0.967241677297714,5103.46891777104
"2491","dec_stand",0.721005655080548,1118.58998147232,0.967986632112734,4921.52979581638
"2492","open",0.461007369837795,1100.93675228184,0.975350175647829,4741.04960374275
"2493","mix_stand",0.296289925685459,1061.86676310321,0.879132654884011,4562.20149015214
"2494","deadwood",0.00276555621552812,1053.50190517155,0.851959924730469,4385.18515069608
"2495","deadwood",0.00572481568381007,1072.55656144426,0.866764076822952,4210.23163882544
"2496","deadwood",0.0215461972812899,1105.4342426945,0.905524985791002,4037.60911638688
"2497","deadwood",0.00560196554997629,1147.0761652766,0.933853462228611,3867.62971061228
"2498","deadwood",0.135773955549157,1189.1582269692,0.945836108278584,3700.65765203186
"2499","open",0.0176492772251836,1213.66552649977,0.965996774336139,3537.11885779059
"2500","deadwood",0.00245700245242593,1205.60853902831,0.952019110248774,3377.51207964823
"2501","deadwood",0.102063881906084,1195.51065040982,0.914361796467691,3222.42162971028
"2502","deadwood",0.534607164149648,1169.42102511134,0.918389065733202,3072.53148860718
"2503","dec_stand",0.889729728240346,1128.1531315834,0.935744752279078,2928.64023306634
"2504","deadwood",0.725631677073214,1082.10265161885,0.909834604792292,2791.67561839534
"2505","mix_stand",0.824963143923725,1062.80127148078,0.908363469073169,2662.70673926053
"2506","deadwood",0.906830465526341,1044.2641340626,0.960523158732884,2542.95042767183
"2507","deadwood",0.795323694097891,1032.08170186732,0.960651806807983,2433.76700881902
"2508","deadwood",0.702211300506089,1050.20981239862,0.953202289714494,2336.63906201129
"2509","dec_stand",0.950909089567071,1058.73204527909,0.970001578514055,2253.12619182853
"2510","dec_stand",0.907781268307842,1054.66736146746,0.943690004774342,2184.79025166158
"2511","dec_stand",0.848943486846343,1057.08260204868,0.975608016426059,2133.09037043605
"2512","dec_stand",0.943004398072275,1032.85104513978,0.973977135532986,2099.25603259003
"2513","dec_stand",0.944078623223363,994.908637494361,0.97233540623355,2084.15751072043
"2514","mix_stand",0.949557737953027,961.678266858,0.952593167360497,2088.2012464822
"2515","dec_stand",0.863984913968538,935.306508120016,0.859409891401425,2111.27725306276
"2516","dec_stand",0.796093364834273,909.483877945884,0.823603161924155,2152.77358538782
"2517","dec_stand",0.913071251710012,872.761229531478,0.935632728369728,2211.65364777796
"2518","mix_stand",0.931062223821747,842.710540675577,0.957574671578063,2286.57492390319
"2519","mix_stand",0.896068794524677,805.575710662167,0.950206538987248,2376.02045122202
"2520","mix_stand",0.711342591844085,782.323833465576,0.918334620610864,2478.418197905
"2521","mix_stand",0.838330932443948,779.397292234572,0.955329896048676,2634.37780944069
"2522","open",0.603231332886102,780.742844169551,0.937842640437578,2716.03198674947
"2523","dec_stand",0.659936424877639,807.240252107401,0.912440461920692,2848.51174532776
"2524","dec_stand",0.70348894219452,842.466797587327,0.928602222847485,2988.51867159931
"2525","mix_stand",0.783513511830817,881.933784316154,0.976355055479804,3135.04446774134
"2526","mix_stand",0.913362663260314,929.796339148924,0.978940329836982,3287.21752488529
"2527","deadwood",0.714447172775096,971.950723034158,0.979471836065192,3444.28941496844
"2528","dec_stand",0.93329980990034,1017.34231711243,0.975151823853487,3605.61997015108
"2529","dec_stand",0.913071250332478,1054.13764380003,0.976619113795002,3770.66259975118
"2530","dec_stand",0.806732185221568,1079.16667403987,0.95356156708128,3938.9507219643
"2531","open",0.48613450562407,1103.59852102341,0.909744700832535,4110.08569446525
"2532","mix_stand",0.403685503453932,1137.8619502487,0.83949169935773,4283.7263356213
"2533","con_stand",0.109115478758876,1179.22144214527,0.804975203236139,4459.57996878681
"2534","deadwood",0.0158139534018311,1208.9479103496,0.88732946342376,4637.39484563471
"2535","con_stand",0.258288287554865,1197.18410100164,0.874740885911851,4816.95377676133
"2536","mix_stand",0.732040815017357,1168.13359599211,0.922878685046215,4993.85553784183
"2537","mix_stand",0.839691118484643,969.0532327895,0.926676624587604,4015.5485417409
"2538","mix_stand",0.667179091848565,967.760477686185,0.874321360516145,3895.21077211337
"2539","mix_stand",0.670393119014671,978.88709527093,0.891059180927584,3743.21936494127
"2540","mix_stand",0.764054052678168,985.161159431026,0.973759547095627,3595.9354583819
"2541","dec_stand",0.808321808954779,968.961363096495,0.961710685570236,3453.96131702803
"2542","mix_stand",0.996683045965448,921.841028686823,0.96542002260685,3317.9786150699
"2543","mix_stand",0.979533168214948,882.380303347726,0.971797755807272,3188.75394981347
"2544","mix_stand",0.906348207259538,859.477925183712,0.904031809585638,3067.14162807446
"2545","mix_stand",0.870049138583188,838.975703321452,0.887552926952994,2954.08194414286
"2546","mix_stand",0.748007541212138,828.212089840681,0.82652385280913,2850.59271916389
"2547","dec_stand",0.877813266214963,823.425633423451,0.870321926965175,2757.7516059592
"2548","dec_stand",0.949631448070855,815.566353687783,0.898824836353998,2676.66683424643
"2549","dec_stand",0.944789438966795,805.313826123998,0.929823315158571,2608.43499338027
"2550","con_stand",0.779828008062936,796.042040138338,0.915978950093654,2554.08638059699
"2551","mix_stand",0.320122849122971,785.29714399708,0.725930473877058,2514.52136919332
"2552","mix_stand",0.692570708818514,804.749131850669,0.776024942935341,2490.44464792937
"2553","dec_stand",0.907641276268687,827.514355446255,0.885396398086769,2482.30693596688
"2554","mix_stand",0.908133247432883,839.834487003923,0.935899866462728,2490.26449518108
"2555","dec_stand",0.978353806682096,807.880632067781,0.973366960407182,2514.16450122326
"2556","deadwood",0.79226044082616,787.022929461055,0.900287384098666,2553.55935393948
"2557","deadwood",0.756781896130234,778.427521461664,0.871320662419426,2607.74691267644
"2558","mix_stand",0.916044224250412,790.219432633983,0.969648171170484,2675.82863775984
"2559","dec_stand",0.972211300827911,816.89483466371,0.968283469283024,2756.7753242338
"2560","dec_stand",0.974305466772774,823.65729902976,0.977199798294166,2849.49080179383
"2561","mix_stand",0.941651963097818,814.297039701925,0.971248641514472,2952.86671257756
"2562","mix_stand",0.982627276895482,818.715218285657,0.978060196642603,3065.82487538267
"2563","mix_stand",0.971105649930034,808.235294163959,0.968314035921483,3187.34668059138
"2564","mix_stand",0.965773953980691,769.676597463997,0.987065252088372,3316.49090297619
"2565","mix_stand",0.926982691905344,756.418516367158,0.944437509420853,3452.40225179968
"2566","mix_stand",0.791594858629768,744.998171759481,0.917084977154649,3594.31315530511
"2567","con_stand",0.836219333891702,747.194541017386,0.941700916420158,3741.54101407403
"2568","mix_stand",0.493793104486219,755.174587907462,0.93535368606962,3783.05763217407
"2569","open",0.0881632657683625,1020.52631238042,0.949751566867439,5205.30350877072
"2570","mix_stand",0.671103073024674,1027.45807911216,0.937448954307365,5253.32236836849
"2571","deadwood",0.423705520416878,1036.75104628487,0.896557567126912,5231.0337349831
"2572","con_stand",0.709473683489888,1046.88405116323,0.894436883833705,5368.6990919011
"2573","deadwood",0.54495215245732,1052.53391583456,0.881359925948119,5188.34791341077
"2574","dec_stand",0.656230108969762,1057.67483935129,0.903850565086526,5009.49234222042
"2575","dec_stand",0.405861243008498,1051.01280453331,0.881676122243182,4832.29844980078
"2576","deadwood",0.0889952149616474,1046.06553124241,0.865337103533973,4656.95591712948
"2577","deadwood",0.0161811504307838,1070.3969593585,0.821948803113169,4483.68195182732
"2578","deadwood",0.0289473682864787,1090.9639285877,0.905670078801054,4312.72588987045
"2579","deadwood",0.0176499387206033,1108.90850045661,0.90101142222178,4144.37458273951
"2580","deadwood",0.015167464061003,1136.69331045926,0.87033494551216,3978.95866878002
"2581","open",0.0977033493131328,1174.80178321948,0.933834082201908,3816.85981122227
"2582","deadwood",0.00173806606574187,1206.46787578531,0.945119753352285,3658.51894542847
"2583","deadwood",0.042918660254641,1225.59040511282,0.933997743330789,3504.44549884976
"2584","deadwood",0.25729665042984,1242.07376171641,0.943292530529807,3355.22740803048
"2585","deadwood",0.408200733924474,1221.98076518513,0.927411697102731,3211.54152854791
"2586","dec_stand",0.902559807056196,1169.34209066145,0.946255956575916,3074.16368210182
"2587","deadwood",0.878531210689898,1122.437093597,0.941047499109073,2943.97707598034
"2588","dec_stand",0.948732055233497,1107.16789296711,0.983459447880396,2821.97714877051
"2589","dec_stand",0.934090907217569,1079.25225107293,0.977305360423606,2709.27007830709
"2590","deadwood",0.845483474383265,1067.63821116042,0.963839292343856,2607.06137460233
"2591","dec_stand",0.904521528867621,1070.02851969888,0.975625000288042,2516.63048328117
"2592","dec_stand",0.906889950687235,1017.9387179288,0.961315835848379,2439.28766087466
"2593","dec_stand",0.924700121314355,974.614218890448,0.946490310542878,2376.3112002153
"2594","dec_stand",0.939114831196385,990.380680467523,0.953869480051492,2328.86686452703
"2595","dec_stand",0.982056302331944,998.322960917778,0.981666262139597,2297.91691532511
"2596","dec_stand",0.985717702202463,969.578244442004,0.977422152053226,2284.13194701877
"2597","dec_stand",0.931411481881291,922.047890439558,0.932225842670533,2287.82225656577
"2598","dec_stand",0.885042838040954,889.404405423448,0.877626395468558,2308.9040535407
"2599","mix_stand",0.884617223203824,857.477597578861,0.904991979323078,2346.90871229136
"2600","mix_stand",0.9021291852746,828.772816160649,0.934364741694842,2401.03277856399
"2601","dec_stand",0.754638922025736,805.485546508938,0.869035584088346,2470.21691925295
"2602","mix_stand",0.79760765432242,804.102115357321,0.902993002915354,2553.23719561944
"2603","mix_stand",0.922007342351366,807.74640901115,0.952245823172636,2648.7929421735
"2604","mix_stand",0.931004782394466,805.230656893059,0.959822673510992,2755.58038321984
"2605","con_stand",0.569162677764073,795.254715805419,0.866841774764716,2872.34708395624
"2606","open",0.404969399833694,788.556121004401,0.855437198082712,2997.92722017411
"2607","open",0.413492822418052,815.282882544413,0.882668175921735,3131.2605750121
"2608","open",0.585311003666567,857.88520853143,0.952760212248165,3271.39928534754
"2609","dec_stand",0.966976741317436,901.89296921318,0.987730074286315,3417.50626979831
"2610","dec_stand",0.946985644096749,947.010860789906,0.986065087777576,3568.84858860624
"2611","con_stand",0.862496938123259,988.511586930498,0.946630467199054,3724.7881439097
"2612","mix_stand",0.774832534202727,1012.7347118615,0.950445958221572,3884.77135877332
"2613","mix_stand",0.699401912319532,1038.88147808604,0.935342823542904,4048.31886431767
"2614","dec_stand",0.498971847495842,1065.6596127607,0.923983735564727,4215.01578511022
"2615","deadwood",0.243588516225762,1100.71646782542,0.862365338113604,4384.50291760859
"2616","deadwood",0.332177032908184,1142.54041206323,0.921347066867009,4556.46890964374
"2617","deadwood",0.111334149245825,1173.14491733285,0.93148638765844,4730.64343814004
"2618","open",0.258588516389568,1166.32029300671,0.927007915496684,4906.79132196309
"2619","mix_stand",0.412884370354034,1142.95989517154,0.861751642773991,5084.70747830609
"2620","mix_stand",0.615403127261448,1116.39680049451,0.894540189190462,4949.01483800946
"2621","mix_stand",0.923730568924922,1081.98524614772,0.952412517680199,4752.84933193632
"2622","mix_stand",0.816399997813361,1053.4537121582,0.916904491611889,4582.5630907004
"2623","mix_stand",0.656342411515256,1034.849492292,0.929665941614585,4419.57543561074
"2624","mix_stand",0.852770699199977,1015.17783812505,0.957643315101125,4254.05627606758
"2625","mix_stand",0.679119495786258,997.468456148351,0.934870088168379,4092.60844909114
"2626","mix_stand",0.718869511869143,996.053221188177,0.929328938313299,3931.99161170066
"2627","mix_stand",0.872509177728594,1014.26358562642,0.95227575626776,3770.88122483398
"2628","mix_stand",0.863086122805565,1017.17007774828,0.930929975290048,3613.66417751346
"2629","mix_stand",0.912224879087301,1012.70594349546,0.970295040302299,3460.8710988125
"2630","mix_stand",0.987123621228713,973.194168893914,0.980837475093517,3313.11411455077
"2631","dec_stand",0.98822966341874,932.494087182734,0.97468242469872,3171.09727194548
"2632","mix_stand",0.818205740267152,898.08635405034,0.884673140069657,3035.62630752063
"2633","mix_stand",0.796205628868489,876.813047859631,0.833619358428918,2907.61631724444
"2634","con_stand",0.500502391606926,854.726458462802,0.740066633951253,2788.0951591239
"2635","mix_stand",0.738482250892437,844.438470548632,0.803464460221998,2678.19957862656
"2636","dec_stand",0.955119615594487,840.450360165829,0.863320966282387,2579.1602796578
"2637","dec_stand",0.982081337943317,842.961683063416,0.938572638663664,2492.27183748811
"2638","dec_stand",0.949179925699348,825.892006658136,0.913130101614439,2418.84403677913
"2639","mix_stand",0.354665071070729,799.097829426305,0.75706794735882,2360.13356298375
"2640","mix_stand",0.185622009261551,792.931671142578,0.612784359106709,2317.25932827946
"2641","dec_stand",0.285214197278169,808.673890280753,0.581189968333109,2291.11055001154
"2642","dec_stand",0.770430620759726,844.996666611667,0.784858950161994,2282.26219105715
"2643","dec_stand",0.87787025565033,861.240529577472,0.937976998015965,2290.9147220157
"2644","dec_stand",0.979282294333195,836.586025548324,0.981327111035158,2316.8720760575
"2645","dec_stand",0.843373204666105,802.41789497485,0.921761294645837,2359.56321562026
"2646","mix_stand",0.371823744722978,790.219530682231,0.749702887041916,2418.10200748736
"2647","mix_stand",0.905980858688898,803.355110752526,0.966620748960658,2491.37160357811
"2648","dec_stand",0.868851672381198,839.167966888282,0.937929086895152,2578.11636936574
"2649","dec_stand",0.839339043958753,853.797724001265,0.927391054142937,2677.02670125299
"2650","dec_stand",0.843588515848777,829.764340158855,0.953844036033564,2786.80754678294
"2651","mix_stand",0.923948365354864,816.588791785678,0.977309181052985,2906.22728717202
"2652","mix_stand",0.934022697574291,788.753924760662,0.970253238066899,3034.14801631458
"2653","con_stand",0.805909089476726,762.381322796835,0.912826851518317,3169.54061709168
"2654","con_stand",0.850991431208763,750.797829972341,0.900596009351272,3311.48873773651
"2655","con_stand",0.805598084395974,750.749257940995,0.927054716915819,3459.18545255581
"2656","con_stand",0.853755978194542,749.605640831176,0.962334268454587,3611.9256260933
"2657","mix_stand",0.879452053355436,744.464509896056,0.946386449794247,3748.46323300274
"2658","deadwood",0.0139912916306833,990.216997165984,0.831134382673203,5628.35648658171
"2659","deadwood",0.0408353807189541,1005.12748920712,0.891167965710749,5456.78719855345
"2660","deadwood",0.025159705096183,1013.82405536474,0.845092447305268,5279.4459496314
"2661","deadwood",0.00661219354885168,1015.71003447892,0.797945934447907,5103.78368587481
"2662","deadwood",0.0241277640918842,1022.98992814947,0.792095592295801,4929.97988450815
"2663","deadwood",0.0122604421557314,1046.01760519342,0.800250575184383,4758.23820162441
"2664","deadwood",0.151477057887165,1071.79749325429,0.809946965658013,4588.79017578889
"2665","deadwood",0.130589680471606,1099.74912106376,0.875293115176791,4421.89949498228
"2666","deadwood",0.0395725956414946,1128.65583806065,0.884274652868153,4257.86688170312
"2667","deadwood",0.0202211301490042,1158.05884313935,0.87391245593969,4097.03563483397
"2668","open",0.00181818179127186,1188.53959224617,0.89678289336713,3939.79783442177
"2669","deadwood",0.00150848522379592,1215.34289520091,0.90536819000352,3786.60115820853
"2670","deadwood",0.00184275182444575,1237.21103475135,0.90555709715777,3637.95616503967
"2671","deadwood",0.13275184237492,1254.03556707509,0.958261613635671,3494.44375520946
"2672","deadwood",0.251992457308048,1230.78229062831,0.966955135503256,3356.72230457917
"2673","mix_stand",0.719262898151353,1184.96171656053,0.969391410854583,3225.53367272863
"2674","deadwood",0.769604022012313,1151.26685022993,0.961195982229327,3101.7068994164
"2675","open",0.458918918354359,1133.39595192949,0.966672001987769,2986.15794591698
"2676","open",0.506805895752198,1104.37811099341,0.975743408632952,2879.88337231107
"2677","mix_stand",0.733249527718907,1092.47284975178,0.963183267621556,2783.94550419436
"2678","mix_stand",0.923046681599769,1062.20014829893,0.944102188732466,2699.44666081457
"2679","dec_stand",0.956830465447624,997.606291412429,0.963234063997608,2627.49069472605
"2680","dec_stand",0.892118162339135,954.039299313337,0.953495270562651,2569.13172086791
"2681","con_stand",0.903660931750327,937.251729266942,0.94334770605444,2525.31257856508
"2682","dec_stand",0.979861721457325,924.981965549932,0.965610618339553,2496.79891295195
"2683","mix_stand",0.942358721001875,905.639285863178,0.933321161081223,2484.11782650041
"2684","dec_stand",0.962850121474603,876.343084274404,0.954527072901368,2487.51146974138
"2685","dec_stand",0.560729100461991,848.717731545363,0.724362598850358,2506.91456180143
"2686","dec_stand",0.83105650968868,833.11088614499,0.878509897766154,2541.96052293347
"2687","mix_stand",0.774889433880037,836.378580566706,0.89544195683641,2592.01492125659
"2688","con_stand",0.882463857606475,844.510428917176,0.943158749081218,2656.22942829597
"2689","mix_stand",0.943194101795701,853.485139551561,0.951992724685763,2733.60633071521
"2690","mix_stand",0.976241355980814,857.378943845508,0.96182290703002,2823.06353784927
"2691","mix_stand",0.946437344371504,857.269958796021,0.943496705163316,2923.49230851754
"2692","mix_stand",0.828722356770563,844.639758885639,0.879211384546771,3033.80325482414
"2693","mix_stand",0.660113134585897,803.104041847023,0.827036585397714,3152.9593197137
"2694","con_stand",0.439582309134176,811.436043141808,0.789461129731716,3279.99666559729
"2695","mix_stand",0.321105650349243,845.262822069173,0.801304867385866,3414.03561091895
"2696","dec_stand",0.756027653565166,884.089146506779,0.967053276321035,3554.28411225768
"2697","dec_stand",0.806658474426414,914.379270661375,0.97211235402843,3700.03612419749
"2698","mix_stand",0.863054680443087,936.963436412032,0.939834658864307,3850.66675548155
"2699","mix_stand",0.818673216543304,972.495621552338,0.944717427802613,4005.62566584112
"2700","con_stand",0.905847663979712,1019.64087656382,0.973024723735576,4164.42971600768
"2701","mix_stand",0.92120678566916,1077.97949625395,0.965971530382922,4326.65553469663
"2702","mix_stand",0.623955772402502,1126.16944364131,0.889506013922082,4491.93240642494
"2703","con_stand",0.0534889433963147,1162.01999403745,0.812668527281987,4659.93570164337
"2704","con_stand",0.0142803267862046,1182.50527311525,0.88550172859509,4830.38094921895
"2705","con_stand",0.145798525569333,1177.05977771206,0.846027840121079,5003.01857455101
"2706","open",0.381345064988644,1155.00427867571,0.858706991171252,5051.29563983769
"2707","mix_stand",0.778476657432845,1129.46289774827,0.864345664968508,4869.73500046333
"2708","mix_stand",0.843734642344296,1102.20266963574,0.935218298794011,4689.6787474242
"2709","mix_stand",0.863733499937841,1080.91351475647,0.937393885918341,4511.30701448098
"2710","mix_stand",0.938157246944652,1066.46328068014,0.964933273888191,4334.82775313386
"2711","mix_stand",0.89203931012303,1047.71597140076,0.967832235395176,4160.48179485489
"2712","mix_stand",0.860666246041609,1021.58722338146,0.941127544993653,3988.54889988916
"2713","mix_stand",0.896633904985626,1033.34006149704,0.937634159584303,3819.35496305511
"2714","mix_stand",0.880980513863486,1064.32599103293,0.947385301498555,3653.28055127272
"2715","mix_stand",0.955577393938817,1062.92510251507,0.957924292443425,3490.77092978877
"2716","mix_stand",0.969312038414491,1023.77432074769,0.96305337064975,3332.34767508998
"2717","mix_stand",0.969277182918236,977.946065023963,0.977027202124569,3178.62184233122
"2718","dec_stand",0.985503684125237,943.38584971135,0.984690662940246,3030.30840853151
"2719","mix_stand",0.95095822885541,916.262052081434,0.941483898010535,2888.2412867528
"2720","dec_stand",0.713287239841588,897.857414125722,0.74130258523279,2753.3875236821
"2721","mix_stand",0.87105650912412,874.956813540447,0.859579216485091,2626.85828053472
"2722","mix_stand",0.967115020701377,866.077046891266,0.909366015216077,2509.91283550024
"2723","mix_stand",0.918304666483212,853.87301755713,0.889522163211128,2403.95027047969
"2724","mix_stand",0.916732185270811,844.72434420199,0.894111321072883,2310.48215950359
"2725","dec_stand",0.61370207359025,822.330044289043,0.772238961429734,2231.07937132086
"2726","mix_stand",0.722407861418235,808.053434667189,0.811859979420095,2167.28838832603
"2727","mix_stand",0.577076166534124,800.643064569197,0.758370739689294,2120.51861592203
"2728","mix_stand",0.155625392428215,803.010665768876,0.603619124937339,2091.91201727529
"2729","dec_stand",0.354815724129612,823.883380074466,0.603961858307172,2082.21733274973
"2730","dec_stand",0.664965429147184,848.863857535429,0.811878717972152,2091.69753998971
"2731","dec_stand",0.889164618099754,853.520437067205,0.924418706367941,2120.09542756752
"2732","dec_stand",0.938918917254529,814.795195708404,0.978876190411078,2166.66727726406
"2733","deadwood",0.424839722307541,801.241175758846,0.857314687969174,2230.27487182653
"2734","mix_stand",0.896068794135672,812.852380701014,0.964392354505947,2309.51106569846
"2735","mix_stand",0.746805895106176,840.412457140423,0.918080576230985,2402.83024086144
"2736","dec_stand",0.684173474468801,858.084968456602,0.876357633826551,2508.66127951019
"2737","mix_stand",0.712291349279546,831.701814411262,0.926278775351543,2625.49159383966
"2738","dec_stand",0.825806448176022,803.85342702558,0.926314197240337,2751.92064718583
"2739","dec_stand",0.95654891122578,784.138789550118,0.967069362816603,2886.68751903558
"2740","con_stand",0.87941031800972,764.831517137532,0.925177420862477,3028.67939236448
"2741","con_stand",0.785669388990594,751.560540736958,0.870164668907503,3176.92765670578
"2742","con_stand",0.795749384168471,743.018935144973,0.855094145321743,3330.59698179547
"2743","con_stand",0.703980343201237,732.193676435391,0.906070920023198,3488.97114051343
"2744","mix_stand",0.511233765347679,727.846934132762,0.862489540589514,3651.43799461257
"2745","dec_stand",0.800000011920929,721.300415039062,0.951548963785172,3685.25101869532
"2746","deadwood",0.00885714273899794,980.001689583915,0.855335070405688,5654.81043953869
"2747","deadwood",0.00879668041981272,989.414986722532,0.850510340281872,5550.69001555073
"2748","deadwood",0.0099262898279862,999.667026529148,0.91011041331423,5376.44692416142
"2749","deadwood",0.195298553927375,1016.1937544731,0.929557460441595,5204.05984088832
"2750","deadwood",0.468108106843889,1039.87427901284,0.898972456080322,5033.71945447869
"2751","deadwood",0.403046681941544,1062.21543573103,0.879352583602547,4865.640727061
"2752","mix_stand",0.406561909982201,1085.14280170318,0.878831053570634,4700.0663019654
"2753","con_stand",0.369705158956257,1115.365180913,0.9007299004594,4537.27034906161
"2754","open",0.106021369944984,1148.69158701534,0.877792814518205,4377.56286278341
"2755","open",0.0112530710793464,1182.55436867754,0.88674652893142,4221.2944027023
"2756","open",0.00144963142180619,1212.89645775647,0.908028534739404,4068.86122526745
"2757","deadwood",0.00369578876224125,1235.4221334883,0.901190397313823,3920.71069146563
"2758","deadwood",0.0165110563662553,1253.64430967889,0.875455999257231,3777.34674094716
"2759","deadwood",0.0408845206800418,1260.6444827368,0.955198056831114,3639.33508981806
"2760","deadwood",0.161282212202426,1235.76872916135,0.960981235273374,3507.30762980123
"2761","open",0.376953316271232,1201.12772536219,0.963896947645145,3381.96527829086
"2762","dec_stand",0.67333752296673,1161.04076204714,0.969595227580187,3264.07826139132
"2763","dec_stand",0.895872234025883,1108.13614536445,0.934287906333768,3154.4825358199
"2764","dec_stand",0.863980342920055,1066.10143311897,0.906605872405688,3054.07083422762
"2765","dec_stand",0.864915145953296,1038.59332659018,0.931384646555163,2963.77675804412
"2766","dec_stand",0.790663389896365,1004.32149376272,0.880736709528898,2884.55058924338
"2767","dec_stand",0.898648646621249,969.570861928879,0.958046981099197,2817.32620610561
"2768","dec_stand",0.691263355324098,932.414734845788,0.881408617228251,2762.97977202504
"2769","dec_stand",0.618697787577822,901.972449600257,0.866826347228716,2722.28266513915
"2770","con_stand",0.911451915312982,884.394521122231,0.963214512556173,2695.85311478212
"2771","con_stand",0.93024569860584,874.447793946512,0.965177744919896,2684.11261747688
"2772","mix_stand",0.911990170836156,866.49388819889,0.924866071460581,2687.25370766326
"2773","mix_stand",0.778051538668025,858.326263677092,0.880922655651661,2705.22454791057
"2774","mix_stand",0.961400489737017,867.645603676686,0.966372734791524,2737.73312049987
"2775","mix_stand",0.939606877684557,881.169632970262,0.956429151117948,2784.27025317762
"2776","mix_stand",0.805581393644054,887.095078195587,0.919320617547805,2844.14740573252
"2777","deadwood",0.856117934446224,897.784060578967,0.946164006316984,2916.54307485611
"2778","mix_stand",0.882866120100546,901.835852986833,0.933124921874083,3000.55127744319
"2779","mix_stand",0.890589679076499,887.532803809613,0.931888854895382,3095.22662316591
"2780","mix_stand",0.865331693357932,866.9942545223,0.920265745655325,3199.62234459481
"2781","mix_stand",0.734003769258408,822.252856990064,0.866236255013066,3312.81962478844
"2782","con_stand",0.674938573476833,816.484902909113,0.833074034413629,3433.94816556461
"2783","con_stand",0.28746928716266,837.205073476131,0.665793813710131,3562.19897819073
"2784","mix_stand",0.448648647963064,861.820784246899,0.757701003864305,3696.83087734407
"2785","mix_stand",0.596658475756535,883.492859224137,0.816963000904943,3837.17225703292
"2786","mix_stand",0.756203643649835,905.547346746899,0.876606777844228,3982.61958308691
"2787","con_stand",0.930737098784207,941.970573369057,0.950570397362735,4132.63378198243
"2788","dec_stand",0.807469286624095,1007.94725014127,0.888911143851441,4286.73542772811
"2789","mix_stand",0.867982399479576,1080.059492321,0.958450257871827,4444.49937536515
"2790","mix_stand",0.507641276916722,1137.47569930993,0.83834711641659,4605.54928176941
"2791","con_stand",0.0308599508749619,1178.73035552754,0.856870386374231,4769.55229501517
"2792","con_stand",0.00952859833077917,1208.57411563089,0.84470234280259,4936.21407779541
"2793","con_stand",0.0713267810230832,1213.54581453291,0.802997562860388,5105.27424999232
"2794","mix_stand",0.479648018992224,1189.14609299809,0.854250013809546,4972.17696578857
"2795","deadwood",0.367100736240717,1165.66479327228,0.844343595261656,4787.6167413367
"2796","mix_stand",0.61316953204499,1144.35265318475,0.854979016683099,4604.35020790427
"2797","mix_stand",0.913010683713807,1133.61687921683,0.976639919652645,4422.5381970502
"2798","dec_stand",0.770294838903028,1120.45990964997,0.889694623273845,4242.36771909091
"2799","dec_stand",0.923341522249565,1084.41349121394,0.945627980629847,4064.05710046556
"2800","dec_stand",0.899736013972932,1056.16481329764,0.941752936117384,3887.8622480629
"2801","dec_stand",0.900466827849608,1077.08094978801,0.947127847069604,3714.08428770687
"2802","mix_stand",0.78468887337456,1094.77716812527,0.892509111494182,3543.07886232345
"2803","mix_stand",0.94638820490468,1079.99832160818,0.973625114878653,3375.26740352358
"2804","mix_stand",0.969926288502442,1036.76643926447,0.969114270747733,3211.15069065289
"2805","dec_stand",0.958089251129752,995.74286709635,0.964734606065516,3051.32495205003
"2806","mix_stand",0.964692873674324,959.843242710873,0.9732481219625,2896.50058864863
"2807","mix_stand",0.949606877955304,935.131517077547,0.975422952772651,2747.52322086639
"2808","mix_stand",0.78939031900886,913.013679547553,0.836705334320674,2605.39604099428
"2809","dec_stand",0.855331693714169,890.071660147252,0.811759370404321,2471.30121671357
"2810","mix_stand",0.861948458308098,873.189451398676,0.819259779362501,2346.6161529065
"2811","dec_stand",0.626044224755477,858.844565426688,0.686153749058925,2232.91771600838
"2812","mix_stand",0.6169287460863,844.42750830498,0.719835538874753,2131.96439366862
"2813","dec_stand",0.688196102186504,831.097340524459,0.732274638134155,2045.64398595523
"2814","mix_stand",0.850761669507154,819.816340191065,0.86989213877726,1975.87523661359
"2815","mix_stand",0.555528254433551,808.511957491938,0.794879954939832,1924.45916454787
"2816","con_stand",0.38707730906947,802.744901512045,0.642746340828795,1892.89188632377
"2817","mix_stand",0.184692874170968,812.398443948432,0.670601230820055,1882.17236260127
"2818","dec_stand",0.483595222614045,829.541999860053,0.645545007832791,1892.6548559317
"2819","dec_stand",0.832555281748899,837.20364856017,0.91515402337971,1923.99285256462
"2820","mix_stand",0.590147419322364,812.366930762439,0.844843880071177,1975.19393519638
"2821","mix_stand",0.633412947301067,810.546432370438,0.855664473410993,2044.76652907198
"2822","deadwood",0.823513512295975,822.918934290181,0.905213829157393,2130.91194727398
"2823","mix_stand",0.809434887895896,841.400824544471,0.850126440131108,2231.71185135616
"2824","dec_stand",0.725656817870309,858.674400919417,0.873427383760886,2345.27745474472
"2825","dec_stand",0.804146648117361,835.658589205157,0.90980419905576,2469.84845360737
"2826","dec_stand",0.927402983472418,813.780149909632,0.93484595569212,2603.84579413038
"2827","dec_stand",0.992430719419405,801.933024620123,0.965526000809688,2755.81075788192
"2828","mix_stand",0.909313356301535,771.657361929485,0.950444643553346,2894.79627374739
"2829","con_stand",0.805304837842208,759.269766835729,0.927466391524304,3049.56004655356
"2830","dec_stand",0.696216214832642,752.021005616434,0.832653505208213,3209.33388419973
"2831","con_stand",0.61063881935117,739.186048615477,0.882858290030406,3373.40599019596
"2832","mix_stand",0.287801778107276,735.808875116642,0.826082690400006,3541.17896480588
"2833","dec_stand",0.691084334290171,722.959022613893,0.846422859804189,3645.09632022661
"2834","deadwood",0.226542750685078,1015.1485186155,0.879520380530216,5602.2361166506
"2835","deadwood",0.448255158415655,1034.84840542887,0.9140904037523,5479.03734155445
"2836","con_stand",0.809981142047214,1061.40216824036,0.955948535711191,5309.98177140635
"2837","dec_stand",0.645921374737521,1086.14016851102,0.92303019190889,5143.15060075526
"2838","mix_stand",0.476388205629968,1105.70639727918,0.904535331619167,4978.76744368343
"2839","open",0.487316152220211,1130.22677426245,0.954893407901827,4817.08292240679
"2840","open",0.39461916386715,1153.02268550788,0.928253610501711,4658.37804082139
"2841","open",0.138076680849964,1181.09199160439,0.885079914185328,4502.96785774351
"2842","open",0.0246437345047914,1217.09267528637,0.918646457007828,4351.2054135935
"2843","deadwood",0.0148157246859346,1244.00273046095,0.941587640022909,4203.48582030184
"2844","deadwood",0.0235323694930895,1267.51475255404,0.864875962333736,4060.25036154286
"2845","deadwood",0.00211302208409848,1279.73900219967,0.922126075870721,3921.99036486141
"2846","deadwood",0.0497051597657529,1269.52366469475,0.977497633226234,3789.25049481061
"2847","dec_stand",0.682790696227573,1215.04323253236,0.924303623301514,3662.63097642457
"2848","dec_stand",0.838501227218703,1166.34793450733,0.931099567534883,3542.78809600224
"2849","dec_stand",0.937925831199929,1106.86338137681,0.956895831187966,3430.4321569655
"2850","deadwood",0.431818180815923,1052.95154618397,0.867591796969167,3326.32192376876
"2851","open",0.186437346205957,1024.04783450415,0.779944081234698,3231.25451862981
"2852","open",0.517108735926379,986.020850775603,0.906668437245617,3146.04981753117
"2853","dec_stand",0.682678132050234,966.06433285425,0.88438429476588,3071.52870916029
"2854","mix_stand",0.842039310631939,939.83000674236,0.925650292993763,3008.48520597377
"2855","mix_stand",0.679773725644175,924.678126212263,0.885846497482807,2957.65334758434
"2856","mix_stand",0.678304667138387,914.80863581477,0.8978198592503,2919.6710227216
"2857","dec_stand",0.920100564320907,918.607489201649,0.968091617433775,2895.04402451499
"2858","mix_stand",0.905135133905515,920.958272348165,0.938711162812147,2884.11449033004
"2859","mix_stand",0.909631448639992,910.081707966123,0.917324752146401,2887.03798888423
"2860","mix_stand",0.898956629543054,900.557202370942,0.896988313703661,2903.77267905866
"2861","con_stand",0.95223587118913,909.639134699941,0.952811152877913,2934.08225182538
"2862","mix_stand",0.950663389459582,928.488867569907,0.950583953602601,2977.55218522395
"2863","mix_stand",0.717033311481149,930.618032478222,0.880372581861815,3033.61679145387
"2864","deadwood",0.822137590845548,920.897470085275,0.920049413031823,3101.59315923885
"2865","mix_stand",0.884198615398893,898.184526463862,0.950158193716832,3180.71766742161
"2866","mix_stand",0.870835378779789,870.659794088078,0.941229544909493,3270.18120302536
"2867","mix_stand",0.644864863416304,837.866626411457,0.841463609687819,3369.16024963404
"2868","con_stand",0.75826524036025,820.400112379878,0.885670986351991,3476.84223702144
"2869","con_stand",0.607616706172357,831.158161660084,0.811778728266679,3592.44464965729
"2870","con_stand",0.392555281808211,850.037861329625,0.727135727108806,3715.22820925524
"2871","dec_stand",0.730961657817037,872.880493586053,0.815062347492806,3844.50493550154
"2872","dec_stand",0.818943487397905,900.167898267141,0.934867522466461,3979.64209667225
"2873","dec_stand",0.881005655334926,927.530854096284,0.91781360725799,4120.06307018727
"2874","dec_stand",0.700761669358875,957.434402240875,0.899762984447602,4265.2460249379
"2875","mix_stand",0.830098278156919,995.091194059105,0.905072501913189,4414.7211769696
"2876","mix_stand",0.701319923276687,1046.19082075751,0.878266778384118,4568.06720108971
"2877","con_stand",0.551474200355699,1103.4438852971,0.900433327627416,4724.9072269314
"2878","con_stand",0.052506142339374,1166.91951045006,0.824195782972056,4884.90471950969
"2879","con_stand",0.00450031419994695,1218.40016052515,0.890459136663931,5047.75944359232
"2880","deadwood",0.0105651104662577,1250.88107434772,0.840612749960411,5088.30451336278
"2881","deadwood",0.0752231297320274,1239.70343604528,0.883591075716417,4899.95260332266
"2882","deadwood",0.100737100508275,1218.06602556758,0.795388502748431,4712.56456166622
"2883","deadwood",0.197199016672168,1201.17602029186,0.800320135397466,4526.26010298569
"2884","mix_stand",0.702199873063154,1191.46442037855,0.937388659787957,4341.17873748515
"2885","mix_stand",0.539385748308619,1166.31430421122,0.860609501302791,4157.48381603587
"2886","mix_stand",0.767739556674875,1120.30404280679,0.870361968211335,3975.36753889438
"2887","dec_stand",0.639296039306728,1104.14129834322,0.84339281393064,3795.05717965407
"2888","dec_stand",0.8647174427986,1116.68694018615,0.9483477911873,3616.82284101175
"2889","mix_stand",0.890257697746785,1111.99167765888,0.962162617690004,3440.98713576704
"2890","mix_stand",0.920958229411549,1075.59109519565,0.947077151433695,3267.93727182303
"2891","mix_stand",0.905773954589551,1032.60383107328,0.966028301205477,3098.14010261453
"2892","mix_stand",0.978705215798767,988.918502260948,0.978762258829972,2932.16075907764
"2893","mix_stand",0.966044225077847,956.811547019265,0.96453710482513,2770.6854526411
"2894","mix_stand",0.811965601129746,928.217887447273,0.930658538306374,2614.54882850687
"2895","dec_stand",0.577548710169244,909.521739640826,0.784265775193652,2464.76567132077
"2896","mix_stand",0.760884519648127,897.553565135459,0.804312967825727,2322.56551923223
"2897","dec_stand",0.817247012902887,897.683125609201,0.777443970995531,2189.42638753311
"2898","dec_stand",0.652948401726471,892.060508821755,0.696155559385987,2067.09984287276
"2899","dec_stand",0.533439802861697,873.769893824322,0.732928348000388,1957.61389273963
"2900","dec_stand",0.934607163778759,851.082170545193,0.87980686612357,1863.23350236474
"2901","dec_stand",0.926609335842494,834.881176622845,0.919368573082313,1786.3545432668
"2902","dec_stand",0.664668303852585,819.672703473515,0.815237778341924,1729.31274290539
"2903","mix_stand",0.300389691569159,807.182881890566,0.65047092342165,1694.11307470754
"2904","mix_stand",0.153218672745827,807.548422211218,0.604364620444722,1682.12728281529
"2905","dec_stand",0.284450030828856,823.753453837934,0.598326195348675,1693.84822810314
"2906","dec_stand",0.602948401983672,831.427493683536,0.744634493944036,1728.79379413706
"2907","con_stand",0.34771498694961,814.863546535483,0.741819597544441,1785.60093077024
"2908","mix_stand",0.567542424869193,820.082204266062,0.83706847167592,1862.27009958291
"2909","mix_stand",0.842776411146621,835.258862619611,0.861224182407745,1956.46765935973
"2910","mix_stand",0.867174445932928,858.363041720753,0.915897780805094,2065.79718726434
"2911","dec_stand",0.836807038510917,867.874562165784,0.911484712623598,2187.99151601588
"2912","mix_stand",0.908108105937921,845.86430670061,0.963720669599218,2321.01966123581
"2913","mix_stand",0.873213211700947,819.794626184412,0.904589854963907,2463.12691511139
"2914","mix_stand",0.987256634551867,804.095481670008,0.980479583276057,2558.78219793342
"2915","mix_stand",0.767802689525178,773.796937859825,0.889664581939244,2772.28939799169
"2916","con_stand",0.755700815644637,760.216746351241,0.875076897559415,2930.3240821782
"2917","con_stand",0.685454543995733,752.829255050172,0.880794444215239,3096.25698420053
"2918","mix_stand",0.678599507193234,752.540389564758,0.833391729177088,3266.01468706913
"2919","mix_stand",0.679138460258643,745.735943760016,0.900595798278466,3437.17782845024
"2920","con_stand",0.870758617386736,1066.32776594491,0.944850971986508,5531.86278706923
"2921","open",0.330460156145789,1096.87567200324,0.966984459848115,5413.61408609101
"2922","open",0.0868772780873506,1124.14220768684,0.921113945100171,5257.91797845573
"2923","con_stand",0.365071769888428,1146.29962567051,0.903800733975674,5097.2372559334
"2924","con_stand",0.549253365063682,1171.21478764547,0.927103612220856,4939.43208601809
"2925","open",0.106483253142373,1191.98110633376,0.896657043256971,4784.78698956326
"2926","con_stand",0.195495715453728,1217.91649568854,0.892895060223202,4633.618375804
"2927","deadwood",0.0543062199914213,1246.39823249196,0.95330651553624,4486.2776868635
"2928","deadwood",0.0468660284359561,1276.07569454503,0.883594489571723,4343.15452507162
"2929","deadwood",0.00164014687864258,1299.38140443314,0.957651120230939,4204.6795939277
"2930","deadwood",0.000789473666564414,1294.72637516003,0.984601109435684,4071.32721117279
"2931","deadwood",0.1713875594892,1268.62348091089,0.968267468601893,3943.61706396284
"2932","mix_stand",0.634957159473817,1208.05401768212,0.938268726611809,3822.1147742858
"2933","deadwood",0.589688993879019,1129.60765323913,0.902643228832044,3707.43073600581
"2934","deadwood",0.366168910457389,1079.24040179212,0.88731306200366,3600.21658940254
"2935","open",0.100837320035867,1051.00272606663,0.843300499467616,3501.15864147269
"2936","open",0.343373205953915,1016.62496393377,0.859685074867743,3410.96755902369
"2937","open",0.425507954660361,990.29022706124,0.88630494145241,3330.36380271947
"2938","dec_stand",0.899999999084719,983.465151262055,0.951884794106894,3260.05857953243
"2939","dec_stand",0.914545453051061,977.386001513906,0.955664999301782,3200.73059460846
"2940","dec_stand",0.617160341940647,973.534975460431,0.92272523837107,3152.99956395159
"2941","open",0.567248802725671,958.265963139146,0.886023072614981,3117.39822207832
"2942","dec_stand",0.95265605768948,972.064120830783,0.965231577597896,3094.34526409955
"2943","mix_stand",0.77177033391135,983.531972164172,0.873708453795841,3084.12208992739
"2944","mix_stand",0.911220094157855,975.107578916413,0.907406313175505,3086.85617276999
"2945","mix_stand",0.798041614700414,960.894631767506,0.850077926164158,3102.51325715256
"2946","mix_stand",0.651985644550023,965.069030141146,0.795048798688433,3130.89947201772
"2947","mix_stand",0.759019137239841,987.201047577926,0.858627790041517,3171.67306173961
"2948","mix_stand",0.846560586180032,983.210885205496,0.905739063677473,3224.36412814175
"2949","mix_stand",0.792272725556955,950.454930136649,0.926846058388646,3288.39984866633
"2950","dec_stand",0.821835983289244,911.590627308429,0.915114823177074,3363.13226206242
"2951","mix_stand",0.848181816780467,874.675254529743,0.922504421056172,3447.86588676128
"2952","mix_stand",0.802488036810211,841.832553224701,0.877325855534185,3541.88300873722
"2953","deadwood",0.726095469643429,832.950983278608,0.880168531003386,3644.46523314139
"2954","deadwood",0.435861243184602,845.513726704429,0.773654763921026,3754.91064301941
"2955","deadwood",0.73471291679176,866.337590596322,0.866788013762478,3872.54652031552
"2956","con_stand",0.835226436345091,891.220888621075,0.92632880692018,3996.73800497673
"2957","deadwood",0.950071768799538,923.342266028007,0.949748872017319,4126.89330153632
"2958","dec_stand",0.876597305816784,963.380678137192,0.916119845326411,4262.46612625908
"2959","dec_stand",0.614138754744207,1011.81126009562,0.869949943622191,4402.95606907093
"2960","dec_stand",0.610717702113342,1058.05557678077,0.84817954138563,4547.90746697839
"2961","dec_stand",0.794663401468768,1089.7646635282,0.906048714147933,4696.90728284145
"2962","dec_stand",0.267511961598431,1129.18915751334,0.797234998151446,4849.58237710779
"2963","deadwood",0.0411961719830427,1181.77838295384,0.78975015115795,5005.59646340188
"2964","deadwood",0.00944920428179323,1234.48186501324,0.862574334353245,5164.64695693721
"2965","deadwood",0.00818181803013292,1284.49541294518,0.873288109613378,5025.72098215379
"2966","deadwood",0.0103794368738571,1297.9562033533,0.909764241905954,4834.93153926789
"2967","deadwood",0.0249760763844448,1275.04727859132,0.830497896129435,4644.92100836201
"2968","deadwood",0.0150239232294796,1259.60697060909,0.893315404109906,4455.78903718888
"2969","deadwood",0.0626193388813202,1245.4989641953,0.915121624362513,4267.65243423908
"2970","mix_stand",0.312846889474282,1206.42688243811,0.85407112715487,4080.64887493394
"2971","deadwood",0.261148325011633,1168.64110590739,0.758840608895137,3894.94156143691
"2972","dec_stand",0.478702569610668,1163.25150481169,0.815984831920014,3710.72511498355
"2973","dec_stand",0.65234449636815,1162.57574871739,0.839290085622961,3528.23306718496
"2974","mix_stand",0.935152996719029,1141.24013897488,0.9704377900996,3347.74743061913
"2975","dec_stand",0.974952151410674,1105.76867420251,0.976271616749501,3169.61097414981
"2976","dec_stand",0.963732056890093,1059.52821945117,0.970208709319813,2994.24300635213
"2977","dec_stand",0.959755200751336,1015.08429668525,0.973800682853748,2822.15967303264
"2978","dec_stand",0.942607654401204,977.355313971853,0.96564094501249,2653.99997069792
"2979","dec_stand",0.844282295537052,942.628710952102,0.908668426351185,2490.55878352172
"2980","mix_stand",0.572019582561866,929.686260919092,0.762187368967177,2332.82807965257
"2981","dec_stand",0.890382773247347,931.127959694018,0.845086729465917,2182.04656906038
"2982","mix_stand",0.834810279938991,928.206692306911,0.80741479531423,2039.75591558929
"2983","mix_stand",0.822009568490338,921.915720232366,0.806200793485322,1907.85684632936
"2984","dec_stand",0.860956936125514,908.19522755454,0.881255353092434,1788.64973716186
"2985","dec_stand",0.873047734598197,870.137378594575,0.874930844659321,1684.83073442065
"2986","dec_stand",0.888779903508045,847.408583864641,0.910098868239511,1599.39923417277
"2987","con_stand",0.73875598006093,825.542680767735,0.888402740341838,1535.42756328602
"2988","con_stand",0.41123622874735,812.207149024693,0.725400583306726,1495.67184874
"2989","deadwood",0.328421052460643,806.329269190154,0.767531111471034,1482.08209667961
"2990","mix_stand",0.265116278465149,818.0680986869,0.604421298902464,1495.37185630716
"2991","dec_stand",0.449090907956211,836.080851979233,0.630094453917469,1534.84306074232
"2992","mix_stand",0.358564592519124,823.20672651227,0.766025856048154,1598.55748683027
"2993","dec_stand",0.608004894586351,830.745596093093,0.812584735651477,1683.76525721141
"2994","dec_stand",0.667296649246481,845.643112511156,0.698684901875215,1787.39515193773
"2995","dec_stand",0.784736840669333,858.511882544705,0.867737704941459,1906.44538395896
"2996","dec_stand",0.859608322158547,854.991866038216,0.912706043502838,2038.21568041949
"2997","dec_stand",0.924617222960343,849.125915636857,0.912972803677668,2180.40108760453
"2998","mix_stand",0.911358627035867,829.225039422585,0.919027614203194,2331.09657259522
"2999","mix_stand",0.914874998517334,799.494698143005,0.91351531223394,2488.75674659137
"3000","mix_stand",0.793560088981712,776.704328818116,0.903637348456718,2652.13982316475
"3001","con_stand",0.639999999178212,763.44154362465,0.82024653732999,2820.25135838533
"3002","con_stand",0.754425836299239,761.207865555321,0.91604820155855,2992.29450293642
"3003","mix_stand",0.788606355695423,763.750610351562,0.86409353884734,3167.62871009818
"3004","mix_stand",0.653544971788371,754.397527462591,0.853567346220925,3298.57884384191
"3005","deadwood",0.0012903225518042,1136.13619601342,0.928748147622232,5308.33024801431
"3006","open",0.0559999995430311,1155.27349202474,0.865903286536535,5167.18452229378
"3007","open",0.0958641973657556,1186.53440028061,0.924979064015695,5057.34337307462
"3008","deadwood",0.00597644135383664,1205.77649712843,0.790966909325648,4916.08828771105
"3009","con_stand",0.00867378997828959,1235.11288465575,0.877135509687126,4769.08334284772
"3010","deadwood",0.0244717443549516,1261.04891285439,0.951529255022434,4626.05916202757
"3011","deadwood",0.00297297294771056,1283.11513067522,0.954919785956786,4487.39639114138
"3012","deadwood",0.0172218729178161,1295.49914673542,0.96580285317189,4353.51179313328
"3013","deadwood",0.00270270267890478,1289.71679747485,0.994054818255895,4224.85964923177
"3014","deadwood",0.082186732065912,1266.19024643207,0.972114289861346,4101.93231776176
"3015","deadwood",0.618956629591944,1231.42214960066,0.978777611165733,3985.25958806995
"3016","mix_stand",0.880294839057531,1162.18104466994,0.988504252650521,3875.40640321857
"3017","deadwood",0.479346321990548,1096.4865794011,0.930922048973033,3772.96848077303
"3018","open",0.251572481189518,1042.55703555395,0.881338907382851,3678.56535685585
"3019","deadwood",0.47641277541601,1018.96238558533,0.903517133535712,3592.83044038482
"3020","mix_stand",0.763218100549739,1042.85607238808,0.914283636247939,3516.39781921563
"3021","dec_stand",0.916314494903646,1045.55173089405,0.956684840142873,3449.88582905597
"3022","con_stand",0.869852578729684,1039.77797997027,0.93715925346282,3393.87778285452
"3023","dec_stand",0.848673788351806,1032.96782445997,0.913516935876598,3348.90073565384
"3024","dec_stand",0.733488942274517,1013.74212923917,0.75326910786587,3315.40366025475
"3025","mix_stand",0.754519169558938,1038.00529770578,0.817328869762621,3293.73682683277
"3026","mix_stand",0.797027025316872,1055.04589420103,0.851259920398272,3284.13439116976
"3027","dec_stand",0.860761669452968,1051.10487320734,0.898327253685683,3286.70209707211
"3028","mix_stand",0.757812695091884,1021.81481780143,0.854280061799726,3301.41154831107
"3029","mix_stand",0.596068794511863,1015.76424743502,0.770142682075171,3328.10175753587
"3030","mix_stand",0.912653561155209,1038.77333777425,0.952868667534147,3366.48777904527
"3031","dec_stand",0.853500941296481,1024.63467543414,0.902035545171394,3416.17537388546
"3032","mix_stand",0.784201472398141,977.467384769524,0.850210545561677,3476.68002044138
"3033","mix_stand",0.917133875945167,934.867627904522,0.951428037031427,3547.44828075481
"3034","mix_stand",0.882481570605015,890.350239896657,0.945373339537321,3627.87957427084
"3035","mix_stand",0.877616705469037,857.196567582264,0.935634116777185,3717.34672405605
"3036","deadwood",0.681257069330969,845.352937459796,0.903773942602872,3815.21410787494
"3037","mix_stand",0.424619163873924,863.703860008746,0.781836938067209,3920.85274801838
"3038","deadwood",0.866289924422888,890.506625838596,0.912414277507866,4033.65211873413
"3039","deadwood",0.772419859920374,914.936528002669,0.945252207092037,4153.02878859174
"3040","deadwood",0.790442259300326,943.469261375633,0.901110894502088,4278.43223428442
"3041","dec_stand",0.901671902839115,985.372392367897,0.909304143440641,4409.3482747917
"3042","dec_stand",0.8311302201589,1035.25380892367,0.900471650878613,4545.30060545898
"3043","mix_stand",0.272039311363634,1103.9173840422,0.661482798522544,4685.85088752034
"3044","mix_stand",0.246536768926044,1154.24353925032,0.760311978922409,4830.59779392667
"3045","deadwood",0.0542506141226546,1188.77086457574,0.768536210279793,4979.17534474946
"3046","deadwood",0.0597542997596085,1228.62629860918,0.833756429502507,5131.25079695943
"3047","deadwood",0.0154368319717838,1273.42923320816,0.84292388072859,5286.52229062617
"3048","deadwood",0.0904914000980025,1337.46917942056,0.824614083179312,4970.40600342993
"3049","deadwood",0.0855562536690986,1367.306900034,0.889694853502576,4777.40791056894
"3050","deadwood",0.0397051595133118,1326.1218239974,0.929250755587579,4585.0140110006
"3051","deadwood",0.0224815721941668,1302.809613502,0.95592433939109,4393.30368290778
"3052","deadwood",0.010106850900154,1284.9232747805,0.948806928209656,4202.37048003695
"3053","deadwood",0.0235626533197317,1248.42515237794,0.907870185627838,4012.32534631999
"3054","deadwood",0.0447665845531357,1229.58301133664,0.832876169189115,3823.3007140444
"3055","deadwood",0.0327341292430439,1234.88925491228,0.841938813084105,3635.45576885248
"3056","deadwood",0.23371007306277,1217.66056647523,0.797108242768767,3448.98326707336
"3057","dec_stand",0.819233184889905,1191.07189128116,0.923932182768244,3264.11843194801
"3058","mix_stand",0.934471742316385,1163.49913838454,0.971922203532308,3081.15065048118
"3059","dec_stand",0.917837836589728,1105.81206780511,0.956937878555103,2900.43895920331
"3060","dec_stand",0.890509112807732,1051.56393526606,0.918818438824882,2722.43266456499
"3061","dec_stand",0.934938573134326,1003.06120795173,0.951623401217877,2547.69890332704
"3062","dec_stand",0.600982800043698,966.744739954243,0.781116005980595,2376.95949120436
"3063","dec_stand",0.726989313562024,961.898948952359,0.774112861657352,2211.13992671179
"3064","mix_stand",0.859705158017338,972.087104741127,0.823298983546071,2051.43358654929
"3065","mix_stand",0.840678816355676,964.590725748289,0.826975220389369,1899.38315681037
"3066","dec_stand",0.886781325389881,952.521268465009,0.832090163370022,1756.97741150584
"3067","con_stand",0.940466828516133,944.05609966906,0.958266106555444,1626.75121161904
"3068","dec_stand",0.847014454425805,906.415137271174,0.887534600882168,1511.85515716524
"3069","dec_stand",0.838083536878997,857.722022954018,0.882638410571276,1416.02583301124
"3070","mix_stand",0.661056510092695,831.329822362202,0.872149120476234,1343.34989299452
"3071","deadwood",0.445380263259994,816.361474018588,0.804514484467145,1297.72313764941
"3072","mix_stand",0.295995085177536,807.84943129331,0.747052060476795,1282.03680941049
"3073","deadwood",0.188007541679871,810.811283133151,0.731557657941005,1297.37737419452
"3074","dec_stand",0.393857492847913,827.752275471605,0.628875684251675,1342.68177657046
"3075","dec_stand",0.41457002379769,833.962480399767,0.704972033896907,1415.07501103676
"3076","dec_stand",0.40575738452108,838.713179112979,0.674001706746541,1510.66768424553
"3077","dec_stand",0.68400491246409,842.660999045032,0.763732171889752,1625.37166494876
"3078","dec_stand",0.511547910635353,832.2651562515,0.722555191031856,1755.44463820939
"3079","mix_stand",0.565430545674825,827.399369101342,0.799418879540591,1897.72899488011
"3080","mix_stand",0.79336609140368,833.417494527831,0.875780671734262,2049.68325108301
"3081","dec_stand",0.888045253130267,824.220070216133,0.862311339149829,2209.3130500418
"3082","dec_stand",0.766609334599693,803.060698938018,0.785097994926301,2375.07126376117
"3083","mix_stand",0.87906461416758,778.176442570613,0.94448422729052,2545.76108351164
"3084","open",0.508651044330618,767.464292384915,0.872682861139157,2720.454394434
"3085","mix_stand",0.848321376141252,773.455183250832,0.88517539735504,2898.42739456476
"3086","mix_stand",0.904812832049189,770.500722303747,0.911997348866998,3095.16846778704
"3087","deadwood",0.0213851759692299,1218.97602438202,0.81321143086452,5044.21805631481
"3088","deadwood",0.00950345683592359,1241.10992251336,0.846959934659457,4908.96421886176
"3089","deadwood",0.00378378371751572,1260.00890183507,0.910943426869132,4770.13588391463
"3090","deadwood",0.000835380821285142,1274.28495649858,0.956837458385004,4635.78457309035
"3091","deadwood",0.00802011309293439,1289.41397119662,0.987481639641475,4506.31073866105
"3092","deadwood",0.00233415233232172,1291.6569173377,0.994361939791965,4382.1467281182
"3093","deadwood",0.0990417687959182,1267.26945979238,0.974462158373884,4263.75644570323
"3094","mix_stand",0.832633562540573,1215.60552506654,0.974053840454384,4151.63386125213
"3095","mix_stand",0.831793610043183,1148.70334312195,0.966022947899247,4046.30004023224
"3096","deadwood",0.545870520942508,1086.50595067838,0.923804457975513,3948.29835769035
"3097","open",0.161253071117789,1043.21885122538,0.870100748764136,3858.18758423541
"3098","deadwood",0.456167075435199,1048.92373282318,0.912174612247095,3776.5326103442
"3099","open",0.381445630696455,1087.40038433351,0.893824567647193,3703.89272075346
"3100","dec_stand",0.923046681567734,1094.10493270537,0.982580048556117,3640.80755117652
"3101","deadwood",0.835061423700184,1089.29891682843,0.956234316201995,3587.78114864009
"3102","dec_stand",0.941646762103273,1081.94390389606,0.978600009142566,3545.2648877523
"3103","deadwood",0.774348892985456,1062.28568472148,0.914728109425057,3513.64031825533
"3104","dec_stand",0.834393461720139,1088.08728633475,0.958825120829996,3493.20326573349
"3105","dec_stand",0.958181816851148,1117.88727788902,0.962170488015733,3484.15060427979
"3106","dec_stand",0.975847663096992,1111.71305888408,0.978353374749788,3486.57101157669
"3107","dec_stand",0.919170330992141,1072.95906631786,0.957508423675313,3500.44068827093
"3108","mix_stand",0.66343980273392,1058.88706141666,0.875813338045186,3525.62451394015
"3109","mix_stand",0.874348892205617,1081.5693495092,0.932592013388579,3561.88251102206
"3110","mix_stand",0.600452545105399,1055.87401472915,0.771988407479825,3608.88091230221
"3111","mix_stand",0.886486485124513,997.17953322502,0.925092863600875,3666.20668591293
"3112","dec_stand",0.928950344079474,949.902568747606,0.941186759136219,3733.38413457187
"3113","mix_stand",0.788083536568709,907.899264661334,0.915502795624645,3809.89216861645
"3114","mix_stand",0.81840294731337,872.850219951508,0.917721594123202,3895.1810207521
"3115","deadwood",0.824236327474369,864.063701867008,0.94721986818883,3988.68745831412
"3116","mix_stand",0.375036853926224,869.459739028968,0.811026945211341,4089.84788268707
"3117","mix_stand",0.812407860079327,897.985975898162,0.947139139129284,4198.10902366889
"3118","mix_stand",0.575512254874074,925.741733476698,0.929350024195754,4312.93619862175
"3119","mix_stand",0.59842751713822,950.959513821239,0.859081513497805,4433.81929489954
"3120","dec_stand",0.898453799866042,983.987083487807,0.975772949077287,4560.27674970449
"3121","dec_stand",0.881105649511556,1032.7472261621,0.933559967008138,4691.85785543304
"3122","mix_stand",0.322260441661284,1108.67985260985,0.679137757384385,4828.14372661937
"3123","con_stand",0.0172470143190126,1198.23241780855,0.731870636214004,4968.74724269458
"3124","deadwood",0.00346437340524478,1239.06258630401,0.82057118987898,5113.31224220178
"3125","deadwood",0.0184275183268349,1268.97961455774,0.852712301395522,5261.51219881253
"3126","deadwood",0.0593588934388272,1283.70869496631,0.872534367721235,5117.947203042
"3127","deadwood",0.0793857491627812,1325.18080060429,0.854623557967694,4922.60462629883
"3128","deadwood",0.0407039593837308,1366.67485770484,0.930439768067551,4727.65541459594
"3129","deadwood",0.0262653560260956,1361.65806755797,0.927854978609876,4533.15031849414
"3130","deadwood",0.0159950857931698,1337.46115637177,0.945542133850313,4339.14906168543
"3131","deadwood",0.0151602763713043,1313.62519235089,0.956687537886525,4145.72237704176
"3132","deadwood",0.029484029296392,1291.25369862549,0.912993563444374,3952.95461066671
"3133","deadwood",0.0281326778608326,1286.60808853787,0.906926368722459,3760.94708272035
"3134","deadwood",0.0105342550436181,1295.41095596016,0.944653391950465,3569.82246652698
"3135","deadwood",0.015135134984476,1268.39232393682,0.938549202347417,3379.73055205482
"3136","deadwood",0.336341922539611,1232.93728486162,0.896355053919205,3190.85591102477
"3137","dec_stand",0.837125306010832,1175.70955776055,0.948293805122375,3003.42820186982
"3138","dec_stand",0.66078623927013,1113.21778296018,0.91977250980584,2817.73617662932
"3139","mix_stand",0.808372091672879,1070.5540391693,0.925505510540146,2634.14692771168
"3140","dec_stand",0.716781325963227,1029.30268676158,0.800804401617451,2453.13260767757
"3141","dec_stand",0.823120391522637,1001.79360163358,0.840743827768567,2275.30785242382
"3142","dec_stand",0.88314267654864,998.116630894669,0.868424399460284,2101.4825086358
"3143","dec_stand",0.833808352534616,1008.72631869679,0.838989744937684,1932.73596832175
"3144","dec_stand",0.69284726454075,1004.84089166724,0.773195038495163,1770.52099414602
"3145","dec_stand",0.820663388827655,976.635813307704,0.841331018551415,1616.80473047061
"3146","dec_stand",0.958132677031933,949.371528606743,0.97185732922185,1474.24799830838
"3147","dec_stand",0.92357008018672,912.050351433601,0.965626323770083,1346.40018673428
"3148","dec_stand",0.810147419013541,859.679498695917,0.847273775442739,1237.8273075873
"3149","dec_stand",0.767837836770959,832.82603799506,0.817695319258976,1153.98271313453
"3150","mix_stand",0.613526082976407,817.729560012865,0.812366171800288,1100.53279789133
"3151","mix_stand",0.231449631026761,809.535919976762,0.66122402995596,1081.99142993712
"3152","mix_stand",0.146599622374245,813.397141030418,0.681489676609401,1100.12506010169
"3153","mix_stand",0.417960687245286,820.714552370863,0.732528202093827,1153.20489048341
"3154","dec_stand",0.532211301216732,837.221921316236,0.737834777078919,1236.73949122478
"3155","dec_stand",0.502853550265077,841.770469104472,0.717917209888014,1345.06665151136
"3156","dec_stand",0.522481571100378,835.562932719763,0.731150612846035,1472.72560342124
"3157","dec_stand",0.316412775537013,820.672880243025,0.693420870385776,1615.13893737788
"3158","con_stand",0.51283469409837,808.950792697448,0.807317879769804,1768.74632131867
"3159","mix_stand",0.495184274298809,800.667482680712,0.773452267888247,1930.87803586191
"3160","mix_stand",0.727919546745619,792.476730567266,0.841987317778044,2099.56021767089
"3161","mix_stand",0.641867320952566,780.983869810362,0.765229779421478,2273.3351939187
"3162","mix_stand",0.593759212514765,769.930131392045,0.782449919332267,2451.12002525219
"3163","con_stand",0.264060338929829,760.826964833315,0.865960925171242,2632.10230243168
"3164","mix_stand",0.799211820939247,773.185024117406,0.897048773363306,2799.96987151718
"3165","deadwood",0.0236582106280231,1265.52374797256,0.885231303158048,5165.57096263203
"3166","deadwood",0.0108359520874407,1274.20576965217,0.806923498229213,5052.89428984286
"3167","deadwood",0.00356265350590467,1283.60447719115,0.866709959338572,4918.13039309734
"3168","deadwood",0.00240786235861901,1288.53073382553,0.926587699836976,4787.93359163444
"3169","deadwood",0.00123192959521867,1296.2305345805,0.990973751999012,4662.68648393646
"3170","deadwood",0.000638820624541885,1299.1693840308,0.993960552814552,4542.7984846589
"3171","deadwood",0.177174446468198,1267.20103143416,0.965675559691188,4428.70483912724
"3172","deadwood",0.754569451813425,1209.44566083389,0.98218993571927,4320.86457634852
"3173","mix_stand",0.940466829307872,1154.19971003052,0.96512157563349,4219.75715856816
"3174","open",0.478617221018678,1096.50591630534,0.914568312826732,4125.87759422508
"3175","open",0.0979361178293934,1058.43573507923,0.938101659828673,4039.7298205258
"3176","deadwood",0.610884519092537,1074.64162833099,0.962983654633494,3961.81824144239
"3177","mix_stand",0.781395347284342,1107.41530967343,0.972514583620914,3892.63743349807
"3178","dec_stand",0.913980341198367,1126.74012010279,0.985349980706958,3832.66020593264
"3179","dec_stand",0.870810808577284,1122.17201251656,0.973911014433575,3782.32441424737
"3180","dec_stand",0.893953486171854,1110.89087006133,0.97471220365191,3742.019154158
"3181","dec_stand",0.758181816003576,1090.83514029388,0.944880165415988,3712.07117126449
"3182","deadwood",0.63738529139686,1101.26034490272,0.97191976238391,3692.73246606648
"3183","dec_stand",0.812800981516261,1130.75039822815,0.965180930473295,3684.17011093294
"3184","dec_stand",0.977862405780639,1130.14101160598,0.975833406465938,3686.45919570093
"3185","dec_stand",0.913060965242437,1103.13577448895,0.982855962890263,3699.5795777018
"3186","mix_stand",0.574938573744102,1084.68183955162,0.894880603834145,3723.41675841156
"3187","mix_stand",0.744176902659512,1098.35481183476,0.904993079488305,3757.76679914635
"3188","dec_stand",0.735009426580031,1073.13204685597,0.777123174807472,3802.34479388188
"3189","mix_stand",0.847837836081185,1014.47390930776,0.911205296077438,3856.79610573322
"3190","mix_stand",0.920754240817577,969.083094320531,0.922866132445189,3920.70939061368
"3191","mix_stand",0.91968058799771,929.227860434342,0.928018289423692,3993.63039162375
"3192","con_stand",0.941744469280105,896.300149491144,0.954517888898346,4075.07557462862
"3193","deadwood",0.902501570076069,889.336770931031,0.95537722386106,4164.54485241027
"3194","open",0.58309582219498,877.452333942385,0.938099799069052,4261.53286638474
"3195","mix_stand",0.864250612113378,895.089774391868,0.956603467610896,4365.53851999324
"3196","con_stand",0.946624762565366,925.143025089554,0.962989001136243,4476.07265608442
"3197","deadwood",0.77697788553738,951.093631791248,0.897257383610751,4592.66392524317
"3198","dec_stand",0.882765554107075,981.298258859957,0.961455142625393,4714.86299828345
"3199","dec_stand",0.822309581068612,1023.99960420876,0.926222598056609,4842.24533760919
"3200","mix_stand",0.339631449252697,1089.48803343527,0.701136534305916,4974.41276747779
"3201","mix_stand",0.0531238212497784,1157.04421009229,0.726762805173863,5110.99408212477
"3202","deadwood",0.0847420144862786,1172.22046183368,0.802655341712351,5251.64491263473
"3203","deadwood",0.0655528253415732,1169.92044952168,0.792845219776437,5396.04704611279
"3204","deadwood",0.134104336491926,1185.04709059873,0.77725913820965,5079.42135865656
"3205","deadwood",0.0933415231544351,1256.52208610366,0.8150745869708,4882.53755076057
"3206","deadwood",0.043444374240209,1314.8514272329,0.937846009102653,4685.92160150211
"3207","deadwood",0.0299999997367584,1349.71169848993,0.962780107663949,4489.60870246764
"3208","deadwood",0.0879852577073715,1361.41430694055,0.951633484819012,4293.64042184593
"3209","deadwood",0.0212696414653945,1347.15381618958,0.969255069004972,4098.0661985783
"3210","deadwood",0.032800982420216,1332.42392875053,0.946500338009886,3902.94527103685
"3211","deadwood",0.0257493854026683,1326.76809782361,0.941683677237948,3708.34919262128
"3212","deadwood",0.00995600243209669,1326.52679677372,0.950706497321782,3514.36514964655
"3213","deadwood",0.0133415232034954,1292.83792136752,0.964890083861,3321.10039002239
"3214","deadwood",0.209201759611339,1244.23030624533,0.891934111704997,3128.68821090275
"3215","dec_stand",0.779754298356996,1180.04114099451,0.927411103552477,2937.29616592327
"3216","dec_stand",0.856805895379669,1136.24162776113,0.944926832502831,2747.13748045371
"3217","dec_stand",0.793815208972437,1103.00000790273,0.927659918032563,2558.48717634614
"3218","dec_stand",0.766437344761057,1068.32114434769,0.814338259188417,2371.70522016484
"3219","dec_stand",0.868673217297516,1043.9910514138,0.846897022034378,2187.27030702544
"3220","dec_stand",0.514971715096668,1043.70730462305,0.642581679477192,2005.82996922083
"3221","dec_stand",0.686879605842017,1047.96649019958,0.743603551627597,1828.27598015761
"3222","mix_stand",0.557083593799699,1036.30759252024,0.692265500495413,1655.85898511093
"3223","dec_stand",0.714201472695066,972.027756112214,0.795721094062236,1490.36291629742
"3224","dec_stand",0.924545453261831,919.740504009425,0.94882942165914,1334.36538874971
"3225","dec_stand",0.606536768545414,881.9238828303,0.869129244146821,1191.60273741416
"3226","mix_stand",0.739926289245303,849.084614671712,0.849310588393662,1067.3986610578
"3227","dec_stand",0.465577394584839,828.941584181727,0.782367421227166,968.916634240884
"3228","mix_stand",0.492168447062476,817.246749292898,0.756606160709313,904.59698830128
"3229","mix_stand",0.276658476222792,813.012392348681,0.654008667687233,881.945975111705
"3230","dec_stand",0.753915774464457,823.371245973444,0.769546424214904,904.100890060413
"3231","dec_stand",0.532702701875633,827.544296864503,0.728906080569813,967.99011379295
"3232","deadwood",0.326388205866117,833.86098984477,0.700985942910602,1066.13696398785
"3233","dec_stand",0.493752356204201,847.226836295041,0.676113724689825,1190.09575922557
"3234","dec_stand",0.689213757625156,843.410617725269,0.750566292041569,1332.68320722698
"3235","dec_stand",0.607665846957219,825.905768991981,0.760564258438821,1488.55563216711
"3236","deadwood",0.40812067812078,810.86956990432,0.788197424522666,1653.96128546143
"3237","dec_stand",0.484520883676974,797.426898365817,0.739550604289088,1826.31178117221
"3238","dec_stand",0.276379634624454,780.95202778661,0.701256663688955,2003.81591838581
"3239","con_stand",0.530565109383086,769.346824064887,0.792327393427564,2185.21817491216
"3240","mix_stand",0.685552824476244,761.889964898037,0.791847281926826,2369.62347929038
"3241","con_stand",0.235424260989927,754.592207011301,0.759778788522832,2556.38203711175
"3242","deadwood",0.705308519880288,752.675804504335,0.85565405422922,2745.01357558601
"3243","con_stand",0.398709676919445,751.273883450416,0.778547278335018,2858.22325567908
"3244","deadwood",0.0267346935207341,1279.48805745443,0.918367650841369,5296.14240774422
"3245","deadwood",0.00287491356041321,1283.37137855261,0.967003082149838,5200.53738339411
"3246","deadwood",0.00262899260684225,1288.32884527483,0.957554445695818,5069.6996110603
"3247","deadwood",0.00194103192968216,1295.76387462569,0.980975661692221,4943.49622422167
"3248","deadwood",0.00309239470737674,1296.69419192369,0.989126427903406,4822.29109382079
"3249","deadwood",0.00174447172378586,1287.78636930499,0.970191721504678,4706.47039407984
"3250","deadwood",0.0266093365271422,1249.65340204262,0.980405067452927,4596.44117217831
"3251","deadwood",0.341169075212675,1199.89318302905,0.976866897886313,4492.62896646864
"3252","mix_stand",0.889361177289662,1148.90805886009,0.950111596824496,4395.47429903669
"3253","mix_stand",0.351074795212332,1100.22869424203,0.887296251517133,4305.42788799507
"3254","deadwood",0.187739557222777,1081.31869169418,0.951735815724372,4222.94446873489
"3255","deadwood",0.290933660430609,1099.45339508432,0.958922222476334,4148.47518678308
"3256","mix_stand",0.415034568727503,1121.38559203564,0.967516981903522,4082.45863013012
"3257","dec_stand",0.848181816280181,1148.89930211473,0.969742682078254,4025.31070354804
"3258","dec_stand",0.60818181658754,1148.32767893348,0.979998294492904,3977.41370182503
"3259","dec_stand",0.680804524189043,1132.66516489236,0.981006306233757,3939.10509542565
"3260","mix_stand",0.699508598527393,1112.29673950795,0.955429951520751,3910.66667617048
"3261","deadwood",0.504688874102478,1101.46173229973,0.948204816249389,3892.31479371237
"3262","open",0.115479115511151,1108.12639323616,0.958153860904368,3884.19242011994
"3263","open",0.337125306235082,1105.45113213466,0.931930241039988,3886.3636939417
"3264","deadwood",0.426348208032413,1090.97891981507,0.929639384450214,3898.81141741262
"3265","deadwood",0.34877149818845,1074.97109033083,0.939590500763798,3921.43773090577
"3266","deadwood",0.24931203879654,1068.91288543626,0.832976155120339,3954.06790382456
"3267","mix_stand",0.132269013146235,1062.13311556583,0.663388308828391,3996.45690588207
"3268","mix_stand",0.47068796004798,1031.22382885232,0.735393627050175,4048.29819984941
"3269","dec_stand",0.8574230025571,1002.61137492757,0.932635868592205,4109.23405649245
"3270","mix_stand",0.798624077239772,971.678789218462,0.892629709003232,4178.8666464669
"3271","deadwood",0.906142504098631,934.027334152334,0.94874103122027,4256.76920546896
"3272","dec_stand",0.877184159477727,927.849108587489,0.935081301808432,4342.49667703527
"3273","con_stand",0.852727270289267,919.221720665034,0.957910947062313,4435.59538429749
"3274","mix_stand",0.861179359504354,897.244504211576,0.922342919582085,4535.61144037683
"3275","deadwood",0.886712757602456,916.221249794376,0.939382830818519,4642.09775474769
"3276","deadwood",0.793685501940201,947.788465982573,0.91368403514568,4754.61961600126
"3277","dec_stand",0.781370206168805,979.129796074292,0.942160914054388,4872.75892310958
"3278","mix_stand",0.530859949932198,1017.27100471665,0.842218884131905,4996.11719781332
"3279","con_stand",0.181056510588424,1066.71385024162,0.766033827590342,5124.31754357803
"3280","deadwood",0.0968447512075408,1088.92400344283,0.74025647248546,5257.00572780556
"3281","deadwood",0.0608845206677767,1087.56683364606,0.749935528808056,5393.85055952768
"3282","deadwood",0.021351351167009,1108.01808687627,0.764913128391457,5246.81634091193
"3283","deadwood",0.0350722812682784,1146.60742977773,0.789985098183567,5048.53398552864
"3284","deadwood",0.183218672821248,1229.70260470154,0.833321106466819,4850.3964644352
"3285","deadwood",0.0295411687810267,1300.97240060055,0.915305751494684,4652.42228229506
"3286","deadwood",0.0273218669811909,1351.94992305371,0.945778611397567,4454.63321664034
"3287","deadwood",0.035749385485778,1392.22245162476,0.929090127129227,4257.05506989794
"3288","deadwood",0.0312507853314683,1390.33854555409,0.952146081337009,4059.71863715402
"3289","deadwood",0.0242751840712544,1373.67097679344,0.956400285207229,3862.66096478949
"3290","deadwood",0.0399262897203464,1349.06334316994,0.925734446130849,3665.92700640567
"3291","deadwood",0.0123444372925048,1340.87273068911,0.953032869997825,3469.57182876713
"3292","deadwood",0.0139557737948634,1312.01844416438,0.94798487834907,3273.66359068127
"3293","deadwood",0.0324827152170302,1278.1996527863,0.94224948631301,3078.28762564634
"3294","deadwood",0.294594593991409,1234.80704972551,0.897727906392745,2883.55212866153
"3295","dec_stand",0.739975428890611,1192.47713701028,0.911589292987852,2689.59621922442
"3296","dec_stand",0.847466999900221,1155.30751406839,0.939476326979008,2496.60159766099
"3297","dec_stand",0.863857491724468,1114.42102950562,0.925296971267799,2304.80975866059
"3298","dec_stand",0.841056510078416,1089.02777556998,0.886356093849831,2114.54800867423
"3299","dec_stand",0.416719043183671,1107.32665102591,0.613866836844114,1926.2697914698
"3300","dec_stand",0.385945945209309,1084.67672234613,0.734699168025129,1740.61888684174
"3301","dec_stand",0.708158389960798,1018.36333537986,0.791995740406061,1558.53446547439
"3302","dec_stand",0.801302210334002,967.812867935518,0.770880850855746,1381.42753050381
"3303","dec_stand",0.785356263563733,923.70046348478,0.871878116883576,1211.48303128977
"3304","dec_stand",0.754921432123253,889.85271288418,0.865996287406278,1052.17727558616
"3305","dec_stand",0.791302209880194,865.394261315648,0.838076930502269,909.120275040721
"3306","dec_stand",0.737641276658973,842.843118166162,0.796222285845795,791.17577109825
"3307","mix_stand",0.524651161502136,826.116327291761,0.774795143821704,710.953794628587
"3308","mix_stand",0.222874692263635,819.843555572285,0.734670567566515,681.900481330899
"3309","dec_stand",0.488799496248861,824.833280034668,0.753725548151302,710.32246605753
"3310","mix_stand",0.910221128209657,833.949955408345,0.9475048754797,790.040831931782
"3311","deadwood",0.598353807235489,837.440776778088,0.878295912661336,907.638583037709
"3312","deadwood",0.417976115186922,843.746611071862,0.68796586820131,1050.47029928248
"3313","dec_stand",0.764004911957377,850.467265548519,0.746997013324254,1209.6299735311
"3314","dec_stand",0.740221128760121,834.51277520557,0.784451879615866,1379.47753405851
"3315","dec_stand",0.512281582803752,821.793203568474,0.764526262635858,1556.51811167632
"3316","dec_stand",0.321130220469371,808.3096332222,0.737327040820691,1738.55565567035
"3317","dec_stand",0.41025769921742,794.483387120485,0.649209841781446,1924.17246488514
"3318","mix_stand",0.503316952858386,781.636066521122,0.643951722690767,2112.42522997339
"3319","mix_stand",0.515847664784082,763.804119025753,0.75150058001591,2302.66754019243
"3320","con_stand",0.437360150270084,751.85261083923,0.791466737111022,2494.44423066636
"3321","mix_stand",0.27017198997282,746.415716747687,0.748580620995279,2687.42683806438
"3322","dec_stand",0.456465916058466,753.406734363043,0.764017041420045,2881.37307039116
"3323","mix_stand",0.91127478548724,761.316441695346,0.861467964124072,3014.74178571716
"3324","deadwood",0,1279.65447998047,1,5216.72087701946
"3325","deadwood",0.00341637003039974,1284.21172639568,0.968768821280198,5172.14037263156
"3326","deadwood",0.00890251369216119,1290.12732120703,0.97851069309023,5102.1602551299
"3327","deadwood",0.00749082001088007,1278.58342863384,0.976903998611023,4984.81444484672
"3328","deadwood",0.00653110038596049,1243.19128834118,0.979957340294094,4872.85815298745
"3329","deadwood",0.00497607655074608,1216.02208691465,0.986056523941208,4766.67115058255
"3330","deadwood",0.177894736527302,1173.53379741468,0.95775704116833,4666.64728530947
"3331","open",0.312464114193889,1129.13920936402,0.915796030589054,4573.19097154177
"3332","open",0.0417135860930531,1097.9115473585,0.934436137848414,4486.71262595675
"3333","deadwood",0.0807655499579661,1107.34825871664,0.976612698625435,4407.62299461311
"3334","deadwood",0.195933014078681,1116.37091641221,0.960855643251581,4336.32638143481
"3335","deadwood",0.226315789180038,1130.17871489694,0.949544238106711,4273.21287311741
"3336","mix_stand",0.439928228993628,1152.57425905073,0.911284200597608,4218.64975798672
"3337","mix_stand",0.531004783447885,1154.73223468105,0.928367855481839,4172.97244791573
"3338","open",0.363892288306315,1139.61653314635,0.974117904937982,4136.47531969819
"3339","deadwood",0.141339712722771,1122.79171563107,0.972797175236581,4109.40297838569
"3340","deadwood",0.0664626682174906,1112.82546507743,0.962315418729,4091.94249176722
"3341","open",0.489760764526943,1117.43661243493,0.93630949931852,4084.21713697326
"3342","dec_stand",0.589043060977137,1119.67372160551,0.925764702919995,4086.28212887893
"3343","dec_stand",0.709130965182364,1104.93713909322,0.930014666101486,4098.12266781517
"3344","deadwood",0.316985645358179,1085.22337494627,0.853491714692109,4119.65446523443
"3345","deadwood",0.239377989879315,1078.88464727812,0.80300842836927,4150.72670434604
"3346","dec_stand",0.639999998817756,1073.76289754282,0.854868128622176,4191.12719732835
"3347","mix_stand",0.786339710992382,1048.84219426059,0.873381302010214,4240.58933910592
"3348","mix_stand",0.740685433313488,1014.44768652105,0.911430638251573,4298.80035014607
"3349","deadwood",0.771985644782096,992.917960755563,0.906151418337982,4365.41025639228
"3350","deadwood",0.907679424456289,985.756666338615,0.952712487233312,4440.04107092506
"3351","mix_stand",0.788567930172714,973.055599927027,0.889745874797773,4522.29570738868
"3352","deadwood",0.771626792767901,972.796547155061,0.903738109546415,4611.76625245559
"3353","mix_stand",0.918684209117657,944.055353593598,0.937649684623953,4708.04133564466
"3354","mix_stand",0.831040390214291,916.703243895289,0.912089081497058,4810.71244387165
"3355","con_stand",0.348349282473468,937.769171463816,0.752794851802967,4919.37912400673
"3356","dec_stand",0.411064870878963,972.821877450371,0.72273459393107,5033.65309317027
"3357","dec_stand",0.551196170208806,1008.24763777153,0.82184659338525,5153.16133141828
"3358","con_stand",0.186339712189288,1049.20878403951,0.788665874277433,5277.54826613748
"3359","mix_stand",0.0503794366911035,1074.78717041016,0.751839508862215,5406.47717499497
"3360","con_stand",0.0403588513072812,1101.79679775694,0.702419832589452,5539.63093848151
"3361","deadwood",0.0437081336315596,1132.7164181796,0.731377136140491,5224.58547634163
"3362","deadwood",0.017576499182088,1177.16061517162,0.731718037364095,5025.425942713
"3363","deadwood",0.0153588515719729,1254.7667329049,0.806430854527146,4826.3397341571
"3364","deadwood",0.0294981638204439,1305.83785013411,0.907861839893252,4627.33631488854
"3365","deadwood",0.0302870809791262,1352.09983183208,0.929517979898521,4428.42684600084
"3366","deadwood",0.0407894732314719,1401.00052259527,0.933790858478495,4229.62458232041
"3367","deadwood",0.0675397793895758,1429.5029633054,0.92474740145402,4030.94538564444
"3368","deadwood",0.0828708129306658,1366.54502415999,0.860760704021562,3832.4083960862
"3369","deadwood",0.200813396615489,1267.88879650061,0.806909496116153,3634.03692116676
"3370","deadwood",0.188959608030035,1289.08689889709,0.894308256676177,3435.85962926931
"3371","deadwood",0.0393062197652302,1309.15164067757,0.961163004227517,3237.91217566428
"3372","deadwood",0.0129498161986525,1304.4847395674,0.920795439360629,3040.23945441604
"3373","deadwood",0.0585885166400001,1273.34611146188,0.84312733547967,2842.89877425286
"3374","dec_stand",0.577153109027403,1226.80690893146,0.888697139045411,2645.96442883963
"3375","dec_stand",0.903182372537463,1187.38296564819,0.947061618217786,2449.53442398148
"3376","dec_stand",0.813947366786738,1135.84623170698,0.87947513094466,2253.74063445512
"3377","dec_stand",0.839330142060892,1104.94641638943,0.958547595478416,2058.76458538763
"3378","mix_stand",0.734492041640248,1105.77529410429,0.83670006067728,1864.86278481754
"3379","dec_stand",0.503373205211709,1048.70924778988,0.716341866902187,1672.40892482742
"3380","dec_stand",0.831578945925726,989.736044950263,0.889283317456995,1481.96721790726
"3381","dec_stand",0.7620095678975,954.737311440792,0.86821330545479,1294.42607958786
"3382","dec_stand",0.704688993389562,930.453281092301,0.863407025701906,1111.25502631843
"3383","dec_stand",0.706070989767042,902.806274376709,0.855293926084129,935.025886775606
"3384","dec_stand",0.684497606503871,884.066139987781,0.799932695697975,770.516646002464
"3385","dec_stand",0.752320572457602,864.708309009315,0.825888596448388,627.020902346568
"3386","dec_stand",0.772141981537076,842.144604424952,0.815877441184611,522.1602623335
"3387","mix_stand",0.40557416199604,826.57637213748,0.784435452634923,481.855045106451
"3388","mix_stand",0.062545899388402,824.204867079325,0.690136305522744,521.300342186507
"3389","deadwood",0.524736840839377,827.598968031304,0.806848102605692,625.58822427424
"3390","con_stand",0.643636362065681,829.145240455153,0.822346593788045,768.76786043474
"3391","con_stand",0.23018359787753,834.134604296457,0.602726218772817,933.104622971938
"3392","dec_stand",0.622751195384769,846.849207645398,0.628411416284646,1109.23454185698
"3393","dec_stand",0.586961721956872,840.165838615746,0.776712626040552,1292.34481371386
"3394","dec_stand",0.263402692431007,825.349264679515,0.702157876405277,1479.84654050804
"3395","dec_stand",0.507105262147967,826.532280917373,0.789417287040698,1670.26143659881
"3396","dec_stand",0.348861688700125,818.597168491695,0.719041070751527,1862.69631634427
"3397","dec_stand",0.371459329941947,797.75149930379,0.684671640774886,2056.58422741182
"3398","mix_stand",0.538540668558312,774.555680416417,0.689880535882145,2251.54982603334
"3399","mix_stand",0.641003670788745,759.554628706037,0.743366404884521,2447.33556565549
"3400","mix_stand",0.0594976076045247,745.436923597418,0.737285706196782,2643.75924393192
"3401","dec_stand",0.0350239233394559,747.481616846112,0.698182879929302,2840.6885302586
"3402","dec_stand",0.251004367074461,752.956576951206,0.761580403194677,3038.02510343451
"3403","con_stand",0.506666665275892,753.639851888021,0.623879611492157,3129.45186984937
"3404","deadwood",0.00168776370679276,1283.22159058132,0.950210501373066,5371.5527192325
"3405","deadwood",0.00527881033709354,1280.69624232182,0.942988335532327,5263.64524507321
"3406","deadwood",0.00248900058695088,1254.98440983339,0.986800123354986,5149.98022842017
"3407","deadwood",0.0158476657314221,1210.70060103883,0.944103445592325,5041.69289388221
"3408","deadwood",0.00702702693403207,1182.03502233257,0.979310594663866,4939.13696056827
"3409","deadwood",0.0792457573935343,1146.11960143851,0.928909472835506,4842.67657294976
"3410","deadwood",0.041253071044931,1116.57229839203,0.930459182480629,4752.68289085534
"3411","deadwood",0.0281332493914815,1106.68580774179,0.903084815372692,4669.52981870417
"3412","deadwood",0.0461670759680889,1121.37909572892,0.956429208708922,4593.58885734922
"3413","deadwood",0.0232432431172973,1126.01351238879,0.959074236580722,4525.22311591493
"3414","deadwood",0.0470898804107902,1134.50371819573,0.923855519665629,4464.78058845886
"3415","deadwood",0.0317690416630495,1144.72134519385,0.888722572054632,4412.58687769094
"3416","mix_stand",0.451818180776199,1151.91874571104,0.894239353368411,4368.93762819541
"3417","dec_stand",0.429868006391543,1142.38365394885,0.90754092764285,4334.09100512751
"3418","deadwood",0.131695331204728,1130.42604406108,0.942982566334692,4308.26060935905
"3419","deadwood",0.144362036585995,1125.69099553826,0.939424657488229,4291.60924494882
"3420","open",0.183218672844131,1135.00349872411,0.960315456005221,4284.24394032743
"3421","dec_stand",0.724545452849029,1145.00134502289,0.970658299048644,4286.21256645595
"3422","dec_stand",0.96344437246462,1137.14314343868,0.985142704677762,4297.5022961193
"3423","dec_stand",0.509287468036431,1110.7683787053,0.916217373844227,4318.04001847235
"3424","dec_stand",0.758230956518423,1102.53106651962,0.93583804072414,4347.69467796061
"3425","dec_stand",0.730685101884068,1084.95063533339,0.883067365297362,4386.28136580923
"3426","mix_stand",0.788574936920983,1059.93248049574,0.932579414740534,4433.56687362934
"3427","deadwood",0.542928974314503,1034.59961321128,0.872835040148664,4489.27633605287
"3428","deadwood",0.804889433049306,1032.58599726047,0.925076239048995,4553.10054968446
"3429","dec_stand",0.848820636854381,1035.1603795082,0.95755338974535,4624.70355862965
"3430","dec_stand",0.87059710726451,1024.77073465152,0.908039038849843,4703.73013579734
"3431","mix_stand",0.801203929697889,1018.75102158905,0.924251327066881,4789.81285345811
"3432","dec_stand",0.896830464866589,996.096052090132,0.953176811081186,4882.57851420872
"3433","mix_stand",0.672583279769463,959.738947227569,0.918207063755848,4981.6537935883
"3434","mix_stand",0.57437346339299,934.381263676674,0.864819826178381,5086.67001941477
"3435","con_stand",0.291363921529238,955.291812151052,0.744950411858834,5197.26707502302
"3436","mix_stand",0.649828008771931,987.105775650362,0.875825054275389,5313.096461318
"3437","mix_stand",0.857739556361109,1030.63455983755,0.923821962564378,5433.82358573082
"3438","mix_stand",0.556404776145346,1075.73151098955,0.851400020585579,5559.12936617123
"3439","con_stand",0.285970515962827,1127.27744287589,0.790114283433564,5409.7104542473
"3440","con_stand",0.00712530703469196,1184.51763188693,0.726865898094687,5209.94641627499
"3441","deadwood",0.00726587044357279,1229.97684001623,0.793404491675642,5010.20488465319
"3442","deadwood",0.0180098277354196,1257.33410884473,0.846970665513444,4810.48866290605
"3443","deadwood",0.0302199870722613,1292.87875502399,0.92684234237611,4610.80103991723
"3444","deadwood",0.0377886973376356,1330.96609557056,0.934688669146572,4411.14589959157
"3445","deadwood",0.0218181815959458,1366.37740534002,0.9542909833701,4211.5278616232
"3446","deadwood",0.0632809549054959,1372.53947060307,0.845290726513176,4011.9524641938
"3447","deadwood",0.0673464369440694,1300.79909985891,0.769897869785822,3812.4264038282
"3448","deadwood",0.116142505674602,1204.11396043482,0.801506068859551,3612.95785447363
"3449","deadwood",0.214431174909596,1188.55781958944,0.831413778906348,3413.55689797684
"3450","deadwood",0.303513512788775,1237.01597591466,0.887140424835155,3214.23611409408
"3451","deadwood",0.110471401286342,1262.98717670932,0.913664802131527,3015.01140337006
"3452","deadwood",0.253931203339917,1249.71693034254,0.880352210354161,2815.90315735732
"3453","dec_stand",0.795675674421342,1216.1035341455,0.915313579471603,2616.93795964439
"3454","dec_stand",0.915373975154666,1163.77983656235,0.945240468891966,2418.15112048044
"3455","mix_stand",0.974250612601967,1114.95055612475,0.934539764387309,2219.59056182724
"3456","mix_stand",0.840098278322406,1083.1012105356,0.920121651975763,2021.32296940151
"3457","dec_stand",0.809176617157414,1065.3343456755,0.883958553402473,1823.44391053837
"3458","dec_stand",0.895847664633423,1003.15563507455,0.920150487242079,1626.09523303356
"3459","dec_stand",0.936995598971656,952.986120659177,0.928658444858212,1429.49661862769
"3460","dec_stand",0.810196558860215,919.980313912656,0.900430351514049,1234.00661350443
"3461","dec_stand",0.728157247139795,910.503099971087,0.836190495630886,1040.25041475034
"3462","deadwood",0.626926460341415,886.144051753823,0.888286791390626,849.415323800249
"3463","deadwood",0.645307123995127,870.951823841442,0.869826343221732,664.024640287336
"3464","mix_stand",0.729090907686465,864.548463676134,0.912820183967197,490.293705011444
"3465","dec_stand",0.670999370623054,865.546525169962,0.940418833722715,346.2426534791
"3466","con_stand",0.62651105553223,838.048854106181,0.939479625996669,281.810036431906
"3467","mix_stand",0.232130735400786,821.172450364722,0.779901116390992,344.944461898313
"3468","deadwood",0.237616706955308,821.928826484399,0.649090384260159,488.460162707737
"3469","deadwood",0.683390662060359,825.040284627779,0.853530147968716,661.994594303883
"3470","dec_stand",0.141973601210462,832.900110385015,0.555638719529335,847.299957977247
"3471","dec_stand",0.307125306562395,842.620240944902,0.621817985310446,1038.09173883443
"3472","dec_stand",0.433710072789094,836.8609728614,0.688936877101019,1231.82326703522
"3473","dec_stand",0.394695159143843,828.552466296011,0.664296791645845,1427.29798139663
"3474","dec_stand",0.595085994145977,819.869360658988,0.778387265204377,1623.88649778086
"3475","mix_stand",0.695059710721375,801.398670899051,0.799791109849454,1821.22817108174
"3476","dec_stand",0.561818181127493,781.827096250192,0.736869707259668,2019.10217870658
"3477","dec_stand",0.281695331000615,766.124731902701,0.644738983976167,2217.36601137858
"3478","mix_stand",0.434016341115228,756.75215207429,0.788121738701141,2415.92369751269
"3479","mix_stand",0.0674938572804084,743.70453120801,0.729439016266815,2614.70829336495
"3480","dec_stand",0.00840294839361229,741.519949310828,0.793486143862806,2813.67170614838
"3481","dec_stand",0.0609679444313124,745.105157436177,0.747564869798781,3012.77850894262
"3482","mix_stand",0.246398536764235,745.181301361028,0.719620565357712,3212.00203630802
"3483","mix_stand",0.491282050808271,742.944486177885,0.867823857527513,3326.68360929936
"3484","deadwood",0.00308068453682664,1277.11811332423,0.958374161154833,5530.62076968374
"3485","deadwood",0.000982800960833669,1266.96794821999,0.988321357445576,5427.69942490446
"3486","deadwood",0.00170961656449052,1242.37304418961,0.9922999491263,5317.54223693991
"3487","deadwood",0.003267813203925,1213.95552141719,0.984728047152848,5212.73687029731
"3488","deadwood",0.00304668299689047,1177.14446444125,0.96072583693178,5113.61239819856
"3489","deadwood",0.00610936511282199,1140.24635768581,0.953816502050062,5020.50532136207
"3490","deadwood",0.0158454105545933,1122.07087567463,0.962383285755121,4933.75632225179
"3491","deadwood",0.0170810808872317,1119.38509576471,0.885309313063149,4830.05091144845
"3492","deadwood",0.0142984126248057,1127.91185810392,0.881705219651025,4780.69184392026
"3493","deadwood",0.0153316952773262,1127.14641209258,0.887485046351571,4715.03974533927
"3494","deadwood",0.0608422372333289,1131.20516774041,0.875481770594565,4657.06140569183
"3495","deadwood",0.0224324322376556,1134.595608573,0.874928675976374,4607.04655015321
"3496","deadwood",0.396388206063456,1149.97428590367,0.902940681474215,4565.25691903541
"3497","open",0.172017598717862,1147.12535823148,0.973481386412921,4531.92005676577
"3498","deadwood",0.148427518533145,1140.31978852743,0.857894181106834,4507.22352536703
"3499","deadwood",0.13966059080184,1141.47005517793,0.938255151756,4491.30985981761
"3500","open",0.134226043930584,1148.40109410391,0.917897448163361,4484.2725662829
"3501","dec_stand",0.486363635322935,1165.34521536862,0.935948427501123,4486.15341724699
"3502","dec_stand",0.915348835476796,1159.99479609117,0.982513462275847,4496.94122264815
"3503","open",0.162702702544172,1134.44529472932,0.821265334300056,4516.57216031408
"3504","dec_stand",0.70223587183442,1129.49389251034,0.926213541720291,4544.93164317979
"3505","dec_stand",0.783331237494533,1117.01744247427,0.917433340132873,4581.8575976889
"3506","dec_stand",0.845184273816444,1088.4914683499,0.948247762181835,4627.14493962134
"3507","deadwood",0.339912004534701,1067.2899266596,0.908849792706,4680.55096985955
"3508","mix_stand",0.775823094165845,1071.26836933258,0.919670603125921,4741.80137849114
"3509","dec_stand",0.919508598186533,1077.73314829833,0.955296313788293,4810.59654170374
"3510","mix_stand",0.947554994189537,1082.52000725517,0.969591508040557,4886.61781843265
"3511","mix_stand",0.849656018650466,1069.07888554004,0.910820149342902,4969.53359603873
"3512","mix_stand",0.681867320291899,1025.24469702718,0.946003972623653,5059.00488863497
"3513","open",0.497598993036449,984.10870929097,0.871151843347653,5154.69035021696
"3514","mix_stand",0.823341521999687,962.321923858118,0.936877930303463,5256.25062114746
"3515","mix_stand",0.601282210792295,958.45656157469,0.836713147905171,5363.35197617141
"3516","mix_stand",0.389041767929308,991.071577892257,0.793409667762697,5475.66928243099
"3517","open",0.240270269622784,1034.21814497214,0.835432813404453,5592.8883059711
"3518","deadwood",0.521030798006515,1081.69642916331,0.911717327153585,5714.707425389
"3519","dec_stand",0.595552824401006,1133.12183127064,0.869556982555319,5402.98560062395
"3520","deadwood",0.0184766584709836,1192.36862265097,0.769231037019365,5202.96325539322
"3521","deadwood",0.00392206152286416,1246.20826254125,0.836620961913592,5002.94281235215
"3522","deadwood",0.0119656018400222,1274.86500995458,0.857893444259058,4802.92450915287
"3523","deadwood",0.0244877433005105,1300.48103406368,0.902141558653824,4602.90862475277
"3524","deadwood",0.0138574936484383,1326.75287982463,0.952389524448709,4402.89548879368
"3525","deadwood",0.0121867320562097,1346.90830742463,0.963673292602017,4202.8854936655
"3526","deadwood",0.03725958497531,1310.73774616618,0.924002202800203,4002.87911017636
"3527","deadwood",0.137027026636924,1240.09231424917,0.816056184809316,3802.87690816846
"3528","dec_stand",0.57135135011807,1143.06651789785,0.810103636802488,3602.87958400575
"3529","deadwood",0.410333123397595,1100.1365329975,0.845210951212665,3402.88799773749
"3530","deadwood",0.342997542415409,1131.08607464165,0.824498178753132,3202.90322419667
"3531","dec_stand",0.626222500620886,1183.4665308676,0.914823601084412,3002.92662449578
"3532","mix_stand",0.785700244691763,1181.63928260147,0.933426089969255,2802.95994811415
"3533","dec_stand",0.701842751097694,1175.40394693511,0.850524105287228,2603.00548202391
"3534","dec_stand",0.86315524666134,1136.22349056337,0.923276681745674,2403.06627420307
"3535","dec_stand",0.941523339915151,1080.69465453502,0.940909181861093,2203.14647879252
"3536","dec_stand",0.657444716337382,1043.33823156708,0.864938176326289,2003.25190773872
"3537","deadwood",0.680879948514389,1020.26791966868,0.880482947049952,1803.39094893584
"3538","dec_stand",0.730933659574983,968.783355000564,0.912042546152373,1603.57617017168
"3539","dec_stand",0.8329604010933,927.298118337155,0.872216599025792,1403.82729078742
"3540","mix_stand",0.805970515428839,891.164079370897,0.919159552800934,1204.17710538602
"3541","dec_stand",0.772432430571801,875.514871808176,0.839844780665175,1004.68445287692
"3542","dec_stand",0.758969200146341,854.933357051751,0.870550835248736,805.46639191172
"3543","dec_stand",0.813415231805579,833.839023636952,0.885335915852384,606.793438536532
"3544","mix_stand",0.834152332820566,839.014024139329,0.921035212045879,409.459833800367
"3545","deadwood",0.425091137110925,861.149204678538,0.96280721472465,217.148207029489
"3546","dec_stand",0.671449630578444,837.710405504381,0.955385542417481,81.7694441379981
"3547","mix_stand",0.354896290929043,816.656748063755,0.916833179231937,215.072197212916
"3548","mix_stand",0.601572480867331,824.539243880888,0.893600988356922,407.262529405163
"3549","dec_stand",0.721179359397995,832.828986240546,0.813780667334703,604.571249323916
"3550","dec_stand",0.472809553614658,839.542100907571,0.607208113065768,803.235291149428
"3551","dec_stand",0.597051596095104,844.392101091015,0.692829724539675,1002.44919081387
"3552","dec_stand",0.491941030826008,827.676607174135,0.75564533316917,1201.93957299417
"3553","mix_stand",0.720201129764599,825.490272430861,0.823961102001552,1401.58838602372
"3554","dec_stand",0.790196558790103,820.160082168017,0.867503464533158,1601.33637324339
"3555","dec_stand",0.761206786337324,796.536910157171,0.784033276416984,1801.15053962775
"3556","mix_stand",0.408476657767297,776.961566297077,0.721866292542611,2001.01105999542
"3557","deadwood",0.441498770778976,761.403519314103,0.778925827578516,2200.90530639351
"3558","deadwood",0.340741671041113,754.288290219214,0.795322492461134,2400.82485468143
"3559","mix_stand",0.089410319237876,745.354629591583,0.79311114941628,2600.76387002496
"3560","dec_stand",0.0205651103113881,740.484159015028,0.78169599603587,2800.71818325796
"3561","mix_stand",0.217146448182243,741.161231328076,0.830029788686373,3000.68473619311
"3562","mix_stand",0.156433823025402,740.36567216761,0.864770043750896,3200.66123474499
"3563","open",0.0244444438980685,737.077009412977,0.976234134700563,3317.49745912614
"3564","open",0.038757764188646,734.572471350123,0.972113678026596,3811.77483683877
"3565","open",0.01954751158327,734.213318423448,0.994366609672615,3948.03559625336
"3566","deadwood",0,1262.71697998047,0.939859658479691,5568.50859544213
"3567","deadwood",0.00440748434769389,1239.42641672622,0.984883602406528,5594.09677690692
"3568","deadwood",0.000729101177920792,1230.45511495325,0.98522166652098,5487.28097076281
"3569","deadwood",0.00149877146527135,1205.66195408777,0.98082104660296,5385.77961342058
"3570","deadwood",0.00132678131085502,1174.55415617922,0.992549517560357,5289.89863098649
"3571","deadwood",0.00332493696277328,1145.26243556717,0.980300401485237,5199.94893219135
"3572","deadwood",0.074985754604523,1130.5302115329,0.957791722058571,5132.16592837183
"3573","deadwood",0.0398050679536591,1124.88437787924,0.900082407464758,4960.78041501578
"3574","deadwood",0.0176412774986732,1118.46640734473,0.843707449001967,4905.6695034756
"3575","deadwood",0.0386675042946109,1115.23194556293,0.887926801486558,4849.97052526252
"3576","deadwood",0.0124078623364686,1120.52189579994,0.866450360076873,4801.96530640435
"3577","deadwood",0.304766584279276,1135.95280085383,0.855583970849139,4761.88653805412
"3578","open",0.202338151493251,1142.14214370507,0.9003806432825,4729.93571711761
"3579","deadwood",0.0154791153482269,1141.26845721121,0.852045246603594,4706.27838787588
"3580","deadwood",0.036807039276112,1145.66666794543,0.841036567929254,4691.04002643826
"3581","deadwood",0.068599508105061,1153.13754947297,0.858525547535326,4684.30279598043
"3582","con_stand",0.656658475349042,1176.08301741017,0.929824327587788,4686.10336297851
"3583","dec_stand",0.836027654324553,1177.66327928583,0.965265135844499,4696.43190751154
"3584","dec_stand",0.817788696392492,1153.6956574911,0.976076697102343,4715.23238923986
"3585","open",0.341154790293489,1142.95658315898,0.964752310159312,4742.40405242343
"3586","dec_stand",0.600251413127823,1141.01304433692,0.95173869606536,4777.80407693453
"3587","dec_stand",0.655356264355105,1120.98786337663,0.906279139129184,4821.25121601475
"3588","deadwood",0.306021369712709,1103.28310852243,0.899193617193898,4872.53021206371
"3589","deadwood",0.382899261974439,1109.33894231923,0.901515572933659,4931.39675307157
"3590","con_stand",0.517714986202355,1114.4759802666,0.937649713559145,4997.58272508837
"3591","dec_stand",0.712256440959548,1118.82388645175,0.985831423722896,5070.80152847116
"3592","dec_stand",0.92783783520835,1093.76098347882,0.972894027865782,5150.7532533925
"3593","mix_stand",0.750835379091359,1046.03885071401,0.914116864387834,5237.12954800799
"3594","con_stand",0.74760527846987,1013.07472180091,0.914210422862483,5329.61805545279
"3595","dec_stand",0.91031940860779,1004.15024099889,0.969539889594407,5427.90633858567
"3596","mix_stand",0.816517911654722,989.442146306065,0.917587165110221,5531.68525071529
"3597","dec_stand",0.562997541918948,996.336127203864,0.781347367235205,5640.65174377308
"3598","mix_stand",0.272235871432235,1034.39633741074,0.710510166064454,5754.51113172185
"3599","mix_stand",0.392281583795414,1071.78234717503,0.861110527829357,5603.6632125159
"3600","mix_stand",0.31110565092973,1119.27517527737,0.784157956096845,5403.663244077
"3601","deadwood",0.0177641275913182,1164.07364633921,0.820731773112125,5203.66682906903
"3602","deadwood",0.0130232557008133,1212.14219089127,0.849483248818078,5003.67439357781
"3603","deadwood",0.0122850120653391,1251.59880107158,0.905634684941253,4803.68643464339
"3604","deadwood",0.0175738527499828,1289.25002900225,0.907427605164268,4603.7035356579
"3605","deadwood",0.0105159703358385,1314.59884748529,0.927867784656822,4403.72638596957
"3606","deadwood",0.0241523339099615,1309.44883461842,0.925693723691183,4203.75580607492
"3607","deadwood",0.133450659428618,1223.31313544081,0.791779600491245,4003.79278036431
"3608","deadwood",0.306683046001877,1180.15578383837,0.768603913019199,3803.83850017836
"3609","dec_stand",0.620810809501742,1132.59615616482,0.79195230974877,3603.89442119557
"3610","deadwood",0.148937775087874,1083.21903319392,0.800755522007241,3403.96234102641
"3611","deadwood",0.0589680586202432,1098.43474771935,0.764227880407537,3204.04450584119
"3612","dec_stand",0.610307980598068,1133.34714149844,0.868263153180171,3004.14375954199
"3613","dec_stand",0.93685503551137,1122.85942478789,0.966859804544168,2804.26375664537
"3614","dec_stand",0.831941030452746,1116.19360284079,0.930612382069413,2604.40927312333
"3615","dec_stand",0.859082336881152,1096.84883260577,0.940985656361547,2404.58667202376
"3616","dec_stand",0.849336607198641,1048.97033912602,0.923864541607348,2204.80462191527
"3617","dec_stand",0.524275183448847,1005.34200851103,0.863360298262035,2005.07524411741
"3618","dec_stand",0.765003141275672,989.325290490515,0.907292608665753,1805.41601978561
"3619","dec_stand",0.88481572377484,947.196115142297,0.958457499394692,1605.85311613434
"3620","dec_stand",0.919999998753585,910.844936176638,0.960352241112555,1406.42753558538
"3621","dec_stand",0.819975429015458,878.10494054096,0.873051993681589,1207.20733564438
"3622","dec_stand",0.582309581133416,846.536313218625,0.781911575182796,1008.31425940964
"3623","dec_stand",0.792809551894328,825.9130767688,0.794019545495772,809.989318653983
"3624","deadwood",0.526609335712521,808.368410377596,0.7993713246901,612.784385423108
"3625","con_stand",0.87221130097619,813.519090244752,0.939512573219195,418.286583300171
"3626","dec_stand",0.681206787090531,822.732816742922,0.95168443055066,233.365774201422
"3627","con_stand",0.478869778646445,811.558504971591,0.9298520117183,118.2897265206
"3628","deadwood",0.395449401807253,813.767462768171,0.887032743419288,231.435283066386
"3629","mix_stand",0.764471743178053,835.111816556214,0.856820953069415,416.135887773986
"3630","mix_stand",0.759041767713845,840.962051953965,0.799531159857225,610.583999070964
"3631","dec_stand",0.337221872447835,835.906977741618,0.560056424980116,807.770709244442
"3632","dec_stand",0.800761669242631,835.152406059846,0.912980291704105,1006.0870605735
"3633","dec_stand",0.508255527292994,814.137868295431,0.777746362986926,1204.97542884591
"3634","dec_stand",0.657699558881564,818.912475279035,0.802442167666088,1404.19277547734
"3635","dec_stand",0.938329236801595,831.026779212296,0.926217847743989,1603.61649816353
"3636","dec_stand",0.843444373137841,813.976240713142,0.851804623189473,1803.17812529401
"3637","mix_stand",0.914815723195818,792.993595957463,0.949980601366122,2002.8364350978
"3638","mix_stand",0.468034397270668,774.828872568191,0.765525553750757,2202.56513543304
"3639","deadwood",0.36175989877552,762.722270627504,0.735326940646848,2402.34666976084
"3640","dec_stand",0.263980343887532,751.230212537311,0.73500363683558,2602.16886911837
"3641","mix_stand",0.147788697354843,742.992627305539,0.804452338189582,2802.02303361582
"3642","mix_stand",0.357988685388223,739.600226248232,0.861852660822014,3001.90277893359
"3643","open",0.143144963007118,737.527818497041,0.923829192346012,3201.80331425824
"3644","open",0.109186280756768,736.738496699587,0.895348671986581,3401.72097444321
"3645","open",0.102068965257222,736.652928329398,0.866885709875035,3601.72830506513
"3646","mix_stand",0.16965517187904,735.41929814381,0.904735775834616,3801.59686245833
"3647","open",0.314735604115224,736.031421127947,0.976896480653877,3960.7365264633
"3648","deadwood",0.0266666660706202,1210.08084309896,0.97353021701177,5641.22608740407
"3649","deadwood",0.00167247383021311,1207.55858013937,0.984475181804717,5612.17806847459
"3650","deadwood",0.000410958894923942,1189.42394545742,0.981685951147994,5522.67671607415
"3651","deadwood",0.00123515436669144,1167.82744926398,0.951883502853172,5425.52022001441
"3652","deadwood",0.00415458929711494,1149.40212113385,0.964832162943439,5334.22189233238
"3653","mix_stand",0.113478259790851,1121.59703262993,0.828420280762341,5070.19552972941
"3654","mix_stand",0.000913241995524054,1116.3859386148,0.700910043743647,5097.02117094913
"3655","deadwood",0.0126854218780766,1109.68678787114,0.817423997747014,5043.43586440494
"3656","deadwood",0.00739234437248068,1113.33786872243,0.891073196556009,4997.28944086438
"3657","deadwood",0.0224641146601744,1123.27378713799,0.882720386743118,4958.78958308218
"3658","deadwood",0.0601468785566755,1133.10796446783,0.896478770303026,4928.11550583836
"3659","deadwood",0.136172248701159,1142.44960919978,0.888304974010401,4905.41401765077
"3660","deadwood",0.0546878821637158,1147.50000216649,0.867718743896762,4890.79613828839
"3661","deadwood",0.0520334926358108,1151.8754111112,0.800580312547645,4884.3344463783
"3662","con_stand",0.617200955770838,1166.83784835304,0.922914580081068,4886.06130107674
"3663","dec_stand",0.803769888303891,1175.67472475162,0.974998237708791,4895.96803785389
"3664","dec_stand",0.664784688453533,1158.8856210663,0.973058358298249,4914.00518451945
"3665","dec_stand",0.437535884723281,1142.71112213865,0.967078336830915,4940.08368504547
"3666","deadwood",0.195111110880051,1135.71967585057,0.895918994507304,4974.07706142335
"3667","deadwood",0.285598085876822,1132.21973904696,0.876101427640249,5015.82439352063
"3668","deadwood",0.185361076830322,1126.48434818039,0.945095682724161,5065.13395836786
"3669","deadwood",0.148349282113416,1130.80101947693,0.918738381161787,5121.7873463953
"3670","open",0.189641147727173,1139.47559243526,0.947494670837832,5185.54386376819
"3671","open",0.279583842838992,1141.5237231774,0.981444744942676,5256.14503607858
"3672","dec_stand",0.930574160742097,1112.47689468895,0.984174612285703,5333.31904665093
"3673","open",0.371124401140477,1074.58190947172,0.835391515946132,5416.78496917514
"3674","con_stand",0.869375762838592,1065.53760154098,0.924394571066194,5506.25668553591
"3675","mix_stand",0.927870811631627,1054.19229093123,0.958726735313258,5601.44641209144
"3676","con_stand",0.723329252227138,1042.33367624831,0.879607181152559,5702.06778842716
"3677","con_stand",0.340837319662269,1032.28680036627,0.693573150402782,5807.83850979757
"3678","con_stand",0.51215310857306,1072.15139412766,0.816133388447348,5918.4825068327
"3679","mix_stand",0.155226438102225,1083.111950579,0.732019965426319,5611.45281672544
"3680","deadwood",0.00349282295973392,1103.5576052141,0.784340928482453,5411.74061664263
"3681","deadwood",0.010933014359236,1143.65418159448,0.777152511830393,5212.05403769788
"3682","deadwood",0.0126805384044913,1179.32633817152,0.807705679085366,5012.39614201977
"3683","deadwood",0.0220813394644471,1211.6508861341,0.875172479764411,4812.77049938139
"3684","deadwood",0.0232558137938982,1249.74683379193,0.92701021212551,4613.18129683258
"3685","deadwood",0.00794258358126337,1286.76943925921,0.922706234932801,4413.63347795352
"3686","deadwood",0.0754545449666928,1259.75493114417,0.837784547198332,4214.13292154552
"3687","deadwood",0.129449204061832,1158.90617873006,0.71843673729291,4014.68667341311
"3688","dec_stand",0.368263813488808,1100.1632252306,0.749093523411213,3815.3032505163
"3689","dec_stand",0.644621320624125,1085.99923935378,0.858775920859755,3615.99304528827
"3690","mix_stand",0.441101590451879,1067.5888893006,0.871943709034861,3416.76887075548
"3691","deadwood",0.0770813395674719,1060.94764891994,0.717524574115944,3217.64670702177
"3692","dec_stand",0.358555690666964,1067.61657513136,0.687865046216597,3018.64674127779
"3693","dec_stand",0.403229664378403,1068.16534664756,0.714800291066392,2819.7948450979
"3694","dec_stand",0.762535883265249,1047.45265719765,0.865790971354292,2621.12471863231
"3695","dec_stand",0.918286412416284,1031.16693727827,0.959662792987602,2422.68107995559
"3696","dec_stand",0.841100476775764,1002.91585110021,0.915954289752901,2224.52454292072
"3697","mix_stand",0.732416266985416,972.535475041878,0.878186464666179,2026.7393200086
"3698","dec_stand",0.880758873005757,952.124216254805,0.95435217781633,1829.4458458168
"3699","dec_stand",0.98497607603081,908.470691224605,0.977433158913583,1632.8223836585
"3700","dec_stand",0.888665849295065,878.797422560805,0.95591352507928,1437.14396378594
"3701","dec_stand",0.782344496038043,860.734104393772,0.843905782282495,1242.85703561365
"3702","mix_stand",0.56155502318926,828.946224194394,0.740761755765126,1050.73376815298
"3703","deadwood",0.286266828783431,811.753566783966,0.606723826097021,862.221719935864
"3704","deadwood",0.162153109645195,798.706695593145,0.698081616696603,680.329434407732
"3705","deadwood",0.478157893732261,796.426151366896,0.829149729019682,512.159141772514
"3706","open",0.403084454262308,807.442066094575,0.92992803099197,376.567173096137
"3707","con_stand",0.578133970530231,800.930729514674,0.886246549161641,318.332667754189
"3708","dec_stand",0.554614442132751,814.773791384376,0.708898770072323,375.373868300957
"3709","dec_stand",0.822799041479576,840.083138570831,0.825038859014662,510.404150422072
"3710","dec_stand",0.520454544859212,827.712139147891,0.686928551495226,678.348180976332
"3711","dec_stand",0.484112606168413,818.336867819218,0.745271768679699,860.137846271368
"3712","dec_stand",0.90014354006775,815.828254772716,0.946100269225938,1048.59667013327
"3713","mix_stand",0.873947367308278,808.077730169707,0.93659744935743,1240.68926032587
"3714","dec_stand",0.803623009901699,801.167458206233,0.887254179545394,1434.95704005415
"3715","dec_stand",0.715933012891935,808.28320286947,0.788513546292648,1630.62275677982
"3716","mix_stand",0.922937575299088,811.038445462212,0.904323567712686,1827.23738059846
"3717","mix_stand",0.966794257448835,806.280904231459,0.96002064545474,2024.52446692264
"3718","dec_stand",0.389282295622965,787.14250409432,0.749765600046615,2222.30492760789
"3719","deadwood",0.551750304900119,772.1908035932,0.707809320742189,2420.45782183528
"3720","mix_stand",0.667966505566068,762.684956637296,0.837901315647378,2618.89861301461
"3721","con_stand",0.26653110031395,745.543258520975,0.764052441762538,2817.5664721752
"3722","mix_stand",0.0798286412599767,743.181773751865,0.735818467842759,3016.416534052
"3723","mix_stand",0.214162679197507,740.001876356499,0.724764072688288,3215.41499507615
"3724","mix_stand",0.0438922887515263,739.572255390219,0.762966997474614,3414.53590932676
"3725","mix_stand",0.0361244017213726,739.283757150458,0.73876664078336,3613.75903505534
"3726","mix_stand",0.210520393465306,737.049413238397,0.802649273577192,3813.0683514246
"3727","con_stand",0.785521469781735,737.696264348878,0.955863384747066,3962.99690491755
"3728","mix_stand",0.0599999986588955,1109.05133056641,0.905571639537811,5170.60427889098
"3729","deadwood",0,1109.44879150391,0.921189159154892,5144.44615248326
"3730","deadwood",0.0090467288672367,1114.93025564033,0.808615160991098,5146.58685451567
"3731","deadwood",0.0825384611980273,1131.96409912109,0.909950495998447,5137.8515339251
"3732","deadwood",0.0989489486838157,1144.39076924825,0.925799924354474,5113.00605056537
"3733","deadwood",0.204592144341852,1153.86252688497,0.9220165633498,5102.9513262073
"3734","dec_stand",0.455698112075059,1157.41623696381,0.947387292774968,5090.57515446425
"3735","dec_stand",0.253882063172886,1154.86704458476,0.908245441185754,5084.36736320829
"3736","open",0.283906633231139,1158.10709592927,0.930603038528774,5086.02630228722
"3737","dec_stand",0.628621699933039,1154.48715845371,0.945330720230981,5095.54428827086
"3738","dec_stand",0.44330498161539,1147.7480499898,0.979959548895733,5069.02374732605
"3739","dec_stand",0.631706261769999,1138.12737496625,0.941130507391421,5088.09392882492
"3740","con_stand",0.0223529406768434,1129.57540355009,0.844320735510658,5081.94548984852
"3741","deadwood",0.0111564625384045,1124.74733562859,0.823975811706108,5136.91928073936
"3742","deadwood",0.245479450931084,1124.77337918216,0.947753751522874,5226.96155981747
"3743","deadwood",0.160641561627305,1131.123061772,0.945967722533471,5312.88768052897
"3744","deadwood",0.187051596957504,1146.44556811283,0.974476951236221,5374.37767842126
"3745","deadwood",0.383230671422389,1152.99278649618,0.960008593230484,5442.52986553542
"3746","dec_stand",0.831400490002089,1130.31490069115,0.958085915435298,5517.09735519452
"3747","con_stand",0.243217226039993,1103.25489580035,0.737184461402017,5597.82378238491
"3748","dec_stand",0.666853838093413,1105.52942156614,0.950585899842268,5681.98984618719
"3749","dec_stand",0.86985845976151,1107.72645214844,0.932152325721887,5776.70102999414
"3750","dec_stand",0.813852921095492,1093.40750499944,0.907532938428827,5874.32128924445
"3751","mix_stand",0.086259541663391,1069.75052011893,0.685820242779865,5977.04462180321
"3752","deadwood",0.260308369780821,1089.09313037217,0.867846810148151,5823.88108864529
"3753","con_stand",0.582938658517285,1106.64961971876,0.870993150368907,5621.76263307298
"3754","con_stand",0.0140992166673857,1115.86680152833,0.802165446506312,5422.56368563746
"3755","deadwood",0.00155907431923661,1136.20847721077,0.773526737137486,5223.63104236029
"3756","deadwood",0.0103290127822433,1171.55718014414,0.785507005432311,5029.06650031654
"3757","deadwood",0.0211547908466996,1200.63842683459,0.7543877412906,4830.12976335479
"3758","deadwood",0.016090509063189,1230.42532082012,0.844684308501327,4631.28861610761
"3759","deadwood",0.0102457001448337,1264.05432436331,0.921612610358571,4432.55592283986
"3760","deadwood",0.073611793549919,1249.29514044684,0.891103078567718,4233.94695539392
"3761","deadwood",0.252922689494174,1171.86947898457,0.744369823768932,4035.47998157063
"3762","dec_stand",0.591400013946664,1097.9803204034,0.838393457781591,3837.17703406334
"3763","open",0.670042866483039,1080.11988178305,0.910661093563477,3639.06492774827
"3764","mix_stand",0.566411060822565,1068.85398694991,0.875346842001087,3441.17662355275
"3765","mix_stand",0.872678130778143,1049.66032240959,0.914851267430794,3243.55308405707
"3766","dec_stand",0.23444374557526,1024.43139725163,0.601058093487917,3046.24583909169
"3767","dec_stand",0.261081080329982,1019.74173374785,0.596545992080461,2849.32059686459
"3768","dec_stand",0.468968058279567,995.246220581655,0.76150297787251,2652.86242834114
"3769","dec_stand",0.667781268638084,970.900514268186,0.804406342033992,2456.9833764428
"3770","dec_stand",0.547960687199887,951.072478273284,0.82118400643495,2261.83390392331
"3771","dec_stand",0.877125305208293,935.348477375302,0.926032043645657,2067.62060208158
"3772","dec_stand",0.757485856482962,913.165647802826,0.938654809984151,1874.63445709338
"3773","dec_stand",0.851498769976071,875.786542400388,0.947102443610275,1683.29759391006
"3774","dec_stand",0.564877434216304,847.704044286895,0.784775479831911,1494.24371504371
"3775","dec_stand",0.59756756578492,837.569934854343,0.820922966954969,1308.46276926664
"3776","dec_stand",0.602334151181784,819.888169684633,0.751599911170158,1127.57368072535
"3777","deadwood",0.0888749210200244,805.207782431266,0.547716322007263,954.362111921842
"3778","deadwood",0.0260687958201993,798.97778893923,0.604284553803476,793.869462915928
"3779","deadwood",0.25476658466462,792.820039866305,0.78740594197861,655.505496458165
"3780","con_stand",0.449729728926322,787.738003004878,0.88005296261027,556.042476673399
"3781","deadwood",0.274324323538078,792.850521303219,0.804983170137853,518.378302079194
"3782","dec_stand",0.472105592831098,811.923315867023,0.667593273505718,555.235031743979
"3783","dec_stand",0.776855035778822,831.993985712675,0.854440289281803,654.135203970298
"3784","dec_stand",0.420786239975647,816.780993149966,0.537721733157054,792.172227388592
"3785","dec_stand",0.649704587653439,805.772209047597,0.825847508223045,952.479846911336
"3786","mix_stand",0.842530711226769,795.219257776509,0.918365139626402,1125.58248380091
"3787","dec_stand",0.979410318245869,801.296949231947,0.942786039276557,1306.40385984795
"3788","con_stand",0.699032054250529,785.117746292009,0.853814497131135,1492.14047942
"3789","dec_stand",0.792579851033171,792.66603815702,0.890740125227253,1681.16400856854
"3790","con_stand",0.904462600825793,796.234795033894,0.918097764328544,1872.47928831339
"3791","mix_stand",0.850565109223457,798.94025801675,0.916554092939861,2065.44958657193
"3792","dec_stand",0.665823094212709,794.438478474535,0.829381760328788,2259.6509359228
"3793","mix_stand",0.811313637776393,773.985483914033,0.874815109220411,2454.79118414769
"3794","mix_stand",0.603267812364591,757.780694685053,0.808079998170428,2650.66297581221
"3795","mix_stand",0.182334151736824,746.606561646708,0.745493807154879,2847.1153318563
"3796","mix_stand",0.130911376184446,744.318027728912,0.753455276537211,3044.03585103987
"3797","mix_stand",0.0747911546617307,741.704250588757,0.737588887196721,3241.33920777623
"3798","mix_stand",0.000452545568075366,741.318463683353,0.742053506940416,3438.95950910674
"3799","mix_stand",0.143218673115793,739.219599543391,0.767518008312127,3636.84508861616
"3800","open",0.276159566618689,737.131437455101,0.918717006852391,3834.95488106502
"3801","mix_stand",0.125714286097458,738.340079171317,0.866969874926976,3950.53315216148
"3802","dec_stand",0.438571428347911,1161.5327393668,0.968630933069757,5215.42918607865
"3803","open",0.168177777727445,1158.19387491862,0.958205842110846,5280.55421744375
"3804","open",0.333816840347148,1162.29794489715,0.974614054129471,5285.99757790663
"3805","dec_stand",0.768888888295722,1154.81111103248,0.962614042939387,5292.34668684558
"3806","deadwood",0.332869565098182,1123.26580757473,0.948682622805886,5466.3751504009
"3807","deadwood",0.302302860794621,1133.67301179576,0.966166187147951,5563.99532997238
"3808","deadwood",0.280703959259539,1148.21510691856,0.920479179056166,5629.85260624988
"3809","mix_stand",0.472285010817596,1136.85677808157,0.907268577312515,5701.9709516407
"3810","deadwood",0.170459183051764,1120.266056995,0.844803680784582,5780.11601334659
"3811","deadwood",0.0155334281357559,1118.81589018603,0.953208029736496,5900.1776113655
"3812","mix_stand",0.756774192083678,1130.56107762772,0.951259363974844,5953.51879175402
"3813","dec_stand",0.841392014530261,1122.69292594418,0.929195845612118,6032.5680238695
"3814","con_stand",0.0219801981186513,1096.073919013,0.710862018241741,6077.48328135731
"3815","deadwood",0.0533333321412404,1186.39933268229,0.858553012212118,4942.49935804311
"3816","deadwood",0.0269151135785486,1201.65755309427,0.810732060831279,4855.67548891141
"3817","deadwood",0.0145317408309501,1222.43182092999,0.817246653256665,4657.92486916604
"3818","deadwood",0.00493857488310747,1249.79589086434,0.874482085154888,4460.37899898196
"3819","deadwood",0.0256265356441095,1254.95155638149,0.9279322172046,4263.06634207583
"3820","deadwood",0.372369578214729,1204.58873376181,0.846956371324456,4066.02085015168
"3821","mix_stand",0.896265354657349,1142.13660245328,0.938890135949495,3869.28334002025
"3822","mix_stand",0.921203929180376,1102.67401078058,0.948094610188898,3672.90330275432
"3823","mix_stand",0.864437459218172,1070.50899000665,0.935110093399386,3476.94130982088
"3824","mix_stand",0.436904176003334,1040.64610954116,0.869990425573374,3281.47225601583
"3825","dec_stand",0.331313638230827,1016.15794502033,0.772126596540419,3086.58979402089
"3826","dec_stand",0.388845208181064,995.120250954968,0.78163096283995,2892.41249488761
"3827","dec_stand",0.287837837353642,976.283658714201,0.701284692236005,2699.0925547403
"3828","dec_stand",0.524676302800307,954.686800608464,0.734431523892918,2506.82833317038
"3829","dec_stand",0.578230957251216,919.670981967186,0.828404374914907,2315.88278186278
"3830","mix_stand",0.567518426338783,894.504804006666,0.869042962341036,2126.61113537165
"3831","dec_stand",0.700967943266568,883.20636580951,0.892089575323049,1939.50351307437
"3832","dec_stand",0.819754298387384,863.170341997826,0.888268768366344,1755.25209805932
"3833","dec_stand",0.606260212841909,841.890065555824,0.791429473392754,1574.85969934505
"3834","deadwood",0.197542996953541,825.032451845211,0.616934169558648,1399.81902824894
"3835","deadwood",0.360491399838605,810.358806300808,0.762146375176362,1232.41253052179
"3836","deadwood",0.35597737257133,801.411162275102,0.777855056445135,1076.208656927
"3837","deadwood",0.178746928289276,795.953449933476,0.749678654317042,936.827943321713
"3838","deadwood",0.350221129450077,791.249996663311,0.792309802620505,822.864029962091
"3839","deadwood",0.21976115593908,784.520766569338,0.725313842980312,746.056916383219
"3840","deadwood",0.232260441750801,785.556901898958,0.808757838163827,718.424475780959
"3841","dec_stand",0.277460716210545,799.142115009723,0.70746417124103,745.455314920158
"3842","dec_stand",0.450810810130007,813.356690052979,0.722600193222562,821.772851761619
"3843","mix_stand",0.558083537306994,809.632990094309,0.801157491574526,935.390136483153
"3844","mix_stand",0.933199243995845,801.20653422204,0.941331487596222,1074.5398499565
"3845","con_stand",0.767592135944955,782.969756780151,0.906345991156904,1230.59098201311
"3846","dec_stand",0.833046681584026,777.07417923461,0.939355132657421,1397.89467951533
"3847","deadwood",0.359245756731177,772.700139763219,0.765700821279496,1572.86426596546
"3848","mix_stand",0.630442259256575,782.075792354799,0.80923018112083,1753.20607955437
"3849","dec_stand",0.871552481231151,782.49931276946,0.879269421175544,1937.42050410186
"3850","mix_stand",0.890466828864864,778.388712065226,0.920860955642687,2124.50040153353
"3851","dec_stand",0.813759212109835,777.83955563257,0.865066929205483,2313.75080692736
"3852","mix_stand",0.829817723176114,764.375852880951,0.907324458689603,2504.6797661667
"3853","mix_stand",0.239312038978868,752.704478683284,0.57268237124005,2696.93080362635
"3854","deadwood",0.129950859558743,747.97880160545,0.722685569835511,2890.24010802973
"3855","mix_stand",0.409025768264145,747.477138286713,0.76733422342929,3084.40871133477
"3856","mix_stand",0.0683292381291527,742.604674318206,0.805679615522925,3279.28397810061
"3857","mix_stand",0.0140037711342126,741.186389167829,0.715016341336788,3474.74701430738
"3858","open",0.317248156523053,738.917738368529,0.934832126946907,3670.7039259223
"3859","con_stand",0.565184273420666,740.239899956331,0.921889893591624,3867.07963507994
"3860","open",0.0737336807867254,738.608186487741,0.92267835553716,4001.63828029875
"3861","dec_stand",0.552319999217987,1158.14504199219,0.988914206027985,5397.25397478338
"3862","dec_stand",1,1155.55688476562,0.97847506403923,5393.33618374993
"3863","con_stand",0.425454544690363,1134.22410085749,0.916550700199158,5731.32256946763
"3864","deadwood",0.315775861642484,1140.1719579587,0.891095067481457,5815.73957068009
"3865","deadwood",0.039950799329841,1135.09364669819,0.809304602719101,5887.83667480242
"3866","deadwood",0.00302211301405834,1125.4314580444,0.900156075496419,5963.54673205349
"3867","deadwood",0.0168438536916361,1122.41175451944,0.917402002081721,6044.9313161746
"3868","deadwood",0.000555555543137921,1127.50661595662,0.960015357885924,6067.8088231285
"3869","deadwood",0.0599999992797772,1207.70150756836,0.816473328404956,4794.56199305529
"3870","deadwood",0.0153133045386347,1226.45123160039,0.803993184039521,4692.94484714605
"3871","deadwood",0.0105651103701507,1250.10327575834,0.87022015578697,4496.93751698397
"3872","deadwood",0.048034398196407,1263.71607974941,0.90469172514554,4301.30211279278
"3873","deadwood",0.167039597281714,1223.11054276251,0.764372908051924,4106.09179633087
"3874","dec_stand",0.749164618620379,1167.09479314631,0.885638451675086,3911.37021449053
"3875","dec_stand",0.735675674311689,1116.34738436612,0.872805798009807,3717.21417330301
"3876","mix_stand",0.888573222958127,1077.27192570023,0.949720587653982,3523.71715750621
"3877","deadwood",0.298894348483377,1056.96817976368,0.857650596401322,3330.99401717765
"3878","mix_stand",0.635474543154502,1044.95875059232,0.867219197809097,3139.18728643138
"3879","dec_stand",0.638771497152508,1021.58058871332,0.812153491276232,2948.47581583188
"3880","dec_stand",0.401793611210746,1001.41262322503,0.69953346809862,2759.08673191556
"3881","dec_stand",0.77737272021757,972.820492267908,0.905138720494258,2571.31225103353
"3882","mix_stand",0.667395575965139,923.329702691305,0.820445407520641,2385.53367840267
"3883","mix_stand",0.712285010720756,891.348778052178,0.896293258472948,2202.25618619628
"3884","deadwood",0.578001255765417,870.459509983219,0.877975694858601,2022.15994145886
"3885","dec_stand",0.495700244881048,852.976030354418,0.799127068077683,1846.17618021226
"3886","deadwood",0.321609050260258,837.26134555704,0.765943251592344,1675.6011721915
"3887","dec_stand",0.518009826925375,822.164451055503,0.777668640601016,1512.26625579563
"3888","mix_stand",0.600171989072526,811.436484034583,0.815271405767448,1358.78486482501
"3889","mix_stand",0.797159018553442,804.518761808058,0.940867176545183,1218.88495339462
"3890","mix_stand",0.610294839056067,797.031888807142,0.834098745833085,1097.77132891946
"3891","mix_stand",0.586953315952523,791.303368945672,0.799925075957269,1002.27760217643
"3892","mix_stand",0.634519169272154,785.778792865017,0.845638049348468,940.2425396002
"3893","mix_stand",0.680958229577036,780.064250336818,0.87359013827632,918.470911313215
"3894","con_stand",0.593060966953401,781.211940686258,0.887357147374219,939.765256206147
"3895","dec_stand",0.473366092661675,787.406558999851,0.868177747120509,1001.38194450886
"3896","mix_stand",0.816068794303722,792.417576707845,0.93388802973732,1096.54457317442
"3897","mix_stand",0.871577622735373,790.545570359149,0.951817547980904,1217.41173941575
"3898","mix_stand",0.838894347392517,777.069617419044,0.949287581419989,1357.13294326614
"3899","mix_stand",0.402506141943962,767.356970184851,0.806134765148529,1510.48516981498
"3900","mix_stand",0.360980514888865,765.632220447476,0.788357156780177,1673.72584698158
"3901","mix_stand",0.366584766084095,766.46113725142,0.786454275566215,1844.23103583699
"3902","con_stand",0.589088621579162,766.860266128626,0.859665824169449,2020.16216089011
"3903","deadwood",0.764742012842757,763.219223809769,0.925191648061907,2200.21802080467
"3904","mix_stand",0.753832922374294,762.961566484531,0.883866251962944,2383.46400473583
"3905","mix_stand",0.683620363047743,758.076645386586,0.760870834216616,2569.21760944411
"3906","mix_stand",0.551842751095863,757.242177190007,0.656415233807295,2756.97202152219
"3907","mix_stand",0.340859950645953,753.725955147708,0.656742039022175,2946.3447643191
"3908","mix_stand",0.130408547696904,745.704712412778,0.817245468623716,3137.04277193205
"3909","open",0.112628992349459,741.58869296737,0.949466912968299,3328.83829219392
"3910","open",0.179182903556648,740.001950823234,0.927231115884468,3521.55200701617
"3911","con_stand",0.46683046575956,740.877762890565,0.912002196193256,3715.04102811589
"3912","con_stand",0.48269749406005,740.308253764187,0.924366204522952,3909.19023365779
"3913","open",0.361888409876005,739.323079252448,0.923885995993798,4030.2704837949
"3914","mix_stand",0.590000003576279,751.390014648438,0.953947365283966,4393.46237127199
"3915","mix_stand",0.931428565865471,753.895728701637,0.901645346766426,4508.28541436131
"3916","deadwood",0.0116666667163372,1133.89452107747,0.91197557747364,5996.39301142907
"3917","deadwood",0.0198214284277388,1129.75669206892,0.795231571221458,6072.38157529047
"3918","deadwood",0,1125.51165771484,0.936567157506943,6101.82793444758
"3919","deadwood",0.0556666660433014,1234.79923299154,0.865446540464958,4659.89909159511
"3920","deadwood",0.0149176805390148,1252.53708586969,0.860524068859192,4542.02056332012
"3921","deadwood",0.0270270268805783,1265.51844611391,0.85161049329019,4348.41380782495
"3922","deadwood",0.127718415881649,1236.65349670449,0.886593251614957,4155.41714837124
"3923","dec_stand",0.741621620660186,1177.8773934929,0.878993299398434,3963.1197176365
"3924","dec_stand",0.862260440648224,1126.88033900155,0.932099959215822,3771.62846819101
"3925","deadwood",0.226675046592632,1095.10476717179,0.717134308901169,3581.07272953557
"3926","deadwood",0.295479115121597,1089.9863663657,0.831926295291221,3391.61018879689
"3927","mix_stand",0.87250785482784,1087.91708947547,0.935769679578575,3203.43481870026
"3928","dec_stand",0.778501227401947,1068.40226794344,0.871029067894384,3016.78749482019
"3929","dec_stand",0.760810809356392,1049.93016614609,0.915191641466404,2831.97036115992
"3930","dec_stand",0.884123191799404,1010.08775980798,0.952439042174689,2649.36646207996
"3931","dec_stand",0.988009826172628,951.333839772667,0.989789910413123,2469.46681706593
"3932","dec_stand",0.729705158685144,912.428163720583,0.857244345650113,2292.90803502374
"3933","dec_stand",0.793236956079938,882.106748723594,0.912719293417307,2120.52477934755
"3934","dec_stand",0.632506141484846,860.6723449857,0.811479090669488,1953.42279315849
"3935","dec_stand",0.417624134975436,843.905994503997,0.783482595149599,1793.0792129932
"3936","mix_stand",0.466093364800956,825.407991638933,0.778427607633851,1641.47577061833
"3937","mix_stand",0.62525798431632,813.153099716149,0.824509892640155,1501.26264630152
"3938","mix_stand",0.63419233072411,804.530074104582,0.818091731736264,1375.92643227035
"3939","dec_stand",0.317616707002355,797.595726706765,0.672758551563894,1269.87981598017
"3940","deadwood",0.393931202672843,790.483392026559,0.813944814911255,1188.29841925011
"3941","mix_stand",0.41352608376127,784.880240967257,0.76685684197714,1136.46324422997
"3942","con_stand",0.572457000828309,779.971751857448,0.836548713990087,1118.51752954576
"3943","con_stand",0.474418603768894,778.569980240108,0.816862449381269,1136.06839953153
"3944","con_stand",0.666093365030697,774.146144257717,0.908279190137433,1187.54306827696
"3945","mix_stand",0.727125305677844,771.19926463884,0.92179420185836,1268.81947324141
"3946","mix_stand",0.645983657401025,767.706625563779,0.897559425656526,1374.62153278424
"3947","mix_stand",0.667837836910085,765.96198799452,0.873620140887728,1499.7676643883
"3948","con_stand",0.66434889271654,761.720716546736,0.898542566572748,1639.8350288707
"3949","mix_stand",0.6372595836978,760.50199685855,0.865545143081211,1791.32687767503
"3950","deadwood",0.376584765865154,759.906995731138,0.843946501274001,1951.58454324317
"3951","con_stand",0.391200501900248,758.434894899839,0.830744906454473,2118.61975402554
"3952","deadwood",0.404004912841745,753.373272982511,0.871628196255581,2290.95051906577
"3953","mix_stand",0.525012284210661,751.950685543276,0.848802063046641,2467.46754495346
"3954","mix_stand",0.355323695081873,750.411993711269,0.711768585303476,2647.33357851148
"3955","mix_stand",0.251891891785534,750.605463426295,0.652492951178987,2829.91011382387
"3956","mix_stand",0.126289925860648,746.790637079562,0.668886196489517,3014.70473091737
"3957","open",0.151753613637499,743.549916054602,0.92688281952136,3201.33334140149
"3958","open",0.338280097780525,742.539930451414,0.920727519376848,3389.49301470912
"3959","con_stand",0.375487114838427,743.109592785407,0.816732207197277,3578.94227623211
"3960","mix_stand",0.232653562194629,743.475912483084,0.865193930399634,3769.48669214117
"3961","deadwood",0.28443305582419,741.128502229328,0.909754764816075,3960.96821669504
"3962","mix_stand",0.196428570535262,747.074542065056,0.865716214956982,4159.50261183432
"3963","con_stand",0.516203030604985,749.470107901466,0.908832495080537,4346.24658226606
"3964","mix_stand",0.810602108124137,754.721987022812,0.945234817314562,4539.84693602845
"3965","mix_stand",0.875999997569281,763.721595951549,0.980470872239063,4681.57591530368
"3966","deadwood",0.0168421050827754,1252.10567525993,0.90116866257854,4537.73211788516
"3967","deadwood",0.0938853503270134,1252.03146840478,0.917135037111629,4404.11660944392
"3968","deadwood",0.014663402524616,1236.22765642631,0.845027258576349,4213.67193811729
"3969","deadwood",0.375311003596874,1189.84570385509,0.792017473937257,4024.1591080444
"3970","deadwood",0.39138755963839,1142.80582796672,0.849749186927337,3835.71624131969
"3971","deadwood",0.125752753223608,1126.25498508561,0.759436337151901,3648.5091302112
"3972","dec_stand",0.741267941277207,1127.85496506394,0.868896371439884,3462.73820766349
"3973","dec_stand",0.748935126529658,1132.39264528608,0.808661890338144,3278.64760970008
"3974","dec_stand",0.767631578045278,1116.43607166053,0.891302514241999,3096.5370391092
"3975","dec_stand",0.63222487941919,1091.41656333522,0.755063719506059,2916.7773917071
"3976","mix_stand",0.950917990880504,1040.5544912462,0.961014206016224,2739.83143699281
"3977","dec_stand",0.958133969723323,989.54027181379,0.969665393019407,2566.28125614764
"3978","dec_stand",0.93346889772448,948.755353316166,0.949002353055625,2396.8645978292
"3979","dec_stand",0.953806607684205,906.660745870527,0.975264275635762,2232.52268680952
"3980","dec_stand",0.878779902720031,876.122801785264,0.933502082895648,2074.46196060999
"3981","dec_stand",0.788225212607492,853.99038289139,0.889023935301469,1924.23089493524
"3982","dec_stand",0.509928229064391,832.822480708218,0.798688446608278,1783.80881265348
"3983","mix_stand",0.58200956836931,814.299674586246,0.821195168431813,1655.69334577173
"3984","deadwood",0.19106487119103,805.638381266973,0.716902068233621,1542.95309793069
"3985","deadwood",0.342296650111854,797.820349113793,0.78330187353252,1449.18090714191
"3986","deadwood",0.339210525547203,793.137536263352,0.810018253363402,1378.25381292535
"3987","deadwood",0.394932679239218,791.569681118576,0.809685913902893,1333.82123092251
"3988","mix_stand",0.733516744801409,789.452301974502,0.944929772479968,1318.56429924805
"3989","mix_stand",0.635691552884612,782.082075737681,0.881341294350155,1333.48482496236
"3990","mix_stand",0.434043061558567,787.395860151811,0.685514731515359,1377.60261959032
"3991","dec_stand",0.316196171415337,783.067369816976,0.65650500269199,1448.25184568329
"3992","con_stand",0.529791920542753,776.6917546061,0.852022387680109,1541.78956782696
"3993","mix_stand",0.853708132294911,785.032793729499,0.831558124665795,1654.33792385107
"3994","mix_stand",0.908157893590201,771.914477334638,0.904345086601933,1782.29910312287
"3995","dec_stand",0.676646264855872,760.46290989926,0.855667037563342,1922.59809933285
"3996","con_stand",0.592846888794818,756.158442082017,0.917500816223225,2072.73105876533
"3997","con_stand",0.581077110998086,753.974106787468,0.849221000693104,2230.7133083857
"3998","mix_stand",0.452105262824758,754.550687214975,0.767435817342055,2394.99204972649
"3999","mix_stand",0.354688994457241,751.590701819607,0.806039487403866,2564.35746417943
"4000","con_stand",0.60205630249956,750.004472263294,0.872651042355136,2737.86572382668
"4001","mix_stand",0.392559808300157,749.508582156241,0.731623243355598,2914.77708771422
"4002","con_stand",0.399665071214572,746.278908323443,0.853336887068726,3094.5079499301
"4003","con_stand",0.584259484318909,746.016218094376,0.890530611129621,3276.59436992356
"4004","mix_stand",0.254043062070483,745.890945872622,0.860921959985386,3460.66454738964
"4005","mix_stand",0.124847000868332,745.417062112722,0.82569009164118,3646.41807611114
"4006","mix_stand",0.106124401475753,744.272791812294,0.829610583989206,3833.61026888324
"4007","mix_stand",0.374162678544423,742.154393392316,0.886954064859728,4022.04025753805
"4008","con_stand",0.433757648628884,741.799841181593,0.906226636866972,4211.54190344296
"4009","con_stand",0.517966505322766,745.633729487515,0.858602942056669,4401.97680676095
"4010","mix_stand",0.430071769429273,751.556566192773,0.809235836802254,4593.22889062562
"4011","con_stand",0.510681816122749,759.31014436664,0.87418827847127,4738.19535579543
"4012","deadwood",0.0438135588320635,1236.11142536745,0.888378514955609,4433.64150820332
"4013","deadwood",0.0205548547142541,1228.38579552592,0.864405660656331,4280.49162501221
"4014","deadwood",0.0839803438102804,1201.37955154306,0.81819906585486,4094.07290885661
"4015","deadwood",0.0739557738084099,1173.56387449072,0.820431278894955,3909.00175139089
"4016","deadwood",0.0701948454326088,1169.67089636591,0.738044840483303,3725.4789866239
"4017","deadwood",0.340417690282225,1171.99654251586,0.757607644236205,3543.74518627092
"4018","con_stand",0.186247642659527,1177.1677793914,0.64432019391463,3364.09029140126
"4019","dec_stand",0.830147419555035,1162.95790306297,0.906877403854592,3186.86590715545
"4020","dec_stand",0.932825551672635,1137.22836896067,0.956149297626803,3012.50102235473
"4021","dec_stand",0.932671274594134,1092.62417128759,0.950574448242044,2841.52208986114
"4022","dec_stand",0.911646189575406,1041.64035851481,0.920214139648166,2674.57855420507
"4023","dec_stand",0.711990171091526,1000.84400231364,0.861042532895941,2512.47495032415
"4024","dec_stand",0.819384033554646,942.692156587285,0.899885311132703,2356.21042933946
"4025","dec_stand",0.992751841243421,898.637363368229,0.982731589631015,2207.02561756257
"4026","dec_stand",0.960351978314515,869.619282874126,0.971365034018276,2066.45441365817
"4027","dec_stand",0.641474200101427,845.232486771717,0.851942381379938,1936.3736438928
"4028","mix_stand",0.357690416825638,817.818720862086,0.749827761946736,1819.03524200518
"4029","mix_stand",0.337020741350654,808.06099836636,0.760058927733163,1717.05352636891
"4030","dec_stand",0.678230956842075,803.248834408472,0.839622973755039,1633.30759228059
"4031","deadwood",0.152899262442709,797.091689163695,0.779221179595341,1570.71698514
"4032","deadwood",0.532721557097754,796.575479542213,0.864298506241261,1531.87704520091
"4033","mix_stand",0.672530711008378,788.36798556841,0.905959497707042,1518.61120554449
"4034","con_stand",0.474896290335432,791.0948759471,0.639487418114301,1531.58414178443
"4035","dec_stand",0.296068795670638,810.503535765102,0.524472272738497,1570.1456145461
"4036","dec_stand",0.473906632810282,800.053494952528,0.681940252096358,1632.48332185254
"4037","deadwood",0.39235700680485,790.222684178092,0.793706361056873,1716.00804750232
"4038","mix_stand",0.937149874769902,795.358682918314,0.936331292152112,1817.80161727207
"4039","mix_stand",0.864029483329642,783.234617191099,0.891025915192738,1934.98297101306
"4040","mix_stand",0.548057824181244,768.216437224095,0.765469848997259,2064.93407985181
"4041","deadwood",0.208648648204543,758.692114977637,0.787587760117006,2205.39875936337
"4042","con_stand",0.256367064174206,758.110547826397,0.627130699433541,2354.49610301226
"4043","mix_stand",0.555651105290476,765.073783068458,0.720068874226595,2510.6886282496
"4044","mix_stand",0.415159704959986,758.348956021396,0.676805780470001,2672.73271288999
"4045","mix_stand",0.361885605772137,759.289005224395,0.563634895380805,2839.62677101159
"4046","mix_stand",0.473022111808236,764.238728178807,0.554130258846396,3010.5643192453
"4047","mix_stand",0.576044224555025,752.84826776378,0.842820558358322,3184.89436552411
"4048","mix_stand",0.151979886290414,750.350999910078,0.805213433103244,3362.08923086368
"4049","mix_stand",0.125405404854026,749.116113048806,0.824131378688888,3541.71895420179
"4050","mix_stand",0.108108107902058,747.079774867357,0.866103725977322,3723.43115718613
"4051","mix_stand",0.00245700244327289,746.866146565655,0.840905662690099,3906.93528120877
"4052","mix_stand",0.174324324262999,744.314307997795,0.875984608651086,4091.9902588187
"4053","con_stand",0.523670646068737,742.851974784616,0.926943617471916,4278.3948558341
"4054","mix_stand",0.409533168749852,744.941478644894,0.790263687362912,4465.98008101339
"4055","mix_stand",0.286984519328311,751.632360877636,0.800640662745702,4654.6031950109
"4056","open",0.196765162885004,759.878662014453,0.86122711631651,4815.10898519519
"4057","deadwood",0.0301880873739719,1228.49303366921,0.867602315442315,4350.71971170626
"4058","deadwood",0.0568796067111908,1217.47418752759,0.859445111757414,4172.41505619528
"4059","deadwood",0.0138574936804739,1210.67871648615,0.860896483466432,3990.97835921687
"4060","deadwood",0.0522941540971183,1213.19864223439,0.882039595519425,3811.40478696853
"4061","deadwood",0.0403194102740112,1215.81736789113,0.839073212876806,3633.97055028321
"4062","deadwood",0.185694531289981,1214.73727000756,0.770900082664996,3459.00488497801
"4063","dec_stand",0.840786238958377,1189.86220556161,0.926720771297849,3286.90202958006
"4064","dec_stand",0.863538081540339,1159.60960249467,0.950749656839951,3118.13605116013
"4065","dec_stand",0.902677560006201,1128.37102991436,0.965040301467397,2953.2790655129
"4066","dec_stand",0.868304667248407,1083.92187627469,0.92563242943962,2793.02333820442
"4067","dec_stand",0.789410317961941,1038.05469533559,0.886331068008625,2638.2075013963
"4068","dec_stand",0.91245757224592,977.05622952963,0.926953782737817,2489.84650064551
"4069","dec_stand",0.926363634325436,918.740283975437,0.942218217843141,2349.16361644033
"4070","dec_stand",0.974959143644081,880.030484125796,0.981765649739786,2217.62059886163
"4071","deadwood",0.584496313262118,847.391244874247,0.862739386270395,2096.93821268637
"4072","dec_stand",0.476855035976527,823.292212258979,0.723178019488564,1989.09425085061
"4073","dec_stand",0.320553110346975,815.631268130242,0.639853676447398,1896.280394172
"4074","dec_stand",0.398280098041204,811.142369975622,0.754417831453447,1820.79654312716
"4075","deadwood",0.141867321346147,802.424452273207,0.693010885657454,1764.8677268227
"4076","deadwood",0.0794217470520551,795.222173070998,0.716167033252515,1730.39112874942
"4077","deadwood",0.205307124960591,788.726978086429,0.81643718347887,1718.65824039234
"4078","dec_stand",0.680427402627873,803.515676713005,0.747502798201677,1730.1318330131
"4079","dec_stand",0.773857492720136,827.036120253054,0.767106750536097,1764.35923083998
"4080","dec_stand",0.690933659526288,825.929562842817,0.810287081011793,1820.05718448158
"4081","dec_stand",0.358164675828798,805.641396551893,0.665074493931835,1895.33377999548
"4082","mix_stand",0.798255526307394,804.664409178188,0.858437990568377,1987.96615762389
"4083","mix_stand",0.875995084034686,796.07006858432,0.852664855100599,2095.65409205711
"4084","mix_stand",0.457950973191365,779.326242232308,0.795649449153096,2216.20396775487
"4085","con_stand",0.541056510180015,768.663276466163,0.845684976767776,2347.63525770544
"4086","mix_stand",0.243871778469839,765.344287654126,0.657668764945904,2488.22424695556
"4087","mix_stand",0.54250614134096,773.153808818695,0.675655520862055,2636.50636760655
"4088","mix_stand",0.77665847584294,769.028148679241,0.759734601627907,2791.25582365336
"4089","mix_stand",0.604726585949988,768.392458778444,0.746934146254477,2951.45551263625
"4090","mix_stand",0.414864864090517,764.270692380113,0.658772824102148,3116.26499777808
"4091","deadwood",0.28105651059117,754.614943670699,0.718522242002683,3284.9905255573
"4092","deadwood",0.349038339917162,753.1185430866,0.763003639417913,3457.05876329802
"4093","mix_stand",0.367886977517378,751.933179288297,0.711874807677953,3631.99465253796
"4094","mix_stand",0.67761156375044,750.721255050074,0.856186410078532,3809.40314780297
"4095","mix_stand",0.361646190441284,748.627530934477,0.848356543374259,3988.95435573684
"4096","mix_stand",0.349385749306118,746.904717035317,0.912764388967205,4170.3715284169
"4097","mix_stand",0.393337522828302,746.395741633542,0.878228670846622,4353.42139484782
"4098","open",0.333636363030066,744.508044081179,0.889398388470768,4537.90638074386
"4099","con_stand",0.514250153959651,750.16146806908,0.885153076935423,4723.6583410355
"4100","con_stand",0.797014921458799,753.760104506763,0.947262879627854,4822.53557349098
"4101","deadwood",0.00292517000264456,1233.49910170367,0.878479159456127,4405.81003600636
"4102","deadwood",0.00788697781137371,1237.75158166534,0.895489297587543,4258.72045539896
"4103","deadwood",0.0287469285528841,1246.48643399925,0.873953645238859,4081.12238655113
"4104","deadwood",0.0387932116284002,1252.69710396432,0.907252987794049,3905.6954976415
"4105","deadwood",0.00388206383648171,1252.66628698401,0.908955228141983,3732.7459163587
"4106","deadwood",0.0616970456373309,1230.3541898122,0.837937599079628,3562.6344467812
"4107","dec_stand",0.646830465736128,1181.83525674056,0.846125984294409,3395.78764002345
"4108","dec_stand",0.875773953900876,1133.92813027872,0.946753349365708,3232.71102332977
"4109","dec_stand",0.936115648482747,1082.73584214552,0.974567253173034,3074.00468347253
"4110","dec_stand",0.982579851234721,1048.52454145652,0.974039880444435,2920.38120749522
"4111","dec_stand",0.979852578225168,1005.07206366162,0.971698277449139,2772.6855879399
"4112","dec_stand",0.973475799240795,967.691325227844,0.976602257983929,2631.91597727746
"4113","dec_stand",0.926461914773911,921.844872364541,0.958032670629918,2499.24296992226
"4114","dec_stand",0.801332493938417,879.838238690351,0.878888527368091,2376.02325395118
"4115","dec_stand",0.647837836684371,853.758201392921,0.819288820225096,2263.80099683488
"4116","dec_stand",0.50429975337072,833.871217694857,0.713263263608986,2164.28759007335
"4117","dec_stand",0.349465743756234,825.053556719192,0.690478525897763,2079.30852956709
"4118","dec_stand",0.573194102198801,818.405642122836,0.770499834685566,2010.70746728827
"4119","dec_stand",0.272260441868143,812.99350999087,0.745266939300577,1960.20469496509
"4120","deadwood",0.189289754658169,799.77210565995,0.772501118654428,1929.22205631647
"4121","mix_stand",0.369754298798355,794.252919002599,0.820648691532287,1918.70539902155
"4122","dec_stand",0.610282839740094,809.917467578862,0.716710453062763,1928.98948756001
"4123","dec_stand",0.55484029345434,823.262377914691,0.684691268465589,1959.74688345421
"4124","dec_stand",0.781007368936769,830.5771735189,0.764410907462129,2010.03796493819
"4125","mix_stand",0.343834065682929,817.893773700515,0.674139055036509,2078.4452754296
"4126","dec_stand",0.497886976899913,812.643325843155,0.697622483555017,2163.25085798546
"4127","mix_stand",0.895675674291369,811.73661496774,0.909203250679652,2262.6115785381
"4128","mix_stand",0.653576365999273,796.859356048795,0.879388822709742,2374.70111913636
"4129","con_stand",0.523685502739628,787.101203749748,0.789311974760172,2497.80644250587
"4130","dec_stand",0.474318038107913,782.506947496415,0.716007129294478,2630.38134351615
"4131","mix_stand",0.639950858644171,782.176056807984,0.795547209721269,2771.06700920039
"4132","mix_stand",0.800442259438354,781.922728779861,0.813772065754916,2918.69081879198
"4133","mix_stand",0.766687616181404,776.072539381678,0.792110222606164,3072.25278760839
"4134","deadwood",0.214422604188103,764.406500326621,0.693552753924969,3230.906321026
"4135","deadwood",0.209606879040672,760.506312902202,0.679815081314296,3393.93746090797
"4136","mix_stand",0.838164674077185,768.677011658904,0.925749351390498,3560.74496290274
"4137","mix_stand",0.783931202422233,770.06132199899,0.914879481848192,3730.82233054538
"4138","mix_stand",0.964072909128883,766.929073580701,0.948528148660039,3903.74220490042
"4139","mix_stand",0.804447171330928,758.193768850416,0.962405987871074,4079.14310995224
"4140","con_stand",0.354520883434052,750.5641484366,0.925134103864212,4256.71835920088
"4141","con_stand",0.497020740481123,748.271090274334,0.955149921211036,4436.20685231628
"4142","open",0.0138083537193862,746.540485054035,0.99756654749192,4617.38547799742
"4143","con_stand",0.468610168204217,747.712970953473,0.908114747090612,4792.31209682564
"4144","deadwood",0,1242.64534505208,0.84430859486262,4396.54133865984
"4145","deadwood",0.0202838706201123,1251.58956574471,0.859155676595626,4336.31637676036
"4146","deadwood",0.0142434208506816,1264.92079453719,0.876669223052695,4167.37443942008
"4147","deadwood",0.00564635950202928,1275.1164532643,0.885955422319594,4007.76077454087
"4148","deadwood",0.0025798525267649,1273.28303081691,0.900571928288632,3839.41146899174
"4149","deadwood",0.00226272780759615,1246.79548458001,0.826430334638755,3674.2416694631
"4150","mix_stand",0.408353807253612,1188.48593057169,0.754231938703274,3512.69991290791
"4151","dec_stand",0.891769040948013,1132.1634872399,0.914012230136397,3355.31025775188
"4152","dec_stand",0.955700815342118,1077.06874070087,0.97713991194158,3202.68490309271
"4153","dec_stand",0.969017197435186,1024.45240003881,0.968006789958887,3055.53786857324
"4154","dec_stand",0.617911546182171,979.382521233336,0.802074113036952,2914.69898259576
"4155","dec_stand",0.472608421407617,943.342023560568,0.778402235857688,2781.12676212855
"4156","dec_stand",0.544398033460579,908.564747803334,0.748729113050043,2655.91780557028
"4157","mix_stand",0.746297924760038,880.62796133678,0.922063813695482,2540.30906148538
"4158","dec_stand",0.546167074750734,860.257362496941,0.870658897321113,2435.66793319269
"4159","dec_stand",0.42651105610338,843.680972537479,0.820466102139809,2343.46407027565
"4160","dec_stand",0.521282211184914,833.108601338155,0.784793449953283,2265.21672948223
"4161","dec_stand",0.533685502479498,823.074982626725,0.790679866168877,2202.41395503113
"4162","dec_stand",0.596388205217715,813.382440552958,0.813574298616746,2156.40558384404
"4163","mix_stand",0.711250784181147,802.642571104614,0.858939601313311,2128.281059837
"4164","mix_stand",0.43601965566946,798.977188110352,0.796325112040857,2118.75267838925
"4165","dec_stand",0.45495914500195,815.049458540288,0.696760067333409,2128.07024545211
"4166","mix_stand",0.197149876733963,822.980981775232,0.614336635492953,2155.98943453655
"4167","dec_stand",0.731449630019925,831.224810925983,0.772652630366989,2201.80274523653
"4168","dec_stand",0.553312381297481,829.996423554675,0.790451943232794,2264.42434867214
"4169","mix_stand",0.677862406765507,828.425278309815,0.870364531407851,2342.5066376841
"4170","dec_stand",0.932800980756192,833.220286976207,0.972033450329626,2434.56248207334
"4171","dec_stand",0.754468886236737,820.395266549082,0.931069349601987,2539.07247344921
"4172","deadwood",0.902732239127345,802.395632693956,0.972299449709968,2654.56606368912
"4173","mix_stand",0.807049806827101,798.101672222971,0.949464993412924,2775.71083779197
"4174","mix_stand",0.687970477982274,781.54548827074,0.859913076513514,2913.15930783523
"4175","mix_stand",0.896658475151519,775.96780320526,0.945523204561094,3053.92229077191
"4176","mix_stand",0.901294781334141,784.158518198374,0.930456375135407,3201.00343298868
"4177","mix_stand",0.510196559286747,772.933028724914,0.788210932819827,3353.57153086256
"4178","con_stand",0.505626534837177,771.389277315257,0.70780228900881,3510.91134349505
"4179","mix_stand",0.637159018130478,782.334900362697,0.774971809980444,3672.40960757148
"4180","mix_stand",0.618796067106416,797.00950045199,0.850270158722791,3837.54134887482
"4181","mix_stand",0.614833437196681,792.642089690299,0.861539373854509,4005.85724876268
"4182","mix_stand",0.725135133169244,773.624208942385,0.963016260337467,4176.97239698632
"4183","open",0.396703600408793,758.111832594938,0.953525087983449,4350.55650779216
"4184","open",0.200268997269023,752.101799211329,0.978124429849083,4526.32553671868
"4185","open",0.128438709325367,750.338655100176,0.972284781982854,4704.03456787462
"4186","mix_stand",0.568848483422489,750.078545495236,0.881956301719853,4854.5755170196
"4187","deadwood",0,1275.4707438151,0.9774236480395,3980.02513048482
"4188","deadwood",0.00427266331265196,1270.59295143883,0.88337480121319,3953.32861675604
"4189","deadwood",0.0092044062638881,1261.24124425657,0.851889463339908,3793.12244231384
"4190","mix_stand",0.188110047202718,1218.41588150828,0.669238791529214,3636.86486323384
"4191","dec_stand",0.722200956409485,1159.62964480459,0.845658353962111,3485.08703839234
"4192","dec_stand",0.79958384219589,1092.98433615265,0.844944927034355,3338.40002959671
"4193","dec_stand",0.931746410125751,1029.4701896558,0.947996380493829,3197.50454428427
"4194","dec_stand",0.796961721077419,976.399982908696,0.836317997158429,3063.19985056075
"4195","dec_stand",0.134883720746932,945.265740234674,0.663065818119042,2936.39043706116
"4196","dec_stand",0.486076553677472,920.084146417499,0.780554489905469,2818.08831194004
"4197","dec_stand",0.842839655620268,895.176486852265,0.882789765971381,2709.40807733254
"4198","dec_stand",0.414808611167176,871.045448084197,0.794276935810393,2611.55126040686
"4199","deadwood",0.259521530504432,854.230549314946,0.779829972220861,2525.7761782308
"4200","dec_stand",0.509840879840104,840.993711884778,0.797197522456453,2453.35037853589
"4201","dec_stand",0.403660286302594,825.725634269167,0.730447181228673,2395.48498591537
"4202","mix_stand",0.447918659009253,812.266970985814,0.793514980932332,2353.25434582684
"4203","mix_stand",0.340367196203008,804.92084595623,0.79043811075036,2327.50965090759
"4204","mix_stand",0.470023922506346,802.522287250135,0.812529062130377,2318.80007643462
"4205","dec_stand",0.199902080487337,812.044796554958,0.630250249003292,2327.31688309794
"4206","mix_stand",0.210717702877115,822.742010052695,0.673341578393996,2352.87301286922
"4207","dec_stand",0.752464113289125,839.668358250668,0.787593414712893,2394.92305000961
"4208","dec_stand",0.588543450380043,853.63889853432,0.807128916422733,2452.61877931894
"4209","dec_stand",0.666411482497301,850.337167949768,0.796389149715812,2524.88787835809
"4210","dec_stand",0.896028706839567,859.442656959643,0.974660937366873,2610.52028919031
"4211","dec_stand",0.766707464888455,848.239279552072,0.958311230217812,2708.24870029507
"4212","dec_stand",0.991914891562563,834.095871815783,0.977464154552906,2781.52662470467
"4213","open",0.260350876177351,771.573002330044,0.892044949426986,3008.72242595486
"4214","mix_stand",0.583026399443745,763.072269594447,0.862857988944335,3061.73485329014
"4215","con_stand",0.72928229568339,755.772260017943,0.846048838249519,3195.96073122984
"4216","mix_stand",0.637209300936691,765.7884319777,0.846890035419379,3336.78694848068
"4217","mix_stand",0.792320573154356,774.459756988087,0.913041405629313,3483.41308831219
"4218","mix_stand",0.379760764855624,774.679436095023,0.690912717582355,3635.13738507181
"4219","mix_stand",0.384602202683906,786.046642625638,0.626301681578406,3791.34782539213
"4220","mix_stand",0.364688994434248,802.021631998309,0.746721668389479,3951.51240895265
"4221","mix_stand",0.48766217771074,804.122179010361,0.803827659269131,4115.16946957242
"4222","mix_stand",0.533226949347725,792.749563014254,0.825585501030722,4281.91857333563
"4223","con_stand",0.919108278218918,777.089925000622,0.975272253060796,4395.89819172746
"4224","open",0.0274285714541163,755.67498953683,0.94694572687149,4658.27916333059
"4225","open",0.0776676383119283,754.670283993201,0.96833989536797,4744.15230608691
"4226","deadwood",0.0125225224943311,1251.49037807339,0.951630073490443,4061.36239863804
"4227","deadwood",0.0685355119140249,1230.13909647406,0.899953145133408,3918.6148556245
"4228","deadwood",0.333046682146938,1199.89172528241,0.809351232067593,3767.56551330354
"4229","dec_stand",0.685184274024401,1139.47523187361,0.827973249576601,3621.26979298772
"4230","dec_stand",0.589189187647561,1070.72124542102,0.758903451357564,3480.3272024915
"4231","dec_stand",0.673194102178664,1016.56784222577,0.753917825479216,3345.41439367579
"4232","dec_stand",0.565257984174631,980.699161538914,0.624030953380725,3217.29000878456
"4233","dec_stand",0.712432430777289,965.645149465929,0.837938285413439,3096.79673889451
"4234","dec_stand",0.836977885971967,943.138335469314,0.901994907624415,2984.8588893933
"4235","dec_stand",0.796530482483914,905.231312577339,0.879243652206933,2882.47335517859
"4236","dec_stand",0.684103192436607,881.738429039058,0.790744507818023,2790.69170693561
"4237","dec_stand",0.782309581093142,866.896378688203,0.775914885840523,2710.59131355607
"4238","dec_stand",0.745015712516964,851.892899221328,0.846712372555514,2643.2343523025
"4239","dec_stand",0.639484028677463,832.402644764293,0.816040430458249,2589.61539989033
"4240","deadwood",0.511449629752107,817.911941453338,0.913936109613874,2550.60100830647
"4241","con_stand",0.47600251314945,812.376714662064,0.820803803989417,2526.8677436398
"4242","mix_stand",0.455110564521292,809.399479559071,0.79360395150044,2518.84759168946
"4243","mix_stand",0.110622249777815,812.542138503079,0.570388522455709,2526.69018529982
"4244","mix_stand",0.232457001595152,823.49432249327,0.664517738407876,2550.24918406506
"4245","dec_stand",0.787248156543739,842.608042611537,0.78721845198505,2589.09559791509
"4246","mix_stand",0.92399748416628,867.057199493734,0.914959182853897,2642.55532306018
"4247","dec_stand",0.765896805051797,876.469396680227,0.826797157956209,2709.76359885594
"4248","dec_stand",0.922014739922722,865.076720779007,0.975448658813423,2789.72693894249
"4249","dec_stand",0.964459737035954,852.120200864053,0.967387083433286,2881.38361416181
"4250","dec_stand",0.983825134123609,831.601451436027,0.987539200509181,2912.69284664629
"4251","open",0.130634440756276,768.071547770428,0.932268003682716,3123.18783025901
"4252","mix_stand",0.302637222921623,756.311442878795,0.86015711179009,3215.89520687677
"4253","con_stand",0.409361178462716,745.175012761896,0.774052869986184,3343.93886654956
"4254","mix_stand",0.751074794017242,750.102427772124,0.868021390320631,3478.77993133662
"4255","mix_stand",0.779754298173935,763.141569620268,0.897074296136892,3619.65882148192
"4256","con_stand",0.748525797181216,756.829625272634,0.889504688981856,3765.89798892662
"4257","mix_stand",0.768372091789578,770.61034864693,0.94285980161071,3916.8970943669
"4258","mix_stand",0.884889433576888,790.237903529362,0.954052903124243,4072.12666041679
"4259","mix_stand",0.956907604313511,793.066563345515,0.968872800160324,4231.12109669008
"4260","mix_stand",0.905760595658585,795.880964778605,0.965808251830854,4393.47168387108
"4261","dec_stand",0.852727268229831,794.670077237216,0.843974839557301,4498.9765705063
"4262","deadwood",0.00951167722796179,1225.41014691979,0.913966764721648,4184.72483724569
"4263","deadwood",0.0193086108186948,1216.36065248001,0.920186782973432,4050.104387959
"4264","deadwood",0.0843243241099599,1199.11069130487,0.695556995278128,3904.14554079305
"4265","mix_stand",0.297616707298365,1144.02514168554,0.684744877987873,3763.16313834494
"4266","mix_stand",0.184336894351607,1084.49402638069,0.575772470185249,3627.73741602182
"4267","dec_stand",0.521744470599426,1039.87792586343,0.718211507566584,3498.5137223025
"4268","dec_stand",0.871916460710823,1015.27552926628,0.833559715232517,3376.20427734263
"4269","dec_stand",0.849176616516224,994.690827701168,0.820313636478128,3261.58702647104
"4270","dec_stand",0.932260440955401,959.481022527821,0.940996933938977,3155.5002918367
"4271","dec_stand",0.613551224555556,922.348639027268,0.898475054766231,3058.83177111512
"4272","dec_stand",0.663366092822036,900.571212393646,0.825208460669553,2972.50047397856
"4273","dec_stand",0.673955773037723,884.327392165725,0.764379037887371,2897.43056573096
"4274","dec_stand",0.513463229334332,864.581239212391,0.782047044230586,2834.51693419858
"4275","dec_stand",0.713710072287873,846.78753733342,0.859064043602501,2784.58366167375
"4276","dec_stand",0.53648648577621,833.81223823866,0.770106836805619,2748.33834143976
"4277","deadwood",0.419610307444798,824.582732022595,0.815353567976011,2726.32695411547
"4278","mix_stand",0.234545453723877,820.003745301643,0.794230666377694,2718.89522305955
"4279","mix_stand",0.292243871250144,821.458732331646,0.781045905711852,2726.16238671292
"4280","dec_stand",0.687837836522545,830.281700078041,0.789971801250972,2748.01183312162
"4281","dec_stand",0.720221128461182,846.30377512189,0.746912032553436,2784.10026089209
"4282","dec_stand",0.783532368324786,866.27121698654,0.808398502079816,2833.8837382454
"4283","dec_stand",0.789877147736435,874.639572893372,0.851701505621781,2896.65623996459
"4284","dec_stand",0.779318799475355,854.624939962694,0.929742732618197,2971.59473256226
"4285","mix_stand",0.78666666507721,844.099480794271,0.966562963326772,2963.05185336797
"4286","open",0.0115384615312975,777.272171900823,0.992511197638053,3272.96368216729
"4287","mix_stand",0.513506492736923,762.223017088435,0.908855330161374,3374.87515277564
"4288","con_stand",0.296904176048001,744.069807947707,0.751657370118658,3497.10279170933
"4289","con_stand",0.422526712207993,737.669215002725,0.759296464684023,3626.25304220038
"4290","mix_stand",0.682653561243627,743.707278089969,0.86458932499769,3761.6129343254
"4291","con_stand",0.677076165241713,745.517257090576,0.832484076975751,3902.53637530603
"4292","con_stand",0.813626648044526,757.294009915393,0.946956081764268,4048.44241712422
"4293","mix_stand",0.971498769248037,770.637406820161,0.980607341746147,4198.81166524572
"4294","mix_stand",0.922514141313053,761.227475879029,0.903589801320784,4353.18163495472
"4295","mix_stand",0.940393117780475,764.689120768329,0.955755642832644,4511.14163431015
"4296","mix_stand",0.831666663537423,769.928458658854,0.79379087438186,4612.70640485898
"4297","deadwood",0.0299999995157123,1225.94353637695,0.903192709386349,4222.01425203635
"4298","deadwood",0.0100518133626392,1233.63474686117,0.91825390060228,4187.02609219563
"4299","deadwood",0.00788697773357281,1242.14600561643,0.739298476816981,4046.00960056398
"4300","deadwood",0.0588452085687868,1208.80428934683,0.595102514284468,3910.14545460659
"4301","deadwood",0.146750470879766,1157.04651531073,0.578352774012808,3779.98926739955
"4302","mix_stand",0.331572481145034,1105.0000953768,0.696574817061497,3656.15068675827
"4303","dec_stand",0.848132677225245,1069.20997743349,0.874546437247379,3539.29292713119
"4304","dec_stand",0.562815838582968,1039.27688968833,0.690997222345966,3430.1295312164
"4305","dec_stand",0.716363635413001,992.318565574852,0.839775127269492,3329.4174227474
"4306","dec_stand",0.863507225823844,950.247976172427,0.934293541684981,3237.94529693661
"4307","dec_stand",0.595921374852849,928.936808330714,0.76043903409373,3156.51654741097
"4308","dec_stand",0.528722357865267,911.113899362175,0.714479238687298,3085.92632433987
"4309","dec_stand",0.615889376871133,892.192283874934,0.793762344522794,3026.93300908213
"4310","dec_stand",0.7872235860163,871.858830145009,0.881250387190381,2980.22536072452
"4311","dec_stand",0.573267812234251,854.566842306451,0.795175838400896,2946.38771327467
"4312","mix_stand",0.486235071561345,842.727999377296,0.751571066939816,2925.86662548975
"4313","deadwood",0.166240785824689,836.912912842097,0.821819528708514,2918.94296969692
"4314","deadwood",0.399346321797798,838.50270810418,0.843174313343148,2925.71328183119
"4315","dec_stand",0.698943487700322,845.547447485771,0.734716675287749,2946.08315421727
"4316","dec_stand",0.847100735479549,857.790763536308,0.834901855768823,2979.77369821248
"4317","dec_stand",0.723997484112895,876.544181857298,0.813565277466978,3026.34007184553
"4318","dec_stand",0.842457000761126,886.101542067469,0.898177459060285,3085.19930721645
"4319","dec_stand",0.754897957287577,855.090433977088,0.935860002463284,3155.66362226797
"4320","mix_stand",0.871249998083592,833.651808131825,0.974696884482083,3275.13150742215
"4321","mix_stand",0.890401394585924,818.288657942367,0.9719407967768,3343.28612839411
"4322","dec_stand",0.844703860855921,801.027843085686,0.935092008619094,3447.11646103549
"4323","mix_stand",0.677539631450335,773.270349941604,0.912977173513412,3538.02506942888
"4324","mix_stand",0.476879605799181,754.151002438707,0.845279477484048,3654.80061120611
"4325","mix_stand",0.457372720729698,736.911089539303,0.844420766569135,3778.56470372096
"4326","mix_stand",0.368918918205897,732.735127104588,0.800965148186728,3908.65354431482
"4327","con_stand",0.458599507909369,733.206028668828,0.786362265159399,4044.45687769208
"4328","deadwood",0.72437460573026,742.60029549302,0.970031534347948,4185.41849021757
"4329","mix_stand",0.901130217765927,753.558460057514,0.975147276457756,4331.03475369286
"4330","mix_stand",0.89277183877961,753.370641875012,0.962428763967726,4480.85189822526
"4331","mix_stand",0.852309580054821,749.702200437354,0.965933206754322,4634.46253913215
"4332","mix_stand",0.922945987610009,757.656702619137,0.959010707269438,4791.5018434817
"4333","mix_stand",0.948333331694206,760.156454722087,0.95700345436732,4934.61056515801
"4334","dec_stand",0.874482753461805,764.495651771282,0.942257413576389,5188.49265289872
"4335","dec_stand",0.808755363549541,756.035257625989,0.862517002442364,5319.35648976883
"4336","deadwood",0.01476923089761,1253.23216458834,0.92807648732112,4227.30935207225
"4337","deadwood",0.00198019798783579,1271.68295116865,0.933806934274069,4192.62136182194
"4338","deadwood",0.0025598085596801,1268.95375433379,0.81805319261501,4061.66432129031
"4339","deadwood",0.0074173805362008,1233.9931536036,0.704920633377979,3936.5210372421
"4340","deadwood",0.0738995214745973,1179.44724357641,0.647061945353612,3817.76326360995
"4341","dec_stand",0.277631578115862,1129.41357326964,0.634442706507715,3706.00491632392
"4342","dec_stand",0.57478580122752,1091.60410475994,0.740599593487335,3601.8975811615
"4343","dec_stand",0.777607654925418,1031.87289990877,0.878390962026265,3506.12286907045
"4344","dec_stand",0.804724600635733,987.155041249904,0.880441001799947,3419.38102634555
"4345","dec_stand",0.732296649527036,964.62199047764,0.862421097813183,3342.37539425294
"4346","mix_stand",0.547129185326647,946.864598871989,0.769178386251821,3275.79266610551
"4347","dec_stand",0.741664625494541,934.85864937641,0.813486379219021,3220.27942094164
"4348","dec_stand",0.898110046385649,913.590310530229,0.910486315016113,3176.41608561883
"4349","dec_stand",0.913684208583283,880.695702876771,0.932372895011491,3144.69019005141
"4350","mix_stand",0.616572825906107,863.831134137792,0.910038048700136,3125.47136864306
"4351","deadwood",0.352296649750197,856.467658595035,0.806673324479762,3118.99083092038
"4352","dec_stand",0.817600977697126,857.42456420749,0.89623189298949,3125.32781846402
"4353","dec_stand",0.644186601466076,867.789745276054,0.727339988442931,3144.40483791265
"4354","dec_stand",0.808133969279496,876.289008911717,0.87049072470213,3175.99232348251
"4355","dec_stand",0.919020805503339,888.290402920185,0.920884914504708,3219.72208975344
"4356","dec_stand",0.866100476475424,876.65622159967,0.949152838830885,3275.10779577518
"4357","dec_stand",0.95813396778938,849.26919887853,0.983016790171559,3341.56990872674
"4358","mix_stand",0.741468785729629,821.691304948076,0.927411679670926,3418.46244357089
"4359","dec_stand",0.898229661433285,816.253773958489,0.950653343396841,3505.09902050216
"4360","dec_stand",0.885826190324863,792.693084716797,0.95743797161369,3600.77636783531
"4361","dec_stand",0.597272726248183,773.659418644517,0.831820876658426,3704.79411047167
"4362","mix_stand",0.708660285581242,764.798068762966,0.948281741545103,3816.47035793402
"4363","mix_stand",0.744039166071241,740.748139436271,0.862461982133047,3935.15313897115
"4364","mix_stand",0.388468898890727,733.502868287301,0.748140578719667,4060.2280851522
"4365","mix_stand",0.162918659845037,726.894684275942,0.791264748526069,4191.12295475705
"4366","mix_stand",0.3568421046693,726.14012592367,0.757184116854908,4327.30964716204
"4367","mix_stand",0.562129184848776,738.033171913841,0.868884191944144,4468.30432994996
"4368","mix_stand",0.59517747660326,737.709005143389,0.858493762635689,4613.66622435534
"4369","open",0.490669855580589,730.780265771601,0.894128319265936,4762.99549826764
"4370","con_stand",0.879114830830807,735.357054313404,0.97529150678468,4915.93061844153
"4371","mix_stand",0.883775278423609,756.184539360589,0.957981086670236,5072.14542537738
"4372","dec_stand",0.807342745115041,751.41754440288,0.916953806556159,5231.3461201703
"4373","dec_stand",0.549709424904523,727.533530880761,0.896921175189898,5393.26829332909
"4374","dec_stand",0.523018866859423,708.463108566572,0.878994475675266,5559.10819803853
"4375","mix_stand",0.297185553226198,700.889905651658,0.853261708209937,5699.94375460042
"4376","open",0.00166666662941376,1289.44032287598,0.933818221092224,4228.95470529361
"4377","deadwood",0.0143667295335709,1299.22053213426,0.901702804240928,4217.23080795855
"4378","deadwood",0.0331363920321411,1288.32799740545,0.824252047885671,4096.84219104841
"4379","deadwood",0.0139066337285156,1252.86030582362,0.632267279353643,3982.86754449364
"4380","deadwood",0.211941031597243,1188.68939568897,0.649846875724321,3875.87274087774
"4381","dec_stand",0.582401004472969,1131.43640520346,0.728395199612729,3776.45108770176
"4382","dec_stand",0.878820637369149,1073.70258760569,0.871850305202552,3685.21557306292
"4383","dec_stand",0.779886861854496,1036.5605799437,0.833476146087191,3602.7881577898
"4384","dec_stand",0.983341521759694,1007.16967259812,0.974108278275415,3529.78595493561
"4385","dec_stand",0.877813266041055,989.110073455136,0.902956430592027,3466.80442961208
"4386","dec_stand",0.899610306395629,976.69305546519,0.90413111674943,3414.39814703216
"4387","dec_stand",0.921621619991464,952.664387995839,0.897432820070581,3373.06005690433
"4388","dec_stand",0.925307122569449,913.186699007301,0.947339671689111,3343.20075320483
"4389","dec_stand",0.919170330266283,888.31498180224,0.977850543561033,3325.12948510073
"4390","dec_stand",0.650221128927439,877.901898433301,0.870484609019551,3319.03880616614
"4391","dec_stand",0.610961658087525,877.589881537322,0.831693236074527,3324.99455468179
"4392","dec_stand",0.841031939253504,890.282531925736,0.916050896753331,3342.93234573347
"4393","dec_stand",0.957886974933656,899.77136665363,0.971957721461822,3372.6610021294
"4394","dec_stand",0.910521682527438,880.16782339349,0.92537083079199,3413.8725064133
"4395","dec_stand",0.856142503971403,854.207058168453,0.92061490717479,3466.15730058746
"4396","dec_stand",0.860958229681747,823.577899042453,0.950002753141471,3529.02324480513
"4397","mix_stand",0.856794467424163,806.003009021694,0.950496495406932,3601.91634826757
"4398","mix_stand",0.881842749065168,794.660931036572,0.978442077426565,3684.24149385209
"4399","mix_stand",0.855512253523322,771.518960949162,0.975569055711301,3775.38171284388
"4400","open",0.590614249051093,757.869028752207,0.947826162859322,3874.71501633954
"4401","open",0.60484029384243,752.396992376454,0.928835044493693,3981.62825054509
"4402","mix_stand",0.54232558037203,740.436310409076,0.80500358504218,4095.52783908478
"4403","con_stand",0.289926289422872,732.202198000446,0.756751196569916,4215.84756880351
"4404","dec_stand",0.3987469280491,727.451794748517,0.754271622353602,4342.05375985933
"4405","deadwood",0.438139534695279,722.589182836316,0.781898029969266,4473.64825071013
"4406","mix_stand",0.390737099902526,718.800705668381,0.795626934105158,4610.16964721144
"4407","mix_stand",0.395675675083001,716.896259761021,0.816273952028255,4751.1932573297
"4408","con_stand",0.561597050142449,719.0181361018,0.907998793438095,4896.33007958947
"4409","con_stand",0.715798524041324,717.567565355606,0.942741797069953,5045.22515012832
"4410","mix_stand",0.781345063681163,727.3691697807,0.950225442385689,5197.55548984588
"4411","mix_stand",0.718512561385656,716.08305253072,0.938751604625397,5353.02783589995
"4412","mix_stand",0.518278334332547,709.545773433647,0.845618419472211,5511.37629282494
"4413","open",0.175964801665337,698.976842586534,0.90287009201883,5672.35999894606
"4414","open",0.104027777573922,695.259480624729,0.94062599931171,5835.7608725399
"4415","open",0.342893724557532,694.892826329425,0.922243783470148,6019.51175308488
"4416","open",0.0218181817820578,696.93779407848,0.993572941332152,6140.32643278481
"4417","deadwood",0.0193684208157815,1307.0666953639,0.941124167567805,4330.96552273034
"4418","deadwood",0.0153362664512911,1308.16344969322,0.893663954146623,4260.5249888111
"4419","deadwood",0.0296805895022883,1278.93287100077,0.821652698291681,4151.04692792136
"4420","dec_stand",0.343636363140635,1230.59907542986,0.759901793440232,4048.49919704581
"4421","deadwood",0.288221243494978,1177.42016716651,0.645728563078539,3953.42113014424
"4422","dec_stand",0.479582308491815,1130.03700919936,0.695733006370851,3866.36382783186
"4423","dec_stand",0.692344436385698,1094.92171617816,0.828828287763389,3787.88035702753
"4424","dec_stand",0.888648647361913,1056.57420086685,0.92285929737425,3718.51363883746
"4425","dec_stand",0.453882063160072,1034.20771418391,0.742947826976602,3658.78224254187
"4426","dec_stand",0.753940916305852,1020.34430549281,0.796513988443848,3609.16459135642
"4427","dec_stand",0.952039310241837,993.814313171537,0.917995665295631,3570.08239816486
"4428","dec_stand",0.788550366837467,953.325344151302,0.885197269956808,3541.8844341507
"4429","dec_stand",0.828962914640989,915.616565677971,0.927278516447671,3524.83192408794
"4430","dec_stand",0.874324321440199,897.907401869865,0.957219554655968,3519.08689495335
"4431","dec_stand",0.325958516104539,893.281040347499,0.820297974055852,3524.70463845637
"4432","dec_stand",0.843120390938307,910.812618358715,0.934662439569794,3541.6310840378
"4433","dec_stand",0.947985255596496,922.171233231078,0.968395807929062,3569.70536815242
"4434","dec_stand",0.88598365565653,896.946016264891,0.953631144361178,3608.6673202614
"4435","dec_stand",0.86515970243466,871.455979330827,0.947080473074603,3658.1690740207
"4436","dec_stand",0.95375921166701,845.389184675287,0.967627641426843,3717.78964612158
"4437","mix_stand",0.95001885429315,812.163060157723,0.968833544207848,3787.05115681565
"4438","mix_stand",0.883538081427391,789.454555802029,0.936452569700869,3865.43539704423
"4439","mix_stand",0.881433058537117,766.438291308717,0.962505727453774,3952.39963641585
"4440","mix_stand",0.705307123766118,758.240795688489,0.912981129756486,4047.39085040854
"4441","mix_stand",0.592383291329777,750.138375322122,0.923131158277942,4149.85785766083
"4442","mix_stand",0.258755498716173,743.018368244471,0.786296827794714,4259.26114653514
"4443","deadwood",0.0901228499527865,737.391532954186,0.679789580278904,4375.08040186084
"4444","dec_stand",0.32800982740115,734.438974591379,0.722785618136744,4496.81990565207
"4445","con_stand",0.433714644272773,727.28840262211,0.742469426520792,4624.01208234645
"4446","mix_stand",0.438280096890849,720.382818386068,0.702152237273222,4756.21950126832
"4447","con_stand",0.426901319177176,715.678663828027,0.814351857467165,4893.03565115558
"4448","con_stand",0.66105650962589,712.972599376332,0.84431611669664,5034.08477832941
"4449","con_stand",0.624619163247855,707.750933935367,0.922648308427972,5179.02104262824
"4450","con_stand",0.750949087301603,704.140274747972,0.929843548753215,5327.52720286156
"4451","con_stand",0.723562651906501,700.861185022303,0.89534176199095,5479.31300137996
"4452","open",0.314692874198793,698.510182373647,0.840561194974627,5634.11337918851
"4453","open",0.21583909456607,695.079166894286,0.928642198996001,5791.68662002834
"4454","open",0.390291261196671,692.555086211361,0.877342609123442,5951.81249471701
"4455","open",0.187513724957027,691.015762484681,0.946306594398324,6114.29045535576
"4456","open",0.0284119345771222,694.048282685707,0.993538518899673,6278.93791219619
"4457","open",0.959999978542328,704.056030273438,0.375,6348.88017239784
"4458","deadwood",0,1324.6659749349,0.961948911348979,4409.24207394812
"4459","deadwood",0.0268190985479127,1352.11084534389,0.875433178639845,4427.19660005968
"4460","deadwood",0.0174201472550264,1326.07142215513,0.802166506144646,4321.94246058354
"4461","deadwood",0.100221130356229,1285.77173443918,0.78515175633883,4223.54605846825
"4462","deadwood",0.0181772467533348,1236.93178456209,0.591856751509016,4132.49727909767
"4463","dec_stand",0.486167075171957,1185.39650919396,0.751316389270328,4049.29178917008
"4464","dec_stand",0.867152732959114,1156.8163259951,0.9178203877078,3974.42222269428
"4465","dec_stand",0.716781325359126,1107.85858446726,0.859493645004178,3908.36766348359
"4466","dec_stand",0.674029482844347,1077.85888266973,0.823771494200467,3851.58166990698
"4467","dec_stand",0.688145819107816,1066.54257537823,0.796450475302228,3804.47929488785
"4468","dec_stand",0.76498771370995,1040.79863590925,0.813122081293448,3767.42376548753
"4469","dec_stand",0.918796066158161,1004.57441512724,0.935598358475313,3740.71366593688
"4470","dec_stand",0.616719043677255,950.428554379063,0.839584844272366,3724.57157408968
"4471","deadwood",0.312506141411072,916.714501908136,0.813409394868341,3719.13509686276
"4472","dec_stand",0.833790067304687,901.181627735112,0.934429872596062,3724.45111460809
"4473","dec_stand",0.942972971153896,906.660661214693,0.961315021504641,3740.47378278058
"4474","dec_stand",0.751744470149462,919.677633149618,0.88630280960397,3767.06648632481
"4475","dec_stand",0.870119419700503,904.389472889496,0.961460510340223,3804.00755562547
"4476","dec_stand",0.916412774734291,863.715446190986,0.975455714714615,3850.99919920043
"4477","dec_stand",0.945479112478197,835.677284971795,0.969297522070294,3907.67884547083
"4478","mix_stand",0.880226269977824,807.117811393618,0.932757615378111,3973.63194880129
"4479","mix_stand",0.825208843752046,784.328351857328,0.904210201132795,4048.40530923046
"4480","mix_stand",0.920578250025781,793.475684299625,0.989078297096555,4131.52006035659
"4481","dec_stand",0.963538080984749,773.338845255334,0.987764370803897,4222.48365876061
"4482","mix_stand",0.808402946246307,762.092838184254,0.940204546631243,4320.80041958569
"4483","mix_stand",0.447592707712608,749.704106741473,0.824930101929269,4425.98035030751
"4484","deadwood",0.0299262898386037,741.713349063508,0.722315195737365,4537.54621295556
"4485","con_stand",0.0506388204039534,734.583962180398,0.768355487304664,4655.03888126471
"4486","con_stand",0.330006284820704,730.006688586127,0.779357009099025,4778.02115058291
"4487","mix_stand",0.382899262125464,737.351639581254,0.621509937828359,4906.08020956718
"4488","mix_stand",0.590597107009008,727.724429261827,0.799995344585831,5038.82900165451
"4489","con_stand",0.524447173589534,725.429672878556,0.750901360887375,5175.90670037897
"4490","con_stand",0.562285011496935,722.442270002435,0.812446453590266,5316.97850400529
"4491","con_stand",0.562840979309819,715.991604040735,0.66980521559556,5461.73492865897
"4492","con_stand",0.612653561439869,714.482239069458,0.790446517126937,5609.89075006692
"4493","mix_stand",0.622727271389097,702.058488588075,0.804825913076165,5761.18371537253
"4494","con_stand",0.748309238068642,701.496157086922,0.860623786256373,5915.37312049629
"4495","mix_stand",0.613182213128185,695.451773286801,0.869324208086755,6072.23832576888
"4496","mix_stand",0.268535738243443,690.338166447996,0.744752139388584,6231.57726365851
"4497","mix_stand",0.382124789015187,689.726675204041,0.766700729080142,6393.20497706257
"4498","con_stand",0.72322580386554,682.928956062563,0.808098066048544,6526.32992633675
"4499","deadwood",0.0285383499673583,1370.08330000396,0.93242251191574,4584.53601049934
"4500","deadwood",0.0139237390636371,1360.84836157016,0.891701274619038,4495.24438870753
"4501","deadwood",0.0218181815776397,1332.83998404088,0.826972346935943,4400.72452158438
"4502","deadwood",0.0269516026173876,1280.829195628,0.698236657089965,4313.41724611533
"4503","dec_stand",0.771203930208263,1218.19009466898,0.911752884672081,4233.76879231675
"4504","dec_stand",0.838818352259719,1176.12267790194,0.939701999754819,4162.2188623394
"4505","dec_stand",0.588869777871914,1143.87614437169,0.80045269376596,4099.19154867391
"4506","dec_stand",0.791621620407561,1114.03039708243,0.904256849400974,4045.08524890138
"4507","dec_stand",0.826549338604166,1098.71229063138,0.935647585589057,4000.26196798342
"4508","dec_stand",0.697493856104608,1080.44354712934,0.806750158145475,3965.03654176687
"4509","dec_stand",0.901646188668522,1035.8044691531,0.969055011685416,3939.66642826672
"4510","dec_stand",0.795474542748583,983.955463402231,0.895557630191353,3924.34277018211
"4511","dec_stand",0.842800980918933,930.775357033169,0.93485752249672,3919.1834115203
"4512","con_stand",0.584638590743563,895.518066099348,0.885972596815009,3924.22844286107
"4513","mix_stand",0.745479114193478,877.375867276578,0.963684573879406,3939.43865972504
"4514","dec_stand",0.848402946372802,878.28915810175,0.915741256692193,3964.69707027514
"4515","dec_stand",0.932419859837579,861.805200678683,0.954689018367447,3999.81331910403
"4516","dec_stand",0.882457000571841,824.474108609286,0.908312288060308,4044.53064515776
"4517","dec_stand",0.779729728369587,801.779361846699,0.891852805230776,4098.53480098107
"4518","mix_stand",0.612620991648255,789.982420724117,0.838874644824051,4161.46425111916
"4519","mix_stand",0.90894348725347,808.571117016842,0.923966496780112,4232.92094600187
"4520","dec_stand",0.931967312878666,829.026784229099,0.976097452011144,4312.48102373597
"4521","dec_stand",0.95550368241142,794.879844384346,0.98483636466379,4399.70490468454
"4522","mix_stand",0.916093363515868,784.402656686394,0.978389284534595,4494.14638610306
"4523","dec_stand",0.859811436701016,772.429292862255,0.960370459098025,4595.36049231443
"4524","deadwood",0.302211301172431,751.54722771422,0.851605297407222,4702.90997065738
"4525","con_stand",0.312604422074644,741.078481013418,0.823669316956467,4816.37043353663
"4526","con_stand",0.291011941481656,734.559720771257,0.782437119375397,4935.33422749855
"4527","mix_stand",0.620270269229569,742.768106184076,0.746875584862339,5059.41316204867
"4528","dec_stand",0.749088621369928,742.587168522708,0.815411848571599,5188.24025799026
"4529","open",0.387002456251358,729.638728111323,0.863127522437698,5321.47068281095
"4530","open",0.255061424357922,723.987576608869,0.823339424446152,5458.78203489426
"4531","con_stand",0.673816792458372,722.287371104,0.826559025945933,5599.87412394384
"4532","con_stand",0.83088451878829,723.152003295299,0.783476681734552,5744.46837632164
"4533","con_stand",0.820958228740631,722.448465970576,0.883109539326198,5892.3069736849
"4534","mix_stand",0.755072279720281,720.125696591054,0.827569763352086,6043.1518134785
"4535","open",0.384540816018244,704.402517513353,0.844356629840687,6196.78336173744
"4536","mix_stand",0.511275925646032,701.446696705222,0.636466892794618,6352.99945276706
"4537","mix_stand",0.63727272589318,699.473967606078,0.725022492580189,6511.61407673841
"4538","con_stand",0.541290321784974,684.84070739167,0.819959950205826,6672.45618530558
"4539","con_stand",0.720990565297949,680.639013038491,0.836453445625643,6844.21263219341
"4540","con_stand",0.70451764478403,681.480620045381,0.943314625040241,6983.19681459431
"4541","deadwood",0.0109869929539309,1346.74773128542,0.957584600254335,4668.61148463207
"4542","deadwood",0.0110287080255992,1330.05135509728,0.907010903341348,4579.7872113959
"4543","deadwood",0.0513831085435399,1280.9807381414,0.798929949859875,4495.95846253162
"4544","mix_stand",0.269617224285941,1219.06664206765,0.813155208941567,4419.60088249895
"4545","mix_stand",0.384969399988907,1172.31675610023,0.814097785480968,4351.10782364717
"4546","dec_stand",0.477751195439668,1140.91916185589,0.803776540129521,4290.85591625093
"4547","mix_stand",0.488875597064789,1106.69743777918,0.820780331170873,4239.19657053575
"4548","mix_stand",0.601052630118196,1079.19125967598,0.845509067925566,4196.44712844389
"4549","dec_stand",0.717200955353749,1044.75598144531,0.865969970978297,4162.88209160172
"4550","dec_stand",0.921028706931362,999.403901241613,0.947041923599095,4138.72492246975
"4551","dec_stand",0.951578945505138,965.443690585973,0.96749370234176,4124.14094420781
"4552","dec_stand",0.80007176787891,922.081532784056,0.916505645113913,4119.23183858642
"4553","dec_stand",0.660709912926323,884.556327194158,0.851429591290516,4124.03215565212
"4554","dec_stand",0.676746410366736,862.031019694497,0.823106506358137,4138.50810922963
"4555","mix_stand",0.643229663741895,842.550771941409,0.895146899210494,4162.55875489207
"4556","mix_stand",0.800024478305291,833.216511608483,0.896775906843976,4196.01945588245
"4557","mix_stand",0.541387559003843,816.493073604894,0.804256150280638,4238.66736472613
"4558","mix_stand",0.539832534896807,817.701043124404,0.810238583276325,4290.22850811656
"4559","mix_stand",0.36957160219769,815.249551574632,0.641787572434421,4350.38597636064
"4560","mix_stand",0.816937796936402,834.486792641964,0.879707280840529,4418.78869184157
"4561","mix_stand",0.935211620980136,860.920649939975,0.975346690706264,4495.06025892437
"4562","dec_stand",0.965261066700557,820.371207147108,0.990531796583338,4578.80746788075
"4563","mix_stand",0.942535882918209,804.075295662766,0.972808568243775,4669.62812146732
"4564","dec_stand",0.914345163117862,786.556815624821,0.963698769159241,4767.1179580527
"4565","mix_stand",0.662990429759489,762.246680811832,0.90610550661041,4870.87654611583
"4566","con_stand",0.385311003787773,750.290029461874,0.795069812607626,4980.5121119497
"4567","con_stand",0.455397795872122,742.377538001669,0.798695689721564,5095.64533060493
"4568","con_stand",0.212822966273143,740.056275472687,0.66754773657203,5215.91215815822
"4569","mix_stand",0.723867807446123,745.043142218339,0.832080498406141,5340.96581304833
"4570","mix_stand",0.748564591314911,733.770896838613,0.845135849089536,5470.47802837132
"4571","open",0.195040650140787,721.953100850589,0.89299528987731,5604.13969935139
"4572","open",0.362411347211253,720.526874948055,0.942746391004704,5718.57441339394
"4573","con_stand",0.868921858392118,721.87069258421,0.946477509570758,5882.77138738751
"4574","con_stand",0.585909089367641,727.694400221537,0.759561817841292,6027.21865471168
"4575","mix_stand",0.386487146951213,725.5236598637,0.635470502210195,6174.76866734941
"4576","con_stand",0.606459328739873,712.730703728051,0.717404801652665,6325.20429290451
"4577","mix_stand",0.7351529972589,713.31566157627,0.789049629820796,6478.32451076326
"4578","mix_stand",0.486196171220517,690.697417409796,0.799838451985002,6633.94343167342
"4579","con_stand",0.484401912918608,694.222683044142,0.757720488330804,6791.88930346793
"4580","con_stand",0.444112605917994,709.474133681784,0.715409488460526,6952.00352664954
"4581","con_stand",0.607622547677773,684.747070873485,0.864090513771458,7114.13969686917
"4582","mix_stand",0.565877549502314,673.00788026148,0.921521195100278,7245.12117158222
"4583","deadwood",0.015895765206001,1326.48182663312,0.958167152088965,4829.887512296
"4584","deadwood",0.00842751833525571,1320.77313727302,0.942209241504458,4760.52152610845
"4585","deadwood",0.0231301066477969,1289.06290948413,0.772615113652105,4679.93123530039
"4586","deadwood",0.0903685499778983,1239.78881775952,0.738358821353763,4606.62408358097
"4587","deadwood",0.274846007985412,1196.66661469791,0.760922031759242,4540.95281206789
"4588","dec_stand",0.52120393050116,1160.31687676057,0.716794188068013,4483.25298740911
"4589","dec_stand",0.696707615706639,1123.55742305971,0.795325143496147,4433.83583034516
"4590","dec_stand",0.873387804103864,1083.49564367806,0.937816594959729,4392.98086786764
"4591","dec_stand",0.892997540959159,1034.18924325104,0.942367413943903,4360.92874902565
"4592","dec_stand",0.917100735072788,988.959397899431,0.940020505778253,4337.87460818334
"4593","dec_stand",0.714066623405119,959.407436905531,0.854621572943321,4323.96237173394
"4594","mix_stand",0.513685502491763,932.440696959999,0.757582878620714,4319.28037774832
"4595","dec_stand",0.668158389164321,902.471291379611,0.824218162094869,4323.85861061652
"4596","dec_stand",0.530221129916334,874.416746322294,0.778265566512466,4337.66774905084
"4597","mix_stand",0.468845208200651,849.811438595633,0.804256746723918,4360.62009710152
"4598","mix_stand",0.550747956609966,867.184623099662,0.83849681221712,4392.57233006548
"4599","dec_stand",0.635012284154645,861.149966715595,0.88673060022624,4433.32985824134
"4600","dec_stand",0.5257739548592,850.570789121586,0.844069769628877,4482.65250745289
"4601","mix_stand",0.614996663231982,844.097187716616,0.825948734783267,4540.26114740621
"4602","mix_stand",0.812921958764214,842.931031491925,0.858053930117301,4576.51860449376
"4603","mix_stand",0.975094336383748,865.778091142762,0.970362225793443,4581.86740792859
"4604","dec_stand",0.925999998177091,824.046078491211,0.98120111922423,4731.18714766966
"4605","dec_stand",0.94474195680604,823.438451089338,0.975543470594895,4847.01367414366
"4606","dec_stand",0.958441229697521,807.734975607421,0.974667435936925,4941.0048480558
"4607","mix_stand",0.904668302099044,783.43381899522,0.912456614082034,5041.18579037493
"4608","open",0.7400245674284,769.544835158589,0.870198423097812,5147.19509548631
"4609","open",0.64374607019384,756.56610053714,0.867858057697658,5258.68029473582
"4610","con_stand",0.522899262085374,747.708379384634,0.772595870704447,5375.30068431743
"4611","mix_stand",0.778378376307576,751.842393262517,0.898264959309365,5496.72942436929
"4612","mix_stand",0.932252007853689,752.145080075507,0.981205891727922,5622.65499527483
"4613","mix_stand",0.936322868638776,729.893219404691,0.984405432314082,5686.96232032618
"4614","mix_stand",0.414827067007248,713.19980298953,0.731449564378288,6026.63308720154
"4615","con_stand",0.593095821532116,716.369821946803,0.817119271801075,6165.67008954836
"4616","con_stand",0.658931487793071,710.892144625776,0.810979983234915,6309.98352220803
"4617","con_stand",0.63383292270417,707.656023180163,0.840578535987781,6457.2698844866
"4618","mix_stand",0.651992455827298,706.765506305611,0.874674329599858,6607.33036746567
"4619","con_stand",0.32778869738633,690.540847928284,0.748197977691408,6759.98023086971
"4620","con_stand",0.585773954854441,702.289883325375,0.793451318194682,6915.04799490038
"4621","con_stand",0.395876806227011,719.940250993749,0.726938028141416,7072.3746178316
"4622","mix_stand",0.446535625474422,697.877121908952,0.727005246704037,7231.8126781068
"4623","mix_stand",0.562739128878583,672.807039675505,0.897988470352214,7393.22557484776
"4624","dec_stand",0.58166667042921,666.547129313151,0.90058392037948,7435.7654210048
"4625","deadwood",0.0191397847787988,1318.19133651897,0.850341336701506,5007.46401085636
"4626","mix_stand",0.00850122840731823,1320.90767960232,0.827977743448291,4942.74411065855
"4627","deadwood",0.0260213699208199,1315.06950442676,0.832230978561676,4865.1731810868
"4628","deadwood",0.0135135133670648,1284.13171454202,0.773369634656707,4794.69902905491
"4629","deadwood",0.100590822987591,1242.64188490987,0.724855478031129,4731.63876845962
"4630","deadwood",0.198058967384755,1205.04094139305,0.763566478153265,4676.29234007781
"4631","deadwood",0.359213758415613,1169.40268244263,0.734001400594483,4628.93644622887
"4632","deadwood",0.295436831197036,1134.18703780543,0.6991248003141,4589.81842290748
"4633","dec_stand",0.683906633091097,1076.30291624327,0.823169015567631,4559.15032061337
"4634","dec_stand",0.933390661794921,1014.19362548528,0.950427762202973,4537.10349179652
"4635","dec_stand",0.873387804974894,977.744390136412,0.932593625710866,4523.80398594149
"4636","dec_stand",0.674570022452925,950.116948495626,0.892872892558135,4519.3290287135
"4637","dec_stand",0.719874291661436,919.392702036725,0.844399150674033,4523.70480855197
"4638","dec_stand",0.510466829372492,884.969608916112,0.810235479073164,4536.90571630398
"4639","dec_stand",0.545085994371142,865.697806355994,0.726413344827089,4558.85508882525
"4640","dec_stand",0.552005026932035,891.006875374421,0.82088220894037,4589.42740673865
"4641","mix_stand",0.466560195843147,912.613180661963,0.822667971445609,4628.45180174385
"4642","dec_stand",0.787592135516226,894.357565165152,0.9490854770714,4675.71665083745
"4643","mix_stand",0.726721309766662,875.027391402448,0.93565190131547,4720.36523722402
"4644","mix_stand",0.957777776237991,838.757235209147,0.994606572306818,5000.58588346861
"4645","dec_stand",0.956241607060413,842.275739585882,0.982380008337482,5116.804083977
"4646","dec_stand",0.981449628674427,828.686213012995,0.964219009773737,5213.60814223399
"4647","dec_stand",0.94646191325597,796.380418032335,0.942539549375488,5316.18036244947
"4648","dec_stand",0.815512254628125,774.927993784005,0.845753457460442,5424.19352436879
"4649","dec_stand",0.521007369810152,756.168996412572,0.808488291148474,5537.32923816455
"4650","con_stand",0.814481455994282,757.833131724225,0.930918435226028,5655.28007725653
"4651","mix_stand",0.905613538145767,766.654715254209,0.987028135735494,5755.53568463011
"4652","con_stand",0.866189471514601,708.230074398643,0.905600880400131,6153.7253036569
"4653","con_stand",0.607616277541532,705.843092984931,0.798049678138002,6307.42819447176
"4654","con_stand",0.384764298365822,700.962175197829,0.755974313964228,6448.57006152669
"4655","mix_stand",0.636191644895758,701.476086028378,0.889483170844706,6592.76112161091
"4656","open",0.291640476998595,693.323084516543,0.858052659977091,6739.80567472369
"4657","mix_stand",0.439680589253142,702.47232434322,0.697341279679193,6889.52101510876
"4658","con_stand",0.779287466687821,710.299796402015,0.821136514621922,7041.73679289115
"4659","con_stand",0.454079194527089,709.042322375803,0.670173529017447,7196.29434231726
"4660","mix_stand",0.287641277243852,698.428159634077,0.643568903295359,7269.70176427057
"4661","con_stand",0.471442034448744,692.465240392227,0.810052612717277,7299.29381649648
"4662","con_stand",0.702556389895149,679.594407160479,0.83512656015337,7322.82656191143
"4663","deadwood",0.0235616435130982,1322.24598004067,0.896283412632877,5112.35399403415
"4664","open",0.0276297966762536,1326.47661416633,0.930406135576304,5103.26305196655
"4665","deadwood",0.022666666449772,1331.44244681464,0.95224947180185,5051.54469176676
"4666","deadwood",0.00606879596518357,1327.13376244397,0.853803229383227,4983.70666146744
"4667","deadwood",0.00701445622555794,1285.93657967731,0.751468582822233,4923.06798712949
"4668","deadwood",0.0291646190298863,1252.90060499786,0.748458890116222,4869.89760959131
"4669","deadwood",0.0500491396718514,1224.41070961542,0.707227130738574,4824.44246038392
"4670","deadwood",0.0450031423319592,1190.43489839085,0.617896049699643,4786.9223288936
"4671","dec_stand",0.188673218176757,1127.14970634142,0.611158109057228,4757.52495692667
"4672","dec_stand",0.749582308076816,1057.88117212394,0.82656363846336,4736.40159322546
"4673","dec_stand",0.881885605346175,1012.61029758609,0.913559227001734,4723.66323867712
"4674","dec_stand",0.854692873268111,977.444797975132,0.872283713640393,4719.37779120588
"4675","dec_stand",0.70292897491542,946.256912624664,0.760251596822894,4723.56825751281
"4676","dec_stand",0.596953316085974,919.401157163578,0.745309383345251,4736.21213990463
"4677","dec_stand",0.728034397143257,890.183751474141,0.825852814155656,4757.24203593889
"4678","dec_stand",0.666901318313077,909.830045248112,0.810383148533529,4786.54741398643
"4679","dec_stand",0.747788696542968,948.140251215904,0.901742681439884,4823.97745720966
"4680","mix_stand",0.888722356280692,948.185540201623,0.95471726811928,4869.34480936339
"4681","dec_stand",0.840167361588284,927.297584820991,0.959429959747083,4919.20697586695
"4682","mix_stand",0.945418715036561,878.350225439213,0.976816480970148,5320.02905262044
"4683","dec_stand",0.968560882975768,871.799130710728,0.966611441339367,5387.94074968749
"4684","dec_stand",0.975135133192126,813.254716765383,0.970446990880685,5487.25522590337
"4685","open",0.900113134143264,779.500788278058,0.95471526070783,5591.96497749925
"4686","open",0.801572479779033,761.534468329802,0.904272315387571,5701.77276890814
"4687","mix_stand",0.840754241079073,757.048204691735,0.933207192711677,5816.38986917551
"4688","mix_stand",0.976911763386691,758.521471808938,0.974596297477975,5911.46731723735
"4689","mix_stand",0.551040000617504,709.228346679688,0.963869309425354,6331.24310048344
"4690","mix_stand",0.757923662668194,711.446137126894,0.89157515336539,6452.27503823973
"4691","con_stand",0.703255812484727,711.378148163436,0.936427760169163,6590.31559111736
"4692","con_stand",0.47167076056489,698.206630772396,0.852562010996891,6731.47116276575
"4693","mix_stand",0.477913261504199,704.956040723454,0.819486726229948,6875.54990112923
"4694","mix_stand",0.825307122516361,729.25689584793,0.808303870760701,7022.37188376213
"4695","mix_stand",0.796240784191236,722.293565454881,0.818515274902527,7027.39475225902
"4696","mix_stand",0.40978001198122,707.762959938841,0.720704021057586,7046.65328719959
"4697","con_stand",0.327567567078612,700.486975142645,0.655943718699095,7071.52095939002
"4698","mix_stand",0.242825552482497,703.890807130706,0.739366168772953,7101.93884733848
"4699","con_stand",0.346825568035713,691.637779359828,0.84479323800435,7132.60281296522
"4700","deadwood",0.0194174753664767,1338.59769417476,0.970502257347107,5157.20104519422
"4701","deadwood",0.0105936071712132,1333.71608024609,0.909544081130891,5173.54477159535
"4702","deadwood",0.00545899624248905,1304.01268985893,0.857377283685502,5115.15703422571
"4703","deadwood",0.00612440180817717,1272.27874879974,0.85850574122519,5064.0039015063
"4704","deadwood",0.0678708132347493,1248.57703936271,0.854254426425724,5020.30652378035
"4705","deadwood",0.1790452872835,1216.68390071874,0.750320326523215,4984.26100033993
"4706","deadwood",0.0826076550551793,1162.11760693418,0.681155726019489,4956.03429112937
"4707","dec_stand",0.611363635131082,1091.0707466089,0.786432155376773,4935.76054106274
"4708","dec_stand",0.830036718375534,1048.64363649104,0.881468392370526,4923.53799529165
"4709","dec_stand",0.695765548768903,1008.07767880818,0.794557007733715,4919.42666496217
"4710","dec_stand",0.692288860842823,976.124375865101,0.749816285097468,4923.44686995566
"4711","dec_stand",0.68270334760039,956.053635154615,0.806260101434788,4935.57874003355
"4712","mix_stand",0.879234448133224,912.907216523823,0.92317224616568,4955.76270268377
"4713","dec_stand",0.490232557363836,932.323284882227,0.795330754309127,4983.90092999185
"4714","dec_stand",0.721339710916807,975.076590615597,0.878732388553936,5019.85966368078
"4715","mix_stand",0.946889949637202,997.96360629141,0.970858203808657,5063.47229226361
"4716","mix_stand",0.796430018814211,965.039398502868,0.936549242089696,5114.54302106946
"4717","open",0.0886206895691054,953.195758161874,0.979719154279807,5189.9081478299
"4718","mix_stand",0.764999998733401,961.032791137695,0.992534928023815,5466.60982209783
"4719","mix_stand",0.924710277795235,880.693554231162,0.983247202244874,5495.46036256016
"4720","mix_stand",0.946100476701436,854.764877282832,0.976271928853966,5564.00406977805
"4721","dec_stand",0.936267940568154,804.965348202646,0.958552102117162,5660.23023264558
"4722","open",0.918555689713435,778.509779109511,0.926222906483285,5761.79740470248
"4723","open",0.920047844831417,763.709739539041,0.902311997710946,5868.42827572771
"4724","mix_stand",0.802056302324466,749.47998685615,0.891370490891431,5979.85196891133
"4725","mix_stand",0.846525367514476,743.74086064196,0.936969313013983,6095.80566955937
"4726","mix_stand",0.798930479462612,740.9375148508,0.898376668041403,6248.65020126249
"4727","open",0,716.639395577567,0.993970415421895,6426.07492579817
"4728","open",0.10580645213204,716.492744035618,0.966572548753472,6468.36351969123
"4729","mix_stand",0.769460152585663,727.159650552549,0.963394685928497,6600.00727321114
"4730","con_stand",0.911523177005992,725.077839792012,0.969564140514923,6735.02067094966
"4731","con_stand",0.536387558745746,707.073607339813,0.799367566463765,6873.20514155497
"4732","con_stand",0.6908445513398,707.047793030009,0.874202776048218,6805.89374064604
"4733","mix_stand",0.762583730506163,727.021106008137,0.834254452891862,6814.04094857245
"4734","mix_stand",0.520861242545777,721.791291779879,0.797351023565956,6828.04211434441
"4735","mix_stand",0.173219093995914,705.453381616599,0.573246737182906,6847.86133097556
"4736","con_stand",0.328803826854275,704.365186079837,0.623042765471741,6873.44827054286
"4737","con_stand",0.664370429185374,710.62964020891,0.730731737877868,6904.7388128677
"4738","con_stand",0.641203006911547,702.416586510221,0.932577283758866,6994.63960545852
"4739","deadwood",0,1310.38521118164,0.958027336001396,5257.27488633972
"4740","deadwood",0.00212560382622164,1292.68217107063,0.963445875523747,5307.83428555066
"4741","deadwood",0.00506142498032906,1275.33054383674,0.943745024996542,5258.55574664222
"4742","deadwood",0.00872235861892929,1253.19546396316,0.892674632718288,5216.48831798329
"4743","mix_stand",0.0558139533506932,1214.52063632776,0.732376133427164,5181.80762824912
"4744","mix_stand",0.274619164068883,1159.28860346164,0.74266481146912,5154.6627740441
"4745","dec_stand",0.528108106743023,1102.57100578139,0.739572842667195,5135.17326148155
"4746","dec_stand",0.896819608652464,1065.61895364489,0.947718302927101,5123.42645405664
"4747","con_stand",0.883759212719061,1027.19448653837,0.933030023200653,5119.47564972962
"4748","dec_stand",0.554167189326847,995.072689917161,0.771360312399439,5123.33888392718
"4749","dec_stand",0.714275182748822,969.524780498383,0.747011274058161,5134.99852037655
"4750","dec_stand",0.75452088299196,928.925434234394,0.857869772867503,5154.40165123789
"4751","dec_stand",0.539560023505571,963.896751571646,0.810293619135204,5181.46128554409
"4752","dec_stand",0.590417689037411,998.445899269798,0.892422230296404,5216.05826445339
"4753","dec_stand",0.881239923044014,1016.47318547362,0.969832652744416,5258.04380697005
"4754","mix_stand",0.785956606136624,1002.41705105573,0.889271777909418,5307.24256343141
"4755","mix_stand",0.600000003352761,968.843364715576,0.833510927855968,5263.07629067873
"4756","dec_stand",0.87065588346844,957.227419185724,0.948703253499474,5581.31708476995
"4757","mix_stand",0.949268964266983,898.215020920326,0.965578664089071,5653.88271726534
"4758","mix_stand",0.956683044909918,855.530210302854,0.962494180613273,5741.63890285558
"4759","mix_stand",0.935307123416838,816.932398128275,0.937343435714374,5834.9364087473
"4760","open",0.942451287189757,800.318872898948,0.941000831363188,5933.5138485182
"4761","open",0.922481570983219,783.965526871365,0.944032501969349,6037.11258633639
"4762","mix_stand",0.975512254273719,774.751424140858,0.97692319134509,6145.47868458625
"4763","mix_stand",0.893980341997794,757.012406595216,0.972822342720512,6258.36450188086
"4764","mix_stand",0.664191762682625,732.573824628702,0.940429515005456,6375.52996284469
"4765","mix_stand",0.531799823366256,735.860375354958,0.936176642330725,6496.74352802106
"4766","mix_stand",0.50055263057155,728.017329968904,0.928133404960758,6621.78289614183
"4767","con_stand",0.791015383023482,729.924486703726,0.940612753583835,6617.0582378214
"4768","mix_stand",0.759766859457604,726.477462577979,0.936300256110113,6607.29159436755
"4769","con_stand",0.746371306840503,713.013072404177,0.890255854814805,6603.57368197221
"4770","con_stand",0.353081923961562,714.92352513188,0.714947996600059,6605.91471360417
"4771","mix_stand",0.255012284341916,715.486575977222,0.50452311106167,6614.30825585828
"4772","mix_stand",0.305135134923334,714.410871913451,0.700906224413809,6628.73131704148
"4773","mix_stand",0.111577623767871,708.502481188435,0.687883413200092,6649.14466028787
"4774","mix_stand",0.416461915409316,712.03935616608,0.675362298685568,6675.49333182372
"4775","con_stand",0.751628590408677,728.947304396042,0.871227035200115,6707.7073879888
"4776","dec_stand",0.969333329796791,739.095475260417,0.917523151139418,6667.25415573668
"4777","deadwood",0,1284.75313313802,0.973339219888051,5389.83334477292
"4778","deadwood",0.00735395178326831,1279.55616597703,0.953427701676424,5453.50547233306
"4779","deadwood",0.00589680582449682,1267.83342238668,0.878784396687948,5412.95330859469
"4780","mix_stand",0.0119421746532622,1225.95613601656,0.749897159256701,5379.53931517566
"4781","mix_stand",0.176658476119362,1162.23550999897,0.68725611665801,5353.39715547314
"4782","dec_stand",0.517739556514697,1105.09035092665,0.785451701139752,5334.63373654953
"4783","dec_stand",0.596027654280159,1066.40990267214,0.819957274496368,5323.32708371575
"4784","mix_stand",0.468427517979934,1034.09347594165,0.824629753443621,5319.52474526394
"4785","dec_stand",0.506675046375156,1002.16314570669,0.821737562791496,5323.24280198462
"4786","dec_stand",0.688820636970808,972.884195201227,0.8165759901523,5334.4655290312
"4787","dec_stand",0.381277641148766,952.591366742108,0.751784710154047,5353.14572658722
"4788","dec_stand",0.583029540106982,988.425627914036,0.828434431350583,5379.20570324672
"4789","dec_stand",0.91117935944852,1021.4339420403,0.961038756722021,5412.5388648665
"4790","dec_stand",0.912653560908076,1041.64141916936,0.958969045915533,5453.01183453803
"4791","mix_stand",0.849093197359321,1031.37607034448,0.936251779572489,5500.46700831718
"4792","mix_stand",0.66121371957353,1028.54741127195,0.872126635822583,5556.3098926852
"4793","mix_stand",0.405296166768161,1041.3590185717,0.831156885647296,5659.84607236585
"4794","mix_stand",0.522993687174146,1023.55578095941,0.902813584794861,5696.95060771739
"4795","dec_stand",0.8995416643098,963.723033777873,0.977709197190901,5756.27619713537
"4796","mix_stand",0.939836579564043,914.902360322714,0.967328951165483,5835.64097505115
"4797","mix_stand",0.92152333992284,878.714356106095,0.943459323348812,5920.70381455278
"4798","mix_stand",0.852899261034055,847.950178629057,0.901857920942933,6011.22282631159
"4799","mix_stand",0.92414833227375,826.610644654011,0.927802047532433,6106.95539638084
"4800","open",0.966019653575609,807.645835145393,0.96578727598492,6207.66032391565
"4801","mix_stand",0.860037709555298,791.323331342562,0.962161548899301,6313.0996601315
"4802","mix_stand",0.954619162338408,771.15674634179,0.968622125081114,6423.04025195476
"4803","mix_stand",0.908599506761577,748.421684771264,0.930676191843845,6537.25500310469
"4804","mix_stand",0.817322437321892,752.155631937522,0.979642913532707,6456.14857925409
"4805","mix_stand",0.946633904119748,749.799054419965,0.936953177085233,6433.70930890625
"4806","mix_stand",0.820810808692613,740.745967593181,0.893131669491749,6417.43073035272
"4807","deadwood",0.735009426238176,732.863935258387,0.939667739653123,6407.35979944074
"4808","con_stand",0.61385566892544,727.405920850616,0.938308516206201,6403.52580484657
"4809","con_stand",0.486666665746807,717.983896500025,0.810324796738151,6405.93994511339
"4810","con_stand",0.527362883964219,724.276192794788,0.693155470047395,6414.59516576601
"4811","con_stand",0.486240785573529,722.19199099529,0.769900087933045,6429.46626199416
"4812","mix_stand",0.144160904786371,715.200249749261,0.611279604244699,6450.51024344186
"4813","mix_stand",0.224938574359187,720.222655725128,0.738738389457928,6477.66694887395
"4814","con_stand",0.733022111351316,736.934552991712,0.959481113674966,6510.85989048005
"4815","mix_stand",0.88606694332133,750.713184691872,0.970932260841505,6548.20601499648
"4816","deadwood",0.00343801646439497,1278.08694654733,0.927459305574086,5639.14929137954
"4817","deadwood",0.00547911539325989,1266.76343845677,0.870509121301573,5609.67175253364
"4818","deadwood",0.0421118791760101,1224.52628209889,0.816820393065324,5577.43639065995
"4819","dec_stand",0.45520884415057,1156.2390444144,0.793025884209819,5552.22607568444
"4820","dec_stand",0.499164618194762,1092.97130522857,0.812497494197668,5534.13681454777
"4821","mix_stand",0.505116278334918,1064.57707700603,0.834531788047494,5523.23857457646
"4822","dec_stand",0.773292381595591,1040.50062201123,0.873714404185223,5519.57395132772
"4823","dec_stand",0.820490256143882,1017.18320287181,0.898225727394495,5523.15734336521
"4824","mix_stand",0.882285010888806,994.394306192234,0.924565167937437,5533.97467087249
"4825","dec_stand",0.498157246898704,972.021748723211,0.785918455429064,5551.9836508247
"4826","dec_stand",0.490383405961906,999.577311632695,0.714234146942214,5577.11461627356
"4827","dec_stand",0.790663388990214,1029.39797298797,0.879607268748691,5609.27184311151
"4828","dec_stand",0.932850121595972,1056.05193604415,0.97563982097757,5648.33532641524
"4829","mix_stand",0.64165933287833,1059.30134188342,0.909180034881564,5694.16293164778
"4830","dec_stand",0.686197882952828,1069.00816298688,0.862579119505909,5746.59283466824
"4831","dec_stand",0.804575736327114,1075.57430414551,0.850496481989331,5805.44615904467
"4832","dec_stand",0.836732185242071,1049.77546395717,0.922274173367814,5870.5297194054
"4833","dec_stand",0.924791152357909,993.393438953147,0.97677611669466,5941.63878488404
"4834","mix_stand",0.91886863453837,949.145718232256,0.972818950337483,6018.55978589449
"4835","dec_stand",0.945159703644144,912.145112471147,0.977000866552096,6101.07289953475
"4836","dec_stand",0.908894346907955,884.006845010294,0.924187435583195,6188.95446236278
"4837","dec_stand",0.925204272257278,850.384578913431,0.932782609195997,6281.97917313063
"4838","dec_stand",0.927518425321696,825.355021108866,0.960192859978289,6379.9220613392
"4839","mix_stand",0.956605905864802,798.364984019607,0.974605923250439,6364.57478113501
"4840","mix_stand",0.960614248707488,775.970261782335,0.974816579856802,6322.85147011896
"4841","mix_stand",0.886363634867113,763.705045732878,0.931163720612664,6287.21957929253
"4842","mix_stand",0.660314266291862,759.690990052382,0.910623313822812,6257.78316337384
"4843","mix_stand",0.722874692080575,766.469495843611,0.939152551378732,6234.62997762306
"4844","mix_stand",0.699189188009178,760.694546748731,0.890485046472611,6217.83021257677
"4845","mix_stand",0.887492142018284,745.841889521073,0.957482644048298,6207.43545302405
"4846","mix_stand",0.675700244413693,730.657324901084,0.883611253410642,6203.47789638569
"4847","con_stand",0.790381230494028,731.780897034228,0.904044612914411,6205.9698577154
"4848","con_stand",0.765122983531996,738.639638446164,0.934965988208774,6214.90357891612
"4849","mix_stand",0.846609334221123,738.582685128477,0.958631978656282,6230.25134902199
"4850","con_stand",0.429893148186108,725.843553851192,0.712050945290243,6251.96593122097
"4851","mix_stand",0.502711863267514,727.151066710047,0.829706977892259,6279.98128139685
"4852","con_stand",0.920121394013011,751.370790889665,0.982395688813508,6314.21353302281
"4853","dec_stand",0.893581395474977,762.447285496911,0.963404928528985,6342.93010929978
"4854","deadwood",0.0123076920325939,1260.55252779447,0.881012781308247,5787.26918847394
"4855","deadwood",0.00342569263271931,1246.77875209395,0.900941177020295,5806.61790133403
"4856","deadwood",0.00879949708261406,1217.48202397642,0.810450044201276,5775.48186484892
"4857","mix_stand",0.0512776408637405,1169.95634066795,0.658840857931305,5751.13974078152
"4858","mix_stand",0.278132677636583,1123.14802764968,0.710512456513886,5733.67805971445
"4859","mix_stand",0.372067881175589,1095.56887520071,0.734061368591826,5723.15979984456
"4860","dec_stand",0.788992627581046,1072.27486095382,0.856615693731742,5719.62326768912
"4861","mix_stand",0.893148961628592,1046.44227704636,0.945016105582623,5723.08140616972
"4862","mix_stand",0.935184274289839,1018.2648338674,0.963170250781631,5733.52155891977
"4863","dec_stand",0.548694480014959,987.122969611496,0.834318258885638,5750.90570076899
"4864","dec_stand",0.355298553872678,999.017019332991,0.726039036096903,5775.1711246719
"4865","mix_stand",0.376339065428155,1017.53069311044,0.728015267091096,5806.23155643199
"4866","dec_stand",0.572678131341971,1036.6627705642,0.835882847519999,5843.97865174925
"4867","dec_stand",0.704839721991722,1058.6727499779,0.87551815066976,5888.28381659899
"4868","mix_stand",0.745307123100875,1084.61506679076,0.903019114816218,5939.00028245814
"4869","dec_stand",0.688321809126925,1108.01730060877,0.914202547622207,5995.965362871
"4870","dec_stand",0.820737099233804,1080.0474979485,0.894904099093608,6059.00281712529
"4871","dec_stand",0.882162160237825,1023.29779333916,0.934427796110181,6127.92525008067
"4872","dec_stand",0.816668759649801,987.136132912243,0.917066293194337,6202.53648362173
"4873","dec_stand",0.916928744991596,946.986317290135,0.961788161966666,6282.63384402997
"4874","dec_stand",0.90965601811483,909.055676209546,0.954861218828241,6335.15402450933
"4875","dec_stand",0.872608420067355,873.222280947088,0.893361048249611,6274.12881587754
"4876","dec_stand",0.870589678553311,842.905467865215,0.905392028080158,6218.94276239356
"4877","dec_stand",0.922162160525563,813.521963525912,0.940376804337271,6169.75255300936
"4878","mix_stand",0.929877148067043,792.262258206304,0.960850394932732,6126.70260813459
"4879","mix_stand",0.738722357244508,778.990464306581,0.846421339029689,6089.92314659055
"4880","mix_stand",0.577624134611664,772.149139845469,0.743733507139409,6059.52834913139
"4881","mix_stand",0.834938573282606,780.27653079771,0.900571878102473,6035.61467426023
"4882","dec_stand",0.734152332314402,780.992840553677,0.946894144927694,6018.25938108544
"4883","mix_stand",0.621521054799268,760.056923512016,0.870854080266581,6007.51930996
"4884","mix_stand",0.774275182364211,740.504279321769,0.804067961102768,6003.42996466943
"4885","con_stand",0.715197986669693,736.316029144038,0.877500208778427,6006.00493018899
"4886","con_stand",0.617346436037002,742.158954067371,0.837297083647505,6015.23564807031
"4887","con_stand",0.669582307613306,749.457698250285,0.956634317115132,6031.09155806455
"4888","mix_stand",0.834292895099152,741.418878407841,0.921592267549765,6053.52060054954
"4889","mix_stand",0.885732897038569,746.555192799522,0.875104674747887,6082.45006065363
"4890","mix_stand",0.833698629261288,755.551692596854,0.945020216785065,6117.7877226123
"4891","dec_stand",1,770.331136067708,0.990259071191152,6230.13893485038
"4892","open",0.900000005960464,747.124084472656,0.922817319631577,6401.12934963245
"4893","mix_stand",0.791304348117631,752.692819346552,0.846958887317906,6435.76619584607
"4894","deadwood",0.00307692301360679,1232.32048930074,0.912353312008547,6002.6248799135
"4895","deadwood",0.00663402679318168,1220.94167735965,0.804661750775218,5973.66098898045
"4896","deadwood",0.0279186601220278,1197.68651679372,0.74841408750586,5950.12966256795
"4897","mix_stand",0.15155502361954,1166.79620558451,0.723037891410755,5933.25363218116
"4898","mix_stand",0.263059975029935,1142.51316685951,0.730247406058716,5923.0897847761
"4899","mix_stand",0.529928229134263,1114.81766637775,0.75514742277527,5919.67269412148
"4900","mix_stand",0.681566706814118,1083.53520899274,0.814867694455232,5923.0140371949
"4901","mix_stand",0.666483253057886,1051.01408539548,0.784460882678557,5933.10239557221
"4902","dec_stand",0.439377989259027,1015.92069445158,0.68378330592476,5949.90344964675
"4903","dec_stand",0.787368419640578,1035.72943033057,0.844851250610926,5973.36055802097
"4904","dec_stand",0.711770333082339,1041.85257337652,0.806368679155787,6003.39569946241
"4905","mix_stand",0.350191386625991,1045.26640502346,0.712672045944553,6039.91074145312
"4906","deadwood",0.407319460611339,1056.82744561969,0.853952009477077,6082.78898839103
"4907","mix_stand",0.180191386869828,1076.05974582508,0.715375276979808,6131.89695461591
"4908","mix_stand",0.426634025909326,1098.82127315003,0.758079046413138,6187.08630284861
"4909","dec_stand",0.810574161588397,1096.63384301583,0.905331535701546,6248.19588744651
"4910","dec_stand",0.964377988811636,1055.66260221928,0.970719646181216,6368.74782689025
"4911","dec_stand",0.786217868619916,1019.44551095764,0.905981472648926,6288.98575474751
"4912","dec_stand",0.889473682336295,985.514675487172,0.931380333369999,6214.64203371546
"4913","dec_stand",0.955047845056182,944.700455076957,0.920284652360604,6145.9132953466
"4914","dec_stand",0.906438186495694,901.223096719133,0.915111381391854,6082.98986547726
"4915","dec_stand",0.920023921645429,864.753502549167,0.916203532924956,6026.05360214591
"4916","dec_stand",0.862423498990559,834.819990776744,0.896662558981809,5975.27565650606
"4917","dec_stand",0.854186601709557,814.468297273919,0.882098122468691,5930.81420796214
"4918","mix_stand",0.504760763946582,795.814062930751,0.689892849746789,5892.81223273893
"4919","mix_stand",0.444357404145646,790.686696420247,0.674154900113635,5861.39537090575
"4920","mix_stand",0.870645930865806,798.53539557206,0.909462759719637,5836.66995988535
"4921","mix_stand",0.853660285325819,793.791272323097,0.942159200345643,5818.72130196636
"4922","mix_stand",0.876548345821979,772.839922042342,0.941341039965173,5807.61222896705
"4923","dec_stand",0.721889950263728,756.06338453521,0.769661663688327,5803.38201886521
"4924","deadwood",0.746046510077055,745.316649307382,0.849227608832436,5806.0457072315
"4925","mix_stand",0.240693779582042,743.959937574761,0.633830492463827,5815.59382133519
"4926","mix_stand",0.691818180520747,751.900211900045,0.855773295832878,5831.99254781315
"4927","mix_stand",0.733561810242831,759.252010163362,0.934441294028644,5855.18432702461
"4928","mix_stand",0.699146182501609,757.333504542342,0.958383968314409,5885.08884994794
"4929","mix_stand",1,756.555271693638,0.989696409021105,5992.798759855
"4930","mix_stand",0.807150082596739,760.660558896764,0.915231353064613,6290.36068467958
"4931","mix_stand",0.845434563627074,767.574444476422,0.924323554043765,6335.81737587245
"4932","deadwood",0.00122137401850169,1231.04581597015,0.920976617181574,6181.03949201709
"4933","deadwood",0.00478589414649406,1226.18928931402,0.903703708267332,6171.96089921515
"4934","deadwood",0.0104668303747508,1214.63002175371,0.871822460735313,6149.18844848931
"4935","mix_stand",0.0739066335727307,1199.92996065857,0.769021832331539,6132.86019126052
"4936","mix_stand",0.0481206785435575,1181.49613510506,0.741519213762394,6123.02768187179
"4937","mix_stand",0.0601474199059628,1155.95509327132,0.673800035414151,6119.7222304017
"4938","dec_stand",0.432784411590254,1127.51198598501,0.650814679135773,6122.95440767371
"4939","mix_stand",0.347223586688866,1084.12957786166,0.614723914488235,6132.71387694605
"4940","dec_stand",0.470663389932428,1065.37309471337,0.644828196239706,6148.96955850033
"4941","dec_stand",0.639824009036246,1074.24152827428,0.804425787627884,6171.67012105018
"4942","dec_stand",0.730515969880566,1076.80457472743,0.747940647788803,6200.74478200589
"4943","dec_stand",0.489017197816502,1071.94618963668,0.695157395433223,6236.1043879072
"4944","deadwood",0.580339408184019,1070.12554306328,0.876652733624768,6277.64273744169
"4945","dec_stand",0.47439803326324,1080.79969049027,0.757777178815637,6464.37394823567
"4946","dec_stand",0.717410432358608,1101.75856640502,0.862068264449564,6366.97732699162
"4947","mix_stand",0.885085992775949,1122.43606972284,0.936815683466796,6274.44905216625
"4948","dec_stand",0.925798524541812,1093.49527000034,0.964723953652294,6187.00754970082
"4949","dec_stand",0.710923945309979,1057.04293717745,0.871267427482521,6104.87140059965
"4950","dec_stand",0.773071251567041,1024.12588988358,0.845149891345741,6028.25746809614
"4951","dec_stand",0.744692873379046,981.627378384077,0.848956817893783,5957.37880878802
"4952","dec_stand",0.964525453249926,935.43102267761,0.939106470998318,5892.44239064685
"4953","dec_stand",0.810589678699942,890.557583745633,0.87769423123147,5833.64665271424
"4954","dec_stand",0.85948459919727,861.056194619515,0.906990153788771,5781.17895383472
"4955","dec_stand",0.800589679362806,840.300789610467,0.860987203895899,5735.21296986495
"4956","mix_stand",0.686314494932569,819.579353951119,0.721852718406249,5695.90610957031
"4957","mix_stand",0.815713386652531,814.612733813369,0.880173735582814,5663.39702777886
"4958","mix_stand",0.903316951464377,823.82791550095,0.950101084611321,5637.80331914162
"4959","mix_stand",0.84547911379349,814.909539037606,0.963328405848592,5619.21947624706
"4960","dec_stand",0.549390319648177,796.749880423267,0.817137637550841,5607.71519114296
"4961","dec_stand",0.612948401439798,777.548238430914,0.833793645578205,5603.3340694209
"4962","mix_stand",0.71932118013267,760.670258508247,0.906108784654993,5606.09281120922
"4963","mix_stand",0.648452086982841,755.236362879048,0.849498944826708,5615.98089455738
"4964","mix_stand",0.585945943869303,762.992889179352,0.804944093601151,5632.9607751115
"4965","mix_stand",0.864261468520036,775.44487267092,0.916728335205,5656.96859330284
"4966","mix_stand",0.836316314038333,791.194597307268,0.831013109329883,5687.91535828611
"4967","mix_stand",0.986666659514109,797.058898925781,0.934848487377167,5616.67201579987
"4968","mix_stand",0.959047617302054,775.216201055618,0.870527757775216,5892.00727178069
"4969","dec_stand",0.928840577737361,780.723458110422,0.977286054064398,5961.29756020832
"4970","mix_stand",0.732761903000729,785.678719366164,0.948981042337873,6086.96460679791
"4971","con_stand",0.902626260513007,795.4309846512,0.961253951767306,6147.92202627508
"4972","deadwood",0.00349442372756377,1223.54278995556,0.87739956977199,6348.80055641551
"4973","deadwood",0.00289491991782736,1214.50744943214,0.916843911468278,6348.30963076472
"4974","deadwood",0.00238329234832774,1209.00116251728,0.896929640789729,6332.49481695735
"4975","deadwood",0.012470144420244,1202.74979729116,0.790808722020919,6322.97275076959
"4976","con_stand",0.029926289605201,1187.832413657,0.776187167029269,6319.77187631008
"4977","mix_stand",0.117259584732546,1166.48271028625,0.624031175220635,6322.90179361074
"4978","mix_stand",0.121744471265767,1128.43624098119,0.562195422709061,6332.35311524063
"4979","dec_stand",0.324791154071359,1124.78966032961,0.547838834748221,6348.09760652274
"4980","dec_stand",0.264437460163193,1127.63784968426,0.533161310131335,6370.08860449831
"4981","dec_stand",0.437567566770886,1129.91281585318,0.472332848604375,6619.34458874853
"4982","dec_stand",0.698771497834227,1104.62117495525,0.760637812160816,6505.83346434092
"4983","mix_stand",0.317787554042471,1087.41208927291,0.765986126070877,6396.56597526688
"4984","mix_stand",0.21407862359095,1087.82276845271,0.685082518221028,6291.76321989517
"4985","mix_stand",0.374481457455925,1103.55006854659,0.655554246239359,6191.65191879792
"4986","dec_stand",0.840171988440234,1131.05209178128,0.902646215536451,6096.46319441907
"4987","dec_stand",0.827223585071889,1128.79447850783,0.825955409725959,6006.43108736602
"4988","dec_stand",0.845908233086917,1093.624213103,0.908143898606825,5921.79079862423
"4989","dec_stand",0.841007369691712,1059.55436342881,0.898942951250281,5842.77665558499
"4990","dec_stand",0.877420145903854,1019.91861734226,0.903725313393431,5769.6198107312
"4991","dec_stand",0.703306095343315,968.54777284211,0.821709439120976,5702.54569492405
"4992","dec_stand",0.822653561523894,922.958391194262,0.876030777482641,5641.77126210823
"4993","dec_stand",0.80005028094607,891.038310091125,0.837858156737181,5587.5020782221
"4994","dec_stand",0.648796067232179,866.722186001864,0.764791873775661,5539.92932294596
"4995","mix_stand",0.717346436186197,846.95410707366,0.705289891113227,5499.226787581
"4996","mix_stand",0.916882461877007,840.389146729283,0.962392823303518,5465.54796412436
"4997","dec_stand",0.833439801565625,844.949705719069,0.939263581094636,5439.02332812718
"4998","dec_stand",0.935626533340104,835.539815316915,0.978001346276199,5419.75791973599
"4999","mix_stand",0.793010683291218,817.62771393532,0.903758529679045,5407.82932256658
"5000","dec_stand",0.665036853640832,797.435523668144,0.931754445118731,5403.28612830307
"5001","mix_stand",0.831502197107791,780.353252724984,0.966286164117054,5406.14695651408
"5002","mix_stand",0.925479112517922,772.196974920699,0.957437377725099,5416.40007526625
"5003","mix_stand",0.883759211185926,777.246805439417,0.954203770032296,5434.00364041501
"5004","mix_stand",0.836178501621872,788.312178366593,0.895656412283555,5458.88654228268
"5005","mix_stand",0.78805896647604,807.056917907565,0.865200450454534,5490.94982018117
"5006","open",0.467380951446969,809.646605537051,0.92753381475008,5523.93329686831
"5007","dec_stand",0.566530610985902,776.487950539102,0.858139467178559,5555.12109942099
"5008","mix_stand",0.779999999536408,774.818396674262,0.936393360296885,5619.93535165691
"5009","mix_stand",0.953593747224659,787.235015392303,0.934800058719702,5753.83194833631
"5010","mix_stand",0.928280095535466,805.538998128155,0.970389617126463,5825.62574391344
"5011","mix_stand",0.907834243894416,820.240218483908,0.939784314690203,5903.32867586141
"5012","dec_stand",0.80491428319897,821.692962820871,0.955396694030081,5957.25423461968
"5013","deadwood",0.00999999977648258,1201.25160217285,0.923953130841255,6450.40943070186
"5014","deadwood",0.0112910282836832,1190.47991128667,0.894011498867031,6523.8576510257
"5015","deadwood",0.00776307484828682,1193.35182233208,0.868800384354576,6522.92434183516
"5016","deadwood",0.00906633895064455,1198.3739403577,0.848391008464944,6519.82163162997
"5017","deadwood",0.0132495284754851,1185.92855395707,0.813789493928234,6522.85555973394
"5018","mix_stand",0.0240294837898572,1169.7327940095,0.694690322352422,6532.0175752931
"5019","con_stand",0.118329237986365,1164.12658054061,0.683084167582406,6701.77211345674
"5020","mix_stand",0.231477057920695,1161.04125654315,0.631488463764695,6577.52331795113
"5021","dec_stand",0.636142504811104,1161.55115398435,0.6910261915269,6457.08273973049
"5022","dec_stand",0.65464373377749,1131.32388538108,0.739302411524428,6340.66739305239
"5023","mix_stand",0.162388434674588,1102.79198090885,0.740814525795612,6228.50298570562
"5024","deadwood",0.133194102940015,1095.40752881399,0.685058633304894,6120.82321821351
"5025","dec_stand",0.536844750668439,1099.15479536075,0.715529647895201,6017.86883093087
"5026","dec_stand",0.891621620030456,1106.92655993562,0.942849106372721,5919.88637018765
"5027","dec_stand",0.944471742147786,1104.70429763981,0.969077214955625,5827.12664849478
"5028","dec_stand",0.943004397248075,1083.08727137328,0.973559362306901,5739.84288035849
"5029","dec_stand",0.906977885597241,1058.33618696433,0.95555149278711,5658.28848475888
"5030","dec_stand",0.712137590896988,1033.47768119043,0.880383706988003,5582.71455783387
"5031","dec_stand",0.528497799491073,997.199289912926,0.800234586056638,5513.36703509497
"5032","dec_stand",0.706240785479802,960.660634933584,0.837730721609452,5450.48358083993
"5033","dec_stand",0.709792582017307,928.39867477369,0.81258679090488,5394.29026269732
"5034","dec_stand",0.679533167684986,896.951132134665,0.785662081568555,5344.99809011461
"5035","mix_stand",0.712285011219598,875.08955945664,0.78078638537986,5302.79951537859
"5036","mix_stand",0.631074794386072,868.853712617789,0.860588882317489,5267.86501242361
"5037","mix_stand",0.681941030286161,875.544915576532,0.839198181301262,5240.33986013952
"5038","dec_stand",0.883710071320945,872.150298209975,0.930021142930305,5220.34126109042
"5039","dec_stand",0.871627905312984,842.618154586898,0.947627319471406,5207.95592209844
"5040","mix_stand",0.771916460296189,815.4214819081,0.964253980803695,5203.23820928786
"5041","mix_stand",0.876957885841391,805.424301751674,0.942590863261861,5206.20896722752
"5042","mix_stand",0.679459458152953,797.336819248059,0.93408318817029,5216.85506124651
"5043","mix_stand",0.884127761866595,802.851905204154,0.886767105092355,5235.12966615064
"5044","mix_stand",0.876455057161848,800.969011020241,0.949348539302026,5260.95328666802
"5045","mix_stand",0.616904175805994,809.564110870736,0.926009326157035,5294.21545833889
"5046","open",0.455034673399965,817.388968331473,0.902084205512958,5328.71331537645
"5047","mix_stand",0.713017750685737,787.85043678058,0.841055654876289,5356.76886603405
"5048","mix_stand",0.830832793385156,786.156628307641,0.945148386572033,5437.11565574046
"5049","mix_stand",0.927655125587964,783.586111117312,0.898882694693466,5498.49782899206
"5050","mix_stand",0.913619935345427,790.549424292068,0.89417301020768,5566.3965964174
"5051","mix_stand",0.875233412836964,809.829151125446,0.967006471401643,5640.57663128651
"5052","mix_stand",0.820490255675587,819.208514507876,0.971863478103724,5720.79359615665
"5053","mix_stand",0.864777326689437,826.719029476768,0.962775025849904,5777.39614885473
"5054","deadwood",0.00874999989173375,1189.11116027832,0.908924260293134,6722.60294121209
"5055","deadwood",0.0130622008164819,1194.37309739692,0.831230495686523,6949.96710434851
"5056","deadwood",0.0220073437594069,1190.23594211686,0.834047830017281,6812.63402507431
"5057","con_stand",0.0287799039793214,1193.77314911619,0.788756340599516,6678.47010794328
"5058","con_stand",0.15248803753388,1189.34000590201,0.807202022843526,6547.67016737961
"5059","dec_stand",0.262668298226821,1180.57528966673,0.785951196518128,6420.43980377409
"5060","dec_stand",0.483588515727393,1168.25049777236,0.68425573225904,6296.9953900197
"5061","dec_stand",0.578110046764952,1140.83234190142,0.893979087240245,6177.56389080485
"5062","mix_stand",0.191015911214464,1115.98768337441,0.819318206700402,6062.38247910348
"5063","mix_stand",0.0493540668316435,1100.50607584538,0.599755661370473,5951.69791201242
"5064","dec_stand",0.706462667824078,1082.6850951999,0.818039743615043,5845.76562681694
"5065","dec_stand",0.739904304271181,1061.65764241926,0.86245574027692,5744.84851901261
"5066","dec_stand",0.689665070467553,1039.56677278948,0.854264609292863,5649.2153671116
"5067","dec_stand",0.846682984391034,1026.96376603499,0.935088064982083,5559.13887544735
"5068","dec_stand",0.808110046213823,1031.85176115629,0.92349704242708,5474.89331620837
"5069","dec_stand",0.830669854856742,1042.37207060453,0.925197393245745,5396.75176620695
"5070","dec_stand",0.635079557766894,1017.02814333296,0.816419326243158,5324.98295237484
"5071","dec_stand",0.543038276015251,982.634656148664,0.763163344604832,5259.84774256194
"5072","dec_stand",0.52041615572652,954.121274950455,0.76144597348341,5201.59534389153
"5073","dec_stand",0.440645931667368,927.415488612709,0.701116771700137,5150.4592982597
"5074","mix_stand",0.5249043054139,903.628447281687,0.746858449839947,5106.65339133663
"5075","mix_stand",0.524602201661252,899.065717008444,0.820412643746253,5070.36761489942
"5076","dec_stand",0.516722486519286,908.175201525528,0.841264171926884,5041.76433958836
"5077","dec_stand",0.744114830853801,904.770542236036,0.90113959864281,5020.97486315085
"5078","dec_stand",0.945140756853609,867.136587901682,0.97814818895724,5008.09649583171
"5079","dec_stand",0.961842103353278,837.383754054895,0.966834049203439,5003.19032832354
"5080","mix_stand",0.645018358681821,833.954174363919,0.906761629544586,5006.27979901105
"5081","open",0.360550238786524,819.487060984926,0.964687354586412,5017.35013779335
"5082","mix_stand",0.785741625839408,813.220636504689,0.882228783690527,5036.34871698758
"5083","mix_stand",0.81422276445636,813.250027155789,0.932833792022401,5063.18629003798
"5084","mix_stand",0.548827750042402,804.711759831917,0.963882169831428,5097.73905087224
"5085","mix_stand",0.826683769567683,801.311819921938,0.94290192326802,5139.85140529892
"5086","mix_stand",0.798434064483045,791.227959224156,0.897114888734215,5189.33931449042
"5087","con_stand",0.847248801818946,787.061857232637,0.976969373728813,5245.994051452
"5088","con_stand",0.903867806724046,793.657486391476,0.979740967652368,5309.58620510082
"5089","mix_stand",0.885741624406329,788.325672788483,0.906408259941206,5379.86977216647
"5090","mix_stand",0.920318541919073,784.172287247694,0.920524404944685,5456.58619249022
"5091","mix_stand",0.773713526397509,790.8965524122,0.860863720924057,5539.46820563262
"5092","mix_stand",0.677260272323949,807.495021732975,0.880505766566486,5597.08194839587
"5093","deadwood",0,1201.23492431641,0.888872375090917,6946.79361682288
"5094","deadwood",0.00397196257156189,1205.56354159061,0.769956702549254,6810.84408425424
"5095","con_stand",0.0354436750894751,1210.79804469325,0.818759370836692,6667.1026883216
"5096","con_stand",0.0783046679273797,1217.48279056034,0.787627749547765,6529.94930383645
"5097","mix_stand",0.095970515408885,1214.01086448276,0.791279081493177,6396.11277438139
"5098","mix_stand",0.240678818064018,1202.63401524935,0.803944008800685,6265.80564591499
"5099","dec_stand",0.702137590392838,1185.46248752303,0.901180424656563,6139.2526597289
"5100","dec_stand",0.857420145893236,1158.00796778723,0.913751794130562,6016.69071046626
"5101","dec_stand",0.804902575601016,1129.42399101329,0.926723234519353,5898.36859213181
"5102","dec_stand",0.624226043357786,1103.77855912942,0.787910484756899,5784.54648608267
"5103","dec_stand",0.483469515537819,1069.40088941765,0.656752826530067,5675.49514213939
"5104","mix_stand",0.290540540270526,1032.88873924612,0.624210226672178,5571.49470294921
"5105","mix_stand",0.152727272141844,1007.35754420775,0.6364419917949,5472.83312364801
"5106","dec_stand",0.310848521964307,996.225995191458,0.658996906492093,5379.8041443275
"5107","dec_stand",0.70027026838877,999.230875938472,0.891835026296556,5292.70478310225
"5108","dec_stand",0.967420145452791,1017.34064099361,0.985943551108937,5211.83233311755
"5109","dec_stand",0.946373347977398,1022.26698492159,0.969507759168866,5137.48086844715
"5110","dec_stand",0.730982799888463,1005.75120360728,0.840401809793011,5069.93729117898
"5111","dec_stand",0.623708358398591,981.418218913579,0.760209987465688,5009.47698437293
"5112","dec_stand",0.67722358534465,969.446863160379,0.802667452168882,4956.35917131531
"5113","dec_stand",0.822162160755156,945.32860604551,0.832890332175341,4910.82211761283
"5114","dec_stand",0.718742927600759,925.566442924802,0.799908696940154,4873.07834578984
"5115","mix_stand",0.692063880356656,932.195286781255,0.902971118892239,4843.31005771664
"5116","dec_stand",0.862850121000475,924.886715375821,0.923296638327383,4821.66497423238
"5117","mix_stand",0.897071022388135,884.775412376687,0.926065385660085,4808.25280012131
"5118","mix_stand",0.919533168279202,856.831110511424,0.955487531346683,4803.14250398273
"5119","mix_stand",0.786348207117925,847.395993523445,0.917210832846981,4806.36056645814
"5120","mix_stand",0.576560195828319,831.735683731716,0.882034026379228,4817.89029903843
"5121","mix_stand",0.762653561107613,817.718616419987,0.922569328850405,4837.67227391972
"5122","deadwood",0.856241355272564,817.399639175194,0.958742415994912,4865.60583932045
"5123","mix_stand",0.813857492054893,802.785402977496,0.930111666863414,4901.55163136096
"5124","mix_stand",0.926830464360792,792.608035450778,0.984663354559185,4945.33493947972
"5125","con_stand",0.924525453797457,793.493446105535,0.981986725015658,4996.74974256526
"5126","mix_stand",0.827223585625648,779.574400018416,0.957536340345622,5055.56321031303
"5127","mix_stand",0.93159019279731,781.459667385636,0.951672958417331,5121.52045925093
"5128","mix_stand",0.871916460102145,776.688474088102,0.95851884963408,5194.34936377997
"5129","mix_stand",0.880208875429537,768.331101858274,0.935209564201495,5271.29956993166
"5130","mix_stand",0.797938143930484,777.084052331669,0.856531942628094,5450.82658695654
"5131","mix_stand",0.883548382068834,784.105807396673,0.853849841221686,5472.70685326563
"5132","deadwood",0.0400848353828757,1216.20136475386,0.862888471161194,6521.22468862655
"5133","con_stand",0.0774447169218954,1229.30664632361,0.851760232148358,6384.24246185131
"5134","mix_stand",0.011646191491139,1235.97955119815,0.721886495036744,6247.28513825008
"5135","mix_stand",0.0595097419724458,1227.87283741431,0.757686518877276,6113.80670990804
"5136","mix_stand",0.205773955645813,1213.16436377673,0.73390744286944,5984.03997933653
"5137","mix_stand",0.397199016343573,1182.76877130982,0.682624817194294,5858.23160715597
"5138","dec_stand",0.872809552658398,1142.98353976592,0.917283371175182,5736.64202756984
"5139","dec_stand",0.605577394444065,1109.08189463323,0.739375250631399,5619.54509212961
"5140","dec_stand",0.527039596812108,1073.19046198895,0.607056428990336,5507.22738163646
"5141","dec_stand",0.455995085486726,1035.98522319372,0.570598233596442,5399.98712259329
"5142","mix_stand",0.252579851968429,1007.63228541569,0.568239334781931,5298.13264423143
"5143","dec_stand",0.283394091444747,990.859055591634,0.543324238506551,5201.98031600397
"5144","dec_stand",0.427592136318216,979.259891444401,0.660236410407638,5111.8519149955
"5145","dec_stand",0.683144961687432,980.870254629074,0.867530431808945,5028.0713891212
"5146","dec_stand",0.636404775513897,988.246176345029,0.842044300005767,4950.96100649612
"5147","dec_stand",0.758525796619036,997.234639273229,0.894057930504368,4880.83691410338
"5148","dec_stand",0.798441230492124,995.479722172265,0.883895000015543,4818.00416944209
"5149","dec_stand",0.864864863089174,960.513942634151,0.959962269597909,4762.75135524716
"5150","dec_stand",0.868230956347993,935.330696912011,0.962797242095488,4715.34493621531
"5151","dec_stand",0.906222499668186,929.004018921436,0.958136244493787,4676.02356318818
"5152","dec_stand",0.878746926464159,929.664888949008,0.94795387871655,4644.99256833638
"5153","mix_stand",0.888132676381517,922.809881861731,0.964801368974058,4622.41891834818
"5154","mix_stand",0.917083593760924,899.022594976995,0.920379891158049,4608.42689579458
"5155","mix_stand",0.922014740449022,876.374671879799,0.920702774892275,4603.09475803256
"5156","mix_stand",0.759245789758485,848.745513607757,0.889387767533662,4606.452577561
"5157","mix_stand",0.806275344884128,820.412226885589,0.928473705670368,4618.48140058474
"5158","mix_stand",0.92299754094305,808.807931398584,0.964399747513875,4639.11377809277
"5159","mix_stand",0.630496541573183,811.528831189417,0.964521800999668,4668.23563511328
"5160","mix_stand",0.730221127587798,797.764324816205,0.962547951984318,4705.68935907234
"5161","con_stand",0.857272725739958,776.289094104814,0.972387554239626,4751.27791688805
"5162","deadwood",0.817071023108561,778.094067413503,0.966718695790868,4804.76975964277
"5163","mix_stand",0.929606877029381,762.437319368929,0.980106651746377,4865.90424721973
"5164","mix_stand",0.907228156165609,756.026703974198,0.966789831986298,4934.39732320687
"5165","mix_stand",0.891965599840447,756.93184798707,0.956170598577339,5009.94718970537
"5166","mix_stand",0.913887859745042,757.49418229287,0.964159585101601,5092.23976696011
"5167","mix_stand",0.846994534338433,742.436416042307,0.901464871980332,5136.6506720692
"5168","con_stand",0.0164971748777365,1217.06796350856,0.881692101894799,6335.47072818932
"5169","deadwood",0.0203439801455423,1227.16788184614,0.874214153874125,6241.5466687237
"5170","con_stand",0.0233415231493093,1244.08152639778,0.844880575611638,6101.38702926053
"5171","deadwood",0.0105091136471046,1246.16542054182,0.825493997153735,5964.64447282369
"5172","deadwood",0.019877149625075,1230.75764334114,0.75078573496669,5831.55938295636
"5173","mix_stand",0.107051596878421,1208.83956294329,0.552635434069911,5702.38784458539
"5174","dec_stand",0.689604021786782,1159.06506631541,0.800145291873751,5577.40177560972
"5175","dec_stand",0.709926288611546,1117.15994757575,0.820067278775375,5456.88877900261
"5176","dec_stand",0.511477057478437,1086.6976777178,0.684756730147535,5341.15164262908
"5177","mix_stand",0.402039311423495,1057.11551668134,0.626979022833727,5230.50740713118
"5178","dec_stand",0.76167076023831,1028.25368524125,0.789454733078764,5125.28591844831
"5179","dec_stand",0.846184787970905,1000.36878243188,0.80467104724486,5025.8277824571
"5180","dec_stand",0.737444715835246,975.14040740292,0.734831944629733,4932.48164672322
"5181","mix_stand",0.331670761039751,959.218314580894,0.713513841809069,4845.60075066797
"5182","dec_stand",0.399622878175648,968.047624915295,0.689056610870032,4765.53871222609
"5183","dec_stand",0.518918917873641,973.324258527826,0.809065910898314,4692.64455758357
"5184","dec_stand",0.794016340790793,962.67028340568,0.914623984791886,4627.257050686
"5185","dec_stand",0.611105649757224,933.56539527087,0.848508680463569,4569.69843924418
"5186","dec_stand",0.554201473465935,910.785467424322,0.863836234980045,4520.26779973566
"5187","dec_stand",0.645581393960997,901.140937196167,0.886643435297935,4479.23422921729
"5188","dec_stand",0.761793610088399,909.082224065607,0.900308350343669,4446.8301881482
"5189","deadwood",0.511081079771646,914.774795157318,0.902875598771749,4423.24533655979
"5190","mix_stand",0.747404146749856,903.275333080855,0.903805526995494,4408.62121708156
"5191","mix_stand",0.947886975916876,876.023978530921,0.970055077563633,4403.04711615983
"5192","mix_stand",0.958013825736692,846.513618589122,0.967632227652782,4406.55737755049
"5193","deadwood",0.933702072338216,807.789190976894,0.92861596409215,4419.13035327732
"5194","mix_stand",0.857616705028226,787.601208548581,0.921108610854834,4440.6890658924
"5195","deadwood",0.551904462010961,784.597666224318,0.896459533886236,4471.10353533367
"5196","deadwood",0.742850120991688,779.865199583461,0.950493819929238,4510.19460893385
"5197","con_stand",0.943071250741986,755.339321764447,0.978757518661696,4557.73903819315
"5198","con_stand",0.919974856570335,754.943144773703,0.980178960421638,4613.47548092442
"5199","mix_stand",0.898157246214056,737.507706475785,0.973827532746575,4677.11107724823
"5200","mix_stand",0.825971085847473,730.746005247105,0.935007975413918,4748.32825189332
"5201","mix_stand",0.755626534763952,728.971244830757,0.918572801153841,4826.79142800878
"5202","mix_stand",0.92766584508597,732.717150151583,0.969405585776383,4912.1533907483
"5203","con_stand",0.771119495420336,718.516759102299,0.948785551258775,5004.06110293469
"5204","mix_stand",0.990697672200757,726.451255620912,0.97404822499253,5007.10363343604
"5205","deadwood",0.0181642509816925,1231.6266674097,0.899206968681248,6208.37350297543
"5206","con_stand",0.0178869776427746,1236.31247960496,0.87897116255189,6102.07317728755
"5207","deadwood",0.0258968056245943,1245.0980547031,0.881195381906167,5958.6336521998
"5208","deadwood",0.01510999350335,1246.25282587786,0.838564401346134,5818.53711231601
"5209","deadwood",0.0433415231461973,1220.37947761105,0.810162465717341,5682.03083762927
"5210","mix_stand",0.257346436706273,1200.37618081283,0.752515028731975,5549.37977959805
"5211","dec_stand",0.745845378737716,1163.48280734404,0.763101690861506,5420.86696227602
"5212","dec_stand",0.864938572726466,1122.55001073739,0.870507093553754,5296.79360493224
"5213","dec_stand",0.608170960438019,1096.97582501424,0.688198218214613,5177.47887970789
"5214","dec_stand",0.476093364600321,1078.5637791889,0.644876085368216,5063.25920652076
"5215","dec_stand",0.493857492864388,1054.3591056655,0.640365331604189,4954.48697858916
"5216","dec_stand",0.631854178314873,1020.7879998131,0.654936687423749,4851.52860813814
"5217","dec_stand",0.761646189298984,982.940208678749,0.755242371295535,4754.76178542577
"5218","dec_stand",0.446732185497258,949.459183076676,0.697992264007101,4664.57185845184
"5219","dec_stand",0.371640476671537,945.246921656793,0.769771465771603,4581.34726855755
"5220","dec_stand",0.488206387302982,962.598576763631,0.792882341777114,4505.4740209563
"5221","dec_stand",0.652344435767173,958.651389706442,0.883349893650943,4437.32923027123
"5222","dec_stand",0.665700244765353,938.362048062411,0.85011076566555,4377.27385801168
"5223","dec_stand",0.606928746012344,908.741022545817,0.851022328687168,4325.64484720248
"5224","mix_stand",0.295336265367468,886.179001765608,0.717178891337401,4282.74695097713
"5225","mix_stand",0.565257984257008,872.871431655321,0.839615189280425,4248.8446351849
"5226","mix_stand",0.816142504590882,883.671214298183,0.853585830978884,4224.15449618235
"5227","mix_stand",0.764676302591822,898.407816581798,0.901866061649257,4208.83866014424
"5228","mix_stand",0.962039309528631,869.113142046354,0.9614782955049,4202.99960890446
"5229","dec_stand",0.875776239137542,836.744985027781,0.853244292059835,4206.67680522012
"5230","mix_stand",0.853587222196327,798.224522583608,0.881305442907886,4219.84537163277
"5231","mix_stand",0.711621619998969,775.736795298883,0.889334381017971,4242.41692472326
"5232","con_stand",0.820817094556121,761.685203528269,0.950184222252245,4274.24250032927
"5233","mix_stand",0.91523341317398,751.718981693652,0.957401608970446,4315.11734786073
"5234","deadwood",0.886167074299671,738.899641744628,0.938339014530768,4364.78724403903
"5235","con_stand",0.784387176555519,734.690428805156,0.911115794849426,4422.95589299212
"5236","mix_stand",0.60846953725589,726.694452883762,0.826744482966162,4489.29294685531
"5237","con_stand",0.672968748782296,719.029244244099,0.911232513200957,4563.44219637997
"5238","mix_stand",0.229749810179361,713.975152166799,0.773429926933159,4645.02953514667
"5239","con_stand",0.486191645090718,715.007173205476,0.919054114207149,4733.67038044677
"5240","con_stand",0.419006912640661,707.916839618791,0.840139295347504,4828.97632471952
"5241","open",0.102614274037869,704.419358560154,0.920731036539637,4930.56088131016
"5242","open",0.152421052675498,702.468582956414,0.952478022324411,4992.26681927966
"5243","con_stand",0.0252754979298514,1257.90525225766,0.722352975994733,6082.87710814949
"5244","con_stand",0.0102631577410909,1266.35863987681,0.703005016498428,5966.04799448127
"5245","deadwood",0.0166507175049642,1263.27435302734,0.789996715939858,5819.25645516509
"5246","deadwood",0.0505997548962748,1249.3255506163,0.815328785819041,5675.72056555196
"5247","dec_stand",0.369043061607762,1217.17245687822,0.81716079747028,5535.69358023295
"5248","mix_stand",0.371315788945549,1184.68205801494,0.745291345418569,5399.44850137022
"5249","mix_stand",0.123059975250078,1150.54412109674,0.546161331336676,5267.27880905921
"5250","dec_stand",0.41260765449692,1109.85626687958,0.644221789346179,5139.49892640205
"5251","dec_stand",0.726634025614768,1071.77507297324,0.76650436534438,5016.44431896434
"5252","dec_stand",0.860430620788957,1058.39635201048,0.89345087948741,4898.47111094195
"5253","dec_stand",0.90449760611833,1040.77743643437,0.953587005868483,4785.95508470902
"5254","dec_stand",0.843720928632462,1020.56205900792,0.909829385168258,4679.28991937766
"5255","dec_stand",0.833205739593214,983.726366216486,0.909597027886427,4578.88452081544
"5256","dec_stand",0.832272725509542,950.324323225249,0.885268490779343,4485.15930474416
"5257","dec_stand",0.519877599978607,919.028687195795,0.77812441349066,4398.54132088065
"5258","dec_stand",0.753421050937552,927.218816255268,0.912722608823169,4319.45815382475
"5259","dec_stand",0.845214196557186,924.549795498609,0.907674064488131,4248.33060888032
"5260","dec_stand",0.664736840758098,923.947789424915,0.885542932438829,4185.564288193
"5261","dec_stand",0.746770333436331,921.266860523863,0.827801059797834,4131.54028025807
"5262","dec_stand",0.873512849927569,884.704046541212,0.893181950118361,4086.6053140361
"5263","dec_stand",0.528923443674542,854.0733240666,0.821539396348824,4051.06185172853
"5264","mix_stand",0.51992822837744,846.310170990428,0.80830112162924,4025.15869113843
"5265","mix_stand",0.817307219333318,856.974917576392,0.865852140701824,4009.08269802932
"5266","mix_stand",0.762153108078434,848.016914951744,0.844867075989513,4002.95227287229
"5267","mix_stand",0.917331699268252,830.194784362868,0.921214558758671,4006.81306609092
"5268","mix_stand",0.802081338121025,793.881750626997,0.841877924862126,4020.63629575455
"5269","con_stand",0.605334926637237,772.630243146248,0.877490637432918,4044.31981021513
"5270","mix_stand",0.88191410807287,761.421425474202,0.969299685123142,4077.69180545391
"5271","mix_stand",0.866007460816416,744.565355727922,0.945400325275624,4126.45505886912
"5272","mix_stand",0.700516603163101,735.070318731141,0.953225640279927,4172.50399776407
"5273","mix_stand",0.612970026549997,730.044610712119,0.857350663690541,4233.31560711587
"5274","con_stand",0.686058778470184,734.416805310454,0.946627553190247,4302.577561868
"5275","con_stand",0.575849622768119,732.955803250191,0.816738571071867,4379.8889883955
"5276","open",0.0253658536246152,716.312021543921,0.985943412247712,4478.7907420441
"5277","open",0.0407099141813404,713.713228708965,0.981630342407209,4556.9791512747
"5278","open",0.185812807591458,711.074605518961,0.951806645858758,4655.90340802271
"5279","open",0.215607842824915,707.526518518784,0.918793367550654,4764.59792611739
"5280","deadwood",0.00285714279328074,1342.24706159319,0.939694315195084,7568.88822433472
"5281","con_stand",0.0108241080907878,1288.93872806038,0.769985757282446,5952.88357006775
"5282","con_stand",0.00859950846678941,1320.82102100269,0.729180298935558,5833.71235008593
"5283","mix_stand",0.0149385747328144,1323.59826037808,0.69242610430679,5683.50383843544
"5284","mix_stand",0.0315776239310249,1279.97724643134,0.621408602305923,5536.4495166896
"5285","mix_stand",0.369754299260584,1236.01677686987,0.701556045658136,5392.80742206601
"5286","dec_stand",0.822285011268841,1192.82043809446,0.904939559885559,5252.85748935448
"5287","dec_stand",0.522740414074612,1150.21844770143,0.755400413119291,5116.90267512803
"5288","dec_stand",0.695257984348905,1104.49245203566,0.842547049073168,4985.26984638595
"5289","dec_stand",0.962514140770205,1049.0432596932,0.977262795196248,4858.31032017396
"5290","mix_stand",0.953832922128077,1003.77757495627,0.972718379842415,4736.39991599112
"5291","mix_stand",0.738894348314229,985.690638699168,0.876294074314635,4619.93835808895
"5292","dec_stand",0.816492770721821,970.643270726327,0.887366766986946,4509.34784332469
"5293","dec_stand",0.668157247551866,942.960518651864,0.814849749024098,4405.07057637892
"5294","dec_stand",0.502137591032636,925.749858846828,0.670747845225421,4307.56507378076
"5295","dec_stand",0.625493399133891,904.43958793175,0.720691768648039,4217.30105849974
"5296","dec_stand",0.583562652468315,891.176707799663,0.753244507279824,4134.75281514693
"5297","mix_stand",0.671527340127791,880.76597778397,0.841387694527112,4060.39095874572
"5298","dec_stand",0.626658475589401,879.691964264291,0.862158367991521,3994.6726905356
"5299","mix_stand",0.883095821260454,894.021066014245,0.931074429532234,3938.03076959556
"5300","dec_stand",0.738403517549177,865.749887597104,0.893885552246266,3890.86160781618
"5301","dec_stand",0.645651105100275,835.105246279105,0.845426016736602,3853.51307655371
"5302","mix_stand",0.63427518340656,823.512152444525,0.836446434977929,3826.27276631581
"5303","mix_stand",0.717536139336493,818.638229015262,0.853278742467436,3809.35753171128
"5304","mix_stand",0.683931202405757,811.118499268478,0.841283960611141,3802.90515233019
"5305","mix_stand",0.720854806401758,812.602791067491,0.776374650883795,3806.96882859284
"5306","mix_stand",0.811130218441239,802.768079902968,0.827750885131465,3821.51501333794
"5307","mix_stand",0.680537239326589,766.55262743306,0.898384228294149,3846.42478198526
"5308","mix_stand",0.763217157077534,753.795004509729,0.929432235837942,3881.49861274885
"5309","mix_stand",0.908009826130158,762.234824140769,0.951189347382249,3861.84765683949
"5310","open",0.204137930468124,745.074969646118,0.987655422239925,3980.98619042138
"5311","open",0.237250673331099,735.558703975215,0.877589231090886,4044.67832324739
"5312","con_stand",0.631827690793918,735.35503891226,0.83418405441596,4117.11497285497
"5313","open",0.337661622689097,741.352076261539,0.795746473372598,4197.84348586303
"5314","con_stand",0.580958268649795,737.224385327865,0.79881756519971,4249.60903038979
"5315","con_stand",0.175283581663424,726.33528369505,0.821036447162059,4382.29645376859
"5316","con_stand",0.568478259541418,718.677879996922,0.959357899168263,4539.97913831803
"5317","deadwood",0.00898765419368391,1322.3956368152,0.910351775237072,8371.34900686029
"5318","deadwood",0.0196923074126244,1300.06560847356,0.7442175250787,8228.19023276859
"5319","deadwood",0.0551368755658852,1277.30165697181,0.82979354487909,8051.75019784105
"5320","deadwood",0.034755876803161,1277.89217968573,0.807674577692103,7886.5655525646
"5321","deadwood",0.0163411276806991,1304.03296905895,0.788779914092165,7714.97808773325
"5322","deadwood",0.0241719339085288,1333.44672495074,0.805294669929105,7540.77385160709
"5323","deadwood",0.0296296292099992,1350.794343639,0.880427775826034,7365.28202903175
"5324","deadwood",0.0293201128912631,1355.93886974648,0.930696907846347,7188.03437746135
"5325","deadwood",0.0343881522654465,1361.86126104817,0.92930717351654,7011.28510962402
"5326","deadwood",0.0370232553936021,1361.87787262673,0.843480123059694,6831.62478736147
"5327","deadwood",0.0189140269794076,1345.71841996827,0.844554328203741,6645.77955454146
"5328","deadwood",0.00723076911213306,1332.49753253643,0.859085005063277,6476.61312852345
"5329","deadwood",0.0154224268508397,1322.57754427533,0.874659055022783,6313.8528703547
"5330","deadwood",0.00326530605960054,1316.71497196535,0.900146442286822,6152.24108720303
"5331","deadwood",0.00654124445922123,1308.73240438591,0.893236065825229,5988.83484092868
"5332","deadwood",0.00546946210163555,1299.50315991856,0.88860511160375,5861.80319188317
"5333","mix_stand",0.00592137583936462,1318.21144062764,0.826949045666166,5705.32299918787
"5334","mix_stand",0.0138329237662896,1338.71507844292,0.82842361613759,5551.64171246937
"5335","mix_stand",0.0290886232550979,1304.70576781076,0.67543418430574,5400.99825922101
"5336","dec_stand",0.498083537430743,1242.96658745093,0.82350316962241,5253.65396675748
"5337","dec_stand",0.936461915987422,1192.12124933716,0.955890514102996,5109.89423790915
"5338","dec_stand",0.904764298253618,1152.63690619046,0.945997459363218,4970.03013639149
"5339","dec_stand",0.93916461760915,1105.43094254477,0.96580587795201,4834.39978741042
"5340","dec_stand",0.975612820004945,1051.56772523852,0.985531745018411,4703.36946945233
"5341","dec_stand",0.648796067035389,1002.68345578355,0.806409851274927,4577.33423967024
"5342","dec_stand",0.483734642423195,984.778632349113,0.63690654228668,4456.71789896196
"5343","dec_stand",0.716631048205025,971.773455338685,0.720546856161973,4341.9720673851
"5344","dec_stand",0.713611792535029,955.434015522425,0.80563738280381,4233.57411069494
"5345","dec_stand",0.692776411185979,939.63855584072,0.784203556762134,4132.02364239219
"5346","dec_stand",0.799220615076539,921.711619436479,0.841901797700573,4037.83733272579
"5347","dec_stand",0.583144962339129,905.502579822587,0.639388739783546,3951.54179827896
"5348","dec_stand",0.715399119499567,887.019643614533,0.79467639355147,3873.66443503166
"5349","dec_stand",0.662874691440044,867.328162715827,0.82605255117379,3804.72220281617
"5350","dec_stand",0.83294840146506,858.385901486258,0.900436184504035,3745.20857091427
"5351","dec_stand",0.749365177494898,848.894276406164,0.836150581875288,3695.57908214059
"5352","dec_stand",0.619828008902454,838.760884690343,0.785206856972627,3656.23625860039
"5353","dec_stand",0.58877149747378,826.831456814703,0.749124917816096,3627.51481302081
"5354","deadwood",0.579937145624387,819.136607152722,0.826929152217921,3609.66829117082
"5355","con_stand",0.849803437256879,824.793038408059,0.899896023607371,3602.85830133281
"5356","mix_stand",0.837083593727394,816.687245769968,0.835295566199037,3607.14735217004
"5357","mix_stand",0.769538459740579,787.612913239308,0.859958817752508,3622.49601996006
"5358","mix_stand",0.878338760487032,781.010016873139,0.903780718931643,3648.76473927042
"5359","mix_stand",0.795758728337666,782.4869718812,0.872127149691657,3685.72003060505
"5360","dec_stand",0.771863774941433,787.027571564193,0.904943738088888,3733.0445321471
"5361","mix_stand",0.661345290187162,780.548874448768,0.875677233302941,3790.34986874548
"5362","con_stand",0.844903224338126,745.770696430822,0.910745715966789,3857.19121764832
"5363","con_stand",0.809497828461964,742.775285544635,0.857403304014454,3933.0824254005
"5364","con_stand",0.840754241523954,748.709646286116,0.843798058539498,4017.51066631614
"5365","con_stand",0.640417688739021,750.202362510437,0.684891145460706,4109.94986056798
"5366","con_stand",0.417919670117503,742.420629467949,0.713731317745424,4198.5296084564
"5367","deadwood",0.00884999983943999,1304.61875808716,0.753820809423923,8306.76524376973
"5368","deadwood",0.0492383288928932,1288.61866599043,0.777818345824023,8167.25228564553
"5369","deadwood",0.0326335635399159,1270.36471256469,0.835511006325914,7985.82518030724
"5370","deadwood",0.00818181805385858,1265.73913709186,0.816126912704117,7805.30839109175
"5371","deadwood",0.00557739546188412,1285.69424213531,0.828992482796494,7625.76656515259
"5372","deadwood",0.0135763668877235,1308.59664485411,0.85310203698654,7447.27021726445
"5373","deadwood",0.0252579849588637,1322.18672236412,0.890927163220448,7269.89635608436
"5374","deadwood",0.0194594592258737,1330.68771782377,0.905699602224631,7093.72918315929
"5375","deadwood",0.0237592134844393,1335.9867088824,0.877114593836248,6918.86087273879
"5376","deadwood",0.020614250396042,1341.79337702571,0.864793217354237,6745.39244114815
"5377","deadwood",0.0182275296681187,1335.77149174065,0.899142314060015,6573.43471484887
"5378","deadwood",0.0105159703632977,1329.03002809717,0.86237814870528,6403.10940654248
"5379","deadwood",0.0190663388964585,1321.35842018221,0.862476711538998,6234.55030859255
"5380","deadwood",0.0541043366410311,1313.74934031392,0.864404521034919,6067.90461238827
"5381","deadwood",0.0469778867012819,1303.15435611059,0.834224721229194,5903.33436086233
"5382","deadwood",0.0115399118220184,1286.59493970601,0.847836587599131,5741.01803895662
"5383","deadwood",0.0113267811971742,1278.67209927046,0.820355662641273,5581.1523028448
"5384","mix_stand",0.0186732185212781,1274.25741697119,0.761526722607434,5423.95384271013
"5385","mix_stand",0.176618478428935,1270.84075578633,0.81261015999512,5269.66136526084
"5386","dec_stand",0.774152332802443,1229.8794247489,0.907959834217147,5118.53766983892
"5387","dec_stand",0.936363634541265,1173.82960056614,0.967123961492604,4970.87177534595
"5388","dec_stand",0.9587680688403,1134.18931210348,0.975291197739031,4826.98103296785
"5389","dec_stand",0.637862406863261,1086.32358028028,0.843530335630627,4687.21313092118
"5390","mix_stand",0.377649276226403,1053.03975602203,0.660208390919125,4551.94786141281
"5391","dec_stand",0.697985256859616,1034.07179702646,0.726928246548486,4421.59847652891
"5392","dec_stand",0.850049138380356,1020.73558816746,0.790516753417854,4296.61240962511
"5393","dec_stand",0.845983656269623,1008.47905396966,0.820640129171251,4177.47108496413
"5394","dec_stand",0.800221129208437,991.871403874578,0.809792649119873,4064.68848611277
"5395","dec_stand",0.924324322322553,974.506285346404,0.91872926272397,3958.80811214271
"5396","dec_stand",0.875223128016193,952.123241719474,0.949017278864127,3860.39793345735
"5397","dec_stand",0.615872234389808,930.141409121802,0.799465100562397,3770.04298340396
"5398","dec_stand",0.635474542817329,906.945117962428,0.734673727444232,3688.33530810085
"5399","dec_stand",0.413906632654863,893.276940685525,0.686544216251692,3615.86116290812
"5400","dec_stand",0.747714986077324,890.666297968834,0.77503573192462,3553.18560027934
"5401","dec_stand",0.750395976184937,883.408984881389,0.838411990288554,3500.83493281028
"5402","dec_stand",0.856044224241442,864.431329525659,0.94178557323626,3459.27794484349
"5403","mix_stand",0.62196560098769,844.066163234102,0.78339298787975,3428.90710412104
"5404","mix_stand",0.480553110507694,834.289373545284,0.814501766735918,3410.02130694365
"5405","deadwood",0.635012283664956,834.961688329898,0.866420407589589,3402.81178659943
"5406","mix_stand",0.854531738314705,831.817559281211,0.898854167243357,3407.35266039605
"5407","mix_stand",0.730909089752329,803.265427985414,0.881612633668454,3423.59717339222
"5408","dec_stand",0.554373462915567,808.751023950975,0.668585821000244,3451.3800739789
"5409","dec_stand",0.611338779761085,816.18966956771,0.855132543398179,3490.42584515052
"5410","dec_stand",0.609705158818229,801.121265983113,0.827678556469354,3540.36186031135
"5411","dec_stand",0.519606879063372,777.95978754217,0.869567947283717,3600.7350609853
"5412","mix_stand",0.778931488131368,757.306303301223,0.850571041312104,3671.03053826275
"5413","con_stand",0.685945944018497,755.942964745974,0.828013251899428,3750.69044340946
"5414","con_stand",0.886385919129339,759.261455734896,0.915464972996397,3839.13190027003
"5415","con_stand",0.770491398742802,765.02392491896,0.915745393210606,3935.76295640571
"5416","con_stand",0.674084506155005,762.723856321523,0.856045808092179,4013.36526195727
"5417","deadwood",0.00903790072692726,1272.01682737478,0.777467192522638,8220.22399065301
"5418","deadwood",0.0135885166253841,1260.20596554405,0.81256659314678,8085.95196255779
"5419","deadwood",0.0487148099358911,1238.82918000426,0.814593104611412,7902.65850838243
"5420","deadwood",0.0180382772246331,1241.2969910106,0.832393256867189,7720.19722924404
"5421","deadwood",0.00657894723473839,1261.34027238326,0.783895314541873,7538.62855005882
"5422","deadwood",0.0131701344220627,1276.21149563177,0.848498897916538,7358.01854931892
"5423","deadwood",0.0154306217760703,1284.10490293366,0.87679256295616,7178.43958861648
"5424","deadwood",0.0310648712472058,1296.84194823023,0.903368453354993,6999.97102006177
"5425","deadwood",0.0196172246023228,1293.62628538871,0.878297524000897,6822.69998130776
"5426","deadwood",0.0230382772866619,1280.09928638513,0.889590133605391,6646.72228899973
"5427","deadwood",0.0146389227210016,1277.886846498,0.889176119871283,6472.14344233504
"5428","deadwood",0.0261961720732339,1277.86587933262,0.860042033030799,6299.07974930974
"5429","deadwood",0.0198564590601046,1268.06604390852,0.898675221183369,6127.65958886676
"5430","deadwood",0.0697674414318515,1274.13988480866,0.865959504170108,5958.02482243846
"5431","con_stand",0.10791865983559,1272.68676860024,0.859139899068187,5790.33236795955
"5432","deadwood",0.0291554463828938,1254.19942576153,0.827313780018574,5624.75594820932
"5433","con_stand",0.0229425834019504,1240.49569526928,0.810988847041529,5461.48802262112
"5434","deadwood",0.017105263011735,1228.73821452018,0.792520359207533,5300.74190697729
"5435","mix_stand",0.336988983705476,1201.87133460354,0.806035429366945,5142.75407795701
"5436","dec_stand",0.696602869734311,1169.46931552431,0.925376706342235,4987.78664811484
"5437","mix_stand",0.51088516641426,1136.19805251126,0.874337768926325,4836.12998032967
"5438","con_stand",0.202227661821585,1108.76054600841,0.7499723869719,4688.10538756934
"5439","dec_stand",0.29045454505831,1098.39588278446,0.65248894719095,4544.0678320234
"5440","dec_stand",0.605752752699423,1098.01466420056,0.604726205818182,4404.4084957952
"5441","dec_stand",0.330430621111935,1091.92951045424,0.53983363391983,4269.55704170482
"5442","mix_stand",0.600047845767731,1073.09139510889,0.727880848568316,4139.98331707093
"5443","mix_stand",0.587809056640948,1056.12246465041,0.726769198283936,4016.19817707967
"5444","dec_stand",0.757966505956243,1038.66922745408,0.788102989517259,3898.75302221362
"5445","dec_stand",0.795813395713042,1019.98489347029,0.781041612518889,3788.23756614105
"5446","dec_stand",0.88178702348996,993.073800319265,0.863193631391047,3685.27529304047
"5447","dec_stand",0.906555022166498,962.529155858966,0.873044879652524,3590.51605094635
"5448","mix_stand",0.562986535096548,942.195876309454,0.755184881361783,3504.62529200266
"5449","dec_stand",0.749043060381981,940.409921600488,0.817071730324455,3428.26964534539
"5450","dec_stand",0.876961719748257,936.603382895438,0.819995601763993,3362.09882122059
"5451","dec_stand",0.807319460188197,920.862610087401,0.868873939278331,3306.7243012834
"5452","dec_stand",0.747990429187505,895.952953539397,0.829646119322075,3262.69583692939
"5453","mix_stand",0.844114831038283,865.366669102719,0.919592431536987,3230.47737068226
"5454","mix_stand",0.828372091009319,851.115647240105,0.905976660034077,3210.42448271386
"5455","mix_stand",0.631698563017628,841.321472313986,0.865480360499267,3202.76569147015
"5456","mix_stand",0.808739288583526,821.912946759414,0.907349393492156,3207.58977866908
"5457","mix_stand",0.476076554235196,809.263825192976,0.761003057436759,3224.8407248249
"5458","dec_stand",0.364617224381657,824.385457600133,0.537494830197307,3254.32091399113
"5459","dec_stand",0.585018358677808,830.21538544635,0.795045394758207,3295.70218928568
"5460","dec_stand",0.690143539240521,805.10791698255,0.879646480934579,3348.54335915661
"5461","mix_stand",0.631698563467693,782.995792005621,0.879266988606366,3412.31208043402
"5462","con_stand",0.804944918995935,774.761240852944,0.939083633723246,3486.40878825585
"5463","mix_stand",0.550550238331824,772.51131994074,0.844646936418426,3570.19049096819
"5464","con_stand",0.950722151776751,775.079937266019,0.943738186738774,3662.99268947683
"5465","mix_stand",0.648349281329145,783.435562170293,0.88800286781934,3764.14826261148
"5466","mix_stand",0.543999999026199,784.199623127727,0.865384270362072,3873.00274219635
"5467","mix_stand",0.215742972271749,770.11576457196,0.724223457635885,3923.91026394464
"5468","dec_stand",0.0600361661281551,1270.39151723907,0.67540565325759,8144.32451047871
"5469","deadwood",0.00783783771299027,1256.52330155806,0.764637054632937,8008.82440699214
"5470","deadwood",0.0417850406045512,1229.41318437635,0.811910559533903,7823.72412535042
"5471","deadwood",0.0155528253607946,1221.45788619208,0.838912640197125,7639.37768659898
"5472","deadwood",0.0252825549416958,1239.45937473007,0.789759022762647,7455.84100748144
"5473","deadwood",0.0434443743338681,1256.81821282924,0.805192120509055,7273.17539046882
"5474","deadwood",0.00727272716508743,1275.09312592677,0.817707358600906,7091.44814784721
"5475","con_stand",0.178227529435469,1290.19644289718,0.822221362800586,6910.73330754429
"5476","deadwood",0.0429729726943542,1288.69674285214,0.805476598661274,6731.11241205715
"5477","deadwood",0.0613267809125144,1275.71325548627,0.86738793194953,6552.67542312268
"5478","deadwood",0.105091137276514,1258.65262172658,0.873545494153019,6375.5217464275
"5479","deadwood",0.0314496312226359,1235.04785471173,0.832936315264104,6199.76139208932
"5480","deadwood",0.120343979809625,1211.04862777373,0.856427451408027,6025.51628823265
"5481","deadwood",0.0360276552770664,1201.51195629223,0.866148030735426,5852.92176626091
"5482","deadwood",0.0673464369623755,1216.6337031334,0.809047543372803,5682.12823732623
"5483","deadwood",0.0305216842893532,1226.26274863674,0.814349821777482,5513.30307983296
"5484","con_stand",0.0945454540614414,1234.27883791162,0.806124815429018,5346.63275679514
"5485","deadwood",0.0630958227152394,1229.12259998368,0.832887283775782,5182.32517921994
"5486","mix_stand",0.146197359603879,1199.41009379542,0.749162775818504,5020.61232634854
"5487","dec_stand",0.129361178790029,1170.9234814843,0.711196758585275,4861.75312423417
"5488","mix_stand",0.341891891206329,1148.05285876975,0.811284828821257,4706.03656930696
"5489","dec_stand",0.326486486391329,1132.30192261893,0.728229563203269,4553.78506118621
"5490","dec_stand",0.553882062938568,1134.22569616069,0.76421954753724,4405.35787609476
"5491","dec_stand",0.510395976426203,1147.99288286345,0.556525367265889,4261.15466635025
"5492","mix_stand",0.147371006900724,1149.45616483571,0.397782133149066,4121.61880888572
"5493","dec_stand",0.444152333258814,1126.3029432742,0.660812662523103,3987.24034415805
"5494","mix_stand",0.174657447618332,1111.13578154769,0.546767150513163,3858.55814514774
"5495","mix_stand",0.230491400117407,1094.29209648713,0.535635860504111,3736.16083673428
"5496","dec_stand",0.760786239231687,1066.94982212826,0.794215592937841,3620.68585732866
"5497","dec_stand",0.949390318481185,1037.84160168526,0.925980367632799,3512.81593568801
"5498","dec_stand",0.740565109265744,1002.03477099369,0.787416210579995,3413.27217778124
"5499","mix_stand",0.656241356174501,983.672032747682,0.756950570784373,3322.80296771108
"5500","mix_stand",0.671007369770794,980.306769893562,0.815280508552049,3242.16804096183
"5501","dec_stand",0.805675673676101,967.750139353609,0.853488168621971,3172.11744587599
"5502","dec_stand",0.76714016144977,940.774930041665,0.875573853888952,3113.36570547032
"5503","dec_stand",0.612113021268379,912.65392504043,0.801838353678987,3066.56230696902
"5504","mix_stand",0.799975428570071,887.796181493661,0.859108729008814,3032.26057422363
"5505","dec_stand",0.896040224428637,870.233882729023,0.919729255247536,3010.8878156436
"5506","mix_stand",0.913660931389513,852.859921467099,0.915247868993651,3002.72012144087
"5507","mix_stand",0.80502828263978,834.654512473729,0.862170025322289,3007.86506644201
"5508","con_stand",0.635233413748425,821.159395072618,0.791857010073941,3026.25475282943
"5509","dec_stand",0.434864864279619,837.226368634648,0.632204050094081,3057.65021560611
"5510","dec_stand",0.569830294321499,852.448143518473,0.810584455316431,3101.65654027531
"5511","dec_stand",0.684963143327678,826.126746812675,0.903498473227097,3157.74653629825
"5512","dec_stand",0.598943487715882,804.355658453864,0.750623219941699,3225.28983535049
"5513","dec_stand",0.651263354270058,796.051309390161,0.871916859569338,3303.58400791209
"5514","mix_stand",0.729950858055813,792.259597628357,0.92218745339671,3391.88465509246
"5515","con_stand",0.850609677981311,794.461178149614,0.951136539691953,3489.43221317774
"5516","con_stand",0.626707614932658,803.304979066591,0.966531735427302,3595.47413674899
"5517","mix_stand",0.41297297166427,803.927701907896,0.892783768003674,3709.28197990835
"5518","con_stand",0.557424891385142,774.028580537067,0.881886913073073,3830.16354554875
"5519","con_stand",0.202758620782145,762.326700144801,0.856790267316432,3840.91196823626
"5520","deadwood",0.0363636355508458,1256.23014692827,0.865698007020083,8198.95349516906
"5521","deadwood",0.145239616419894,1254.22516327392,0.847707524967079,8123.46046810622
"5522","deadwood",0.116953316659504,1243.77196110906,0.782976578857008,7935.99128973835
"5523","deadwood",0.0176995599432834,1220.95600941944,0.818881074131697,7749.15137343988
"5524","deadwood",0.0309582307559486,1204.98877140579,0.843876493687419,7562.98735619022
"5525","deadwood",0.112825552116009,1224.32741109862,0.766160476577516,7377.55040477419
"5526","deadwood",0.146423632603333,1251.97741392317,0.772510939222098,7192.89675192133
"5527","deadwood",0.00695331680247473,1278.90323775758,0.823145692907182,7009.08830564309
"5528","deadwood",0.0213199243239829,1300.32607972764,0.766845197319085,6826.19334274128
"5529","deadwood",0.019484029236165,1305.46243773514,0.784167065246246,6644.28729905432
"5530","deadwood",0.0203439800814709,1297.04300961506,0.782258090510488,6463.45367089848
"5531","con_stand",0.0662225012712551,1280.63469879707,0.785441758749172,6283.78504430216
"5532","con_stand",0.027248157028118,1259.22447133357,0.770695803316278,6105.38427077037
"5533","deadwood",0.363120392450024,1228.84273609658,0.803652666829508,5928.36581092621
"5534","con_stand",0.34162162082758,1187.04992698799,0.806454416998972,5752.85726975221
"5535","deadwood",0.0742014738701339,1177.26914449406,0.787718799715766,5579.00114964134
"5536","deadwood",0.0192583278383495,1206.13039756406,0.828862737140739,5406.95684954461
"5537","deadwood",0.0790663386674493,1231.60446241974,0.793229872127423,5236.90293986247
"5538","deadwood",0.0924324321146386,1247.85282009415,0.866402211221489,5069.03974276809
"5539","mix_stand",0.0114644875903312,1245.99315209332,0.523544928516741,4903.59224543839
"5540","mix_stand",0.0504914003925476,1214.52167595341,0.639232526274732,4740.81336785196
"5541","mix_stand",0.24805896726485,1178.17718550848,0.718262482178226,4580.98759565719
"5542","dec_stand",0.250408547103293,1162.02279323575,0.698502238125714,4424.43496933081
"5543","mix_stand",0.223169532538156,1172.98232972241,0.518136256207376,4271.51539006699
"5544","mix_stand",0.10886235042498,1194.54517061916,0.481826965163838,4122.63315621948
"5545","dec_stand",0.626732185382295,1185.67152558498,0.70273764631013,3978.24157604976
"5546","dec_stand",0.825282553526635,1162.91784630478,0.890686488351087,3838.84740742496
"5547","dec_stand",0.600754241999368,1148.72427446808,0.775110397237341,3705.01474774258
"5548","dec_stand",0.517936116784665,1129.81905850497,0.745483637492216,3577.36783513858
"5549","dec_stand",0.581375919767548,1093.05873621535,0.705957766164653,3456.59202946543
"5550","dec_stand",0.455813952872095,1058.37523631462,0.659605669974578,3343.43203487464
"5551","mix_stand",0.595823095141194,1032.25888998795,0.747886154823536,3238.68624118694
"5552","dec_stand",0.779409175606399,1017.32231304138,0.814968642582596,3143.19596099663
"5553","dec_stand",0.682506140591508,1005.66941788507,0.783831631160668,3057.82841456627
"5554","dec_stand",0.793194101619962,989.651135493848,0.902594447703414,2983.45267432628
"5555","dec_stand",0.71082337958812,970.201062272586,0.856675124089722,2920.90852138055
"5556","dec_stand",0.689631448582693,939.579393279055,0.828499644829981,2870.96931434253
"5557","mix_stand",0.916388205126733,910.298453591087,0.943695905387255,2834.3014131866
"5558","dec_stand",0.943934630333328,891.103210372493,0.955330582964278,2811.424137506
"5559","mix_stand",0.896191644347307,877.390039354929,0.891503003455644,2802.67521207118
"5560","mix_stand",0.819057195137725,856.498536192045,0.868176288795052,2808.18669090949
"5561","mix_stand",0.710024568030304,836.964940251531,0.876988788137638,2827.8751954181
"5562","mix_stand",0.328206387478904,843.162642345382,0.617204852701686,2861.448100862
"5563","dec_stand",0.403519797964826,855.347056601648,0.718249204191002,2908.42463030877
"5564","mix_stand",0.387100736589997,838.221477536663,0.662878654550541,2968.16844360673
"5565","dec_stand",0.409140048644686,828.43955596249,0.670795244252863,3039.92688599928
"5566","dec_stand",0.703959772055401,822.078966487211,0.799085698305324,3122.87183822221
"5567","dec_stand",0.440049139128343,816.594417675121,0.800492046519894,3216.13790855439
"5568","dec_stand",0.490383405652831,816.433300658489,0.848443287345083,3318.85508253061
"5569","mix_stand",0.723513511707434,821.747698697177,0.931279360232028,3430.17442033853
"5570","mix_stand",0.486339065321797,827.438317563669,0.836708654385261,3549.28662299098
"5571","con_stand",0.725026453800854,793.005050497711,0.932216120213664,3675.43412312114
"5572","con_stand",0.478740156694191,768.491933747539,0.86041280768049,3766.33893053054
"5573","deadwood",0.0205882351188099,1248.31716829188,0.818415164246279,8223.41664930321
"5574","deadwood",0.0205896804955873,1242.69219948209,0.807641781884857,8056.63336590825
"5575","deadwood",0.0234889433758118,1232.67749938215,0.778487651972718,7867.57188567941
"5576","deadwood",0.0100314267012475,1213.06936470957,0.74641871026651,7679.06733178098
"5577","deadwood",0.021130220973704,1194.42453805235,0.858854949748926,7491.16174713658
"5578","deadwood",0.144815724283567,1216.74169209548,0.81673975607394,7303.90136046872
"5579","deadwood",0.0315776237671215,1247.72049389449,0.769427393926606,7117.33709832299
"5580","deadwood",0.0479361177616609,1280.96891810912,0.820581549233974,6931.52517017984
"5581","deadwood",0.0142300437637128,1312.67516077067,0.765763824275273,6746.5277383584
"5582","deadwood",0.0560196559299562,1325.54114616825,0.837637208274014,6562.41368629325
"5583","deadwood",0.0357739555097988,1331.49322487271,0.720092655582862,6379.25950103326
"5584","deadwood",0.01435575099916,1316.00630507358,0.741707161022087,6197.15028855594
"5585","deadwood",0.00641277632435797,1265.16599335542,0.781847236472061,6016.18094327987
"5586","deadwood",0.10373464367222,1216.6130065918,0.783217219054626,5836.45749676244
"5587","mix_stand",0.213249527849842,1168.10468852812,0.736401230724333,5658.09867416553
"5588","deadwood",0.0626781323480738,1147.5153013787,0.722259693035366,5481.23769120968
"5589","deadwood",0.0387429287276652,1187.67818214517,0.728066831040427,5306.02432847392
"5590","deadwood",0.229533169098217,1222.53638430134,0.82863726001004,5132.62732399214
"5591","con_stand",0.59245700179542,1250.22790069955,0.953385112070334,4961.23712852717
"5592","mix_stand",0.0929729727071685,1270.07737401055,0.707795420178054,4792.06906980013
"5593","deadwood",0.0949631447306576,1247.0172578029,0.703784582481996,4625.36697136625
"5594","mix_stand",0.134914004168398,1205.468527979,0.741444081784265,4461.40726628599
"5595","deadwood",0.0683846633757232,1186.93519201944,0.771975752272972,4300.50363297981
"5596","mix_stand",0.184299753891895,1204.0999169502,0.66232917784926,4143.01215598707
"5597","mix_stand",0.00543054675602598,1240.03058486641,0.439602974518352,3989.33697220079
"5598","mix_stand",0.116117935925173,1221.53893233166,0.44279255711557,3839.93629590398
"5599","dec_stand",0.577813266769637,1198.0728733522,0.773388698752008,3695.32861342018
"5600","dec_stand",0.959220614445839,1175.6635740653,0.968726958927308,3556.09868977277
"5601","dec_stand",0.815331693427495,1142.72262933155,0.879392308588037,3422.90282469942
"5602","dec_stand",0.776437345306396,1107.84724407524,0.842073532732098,3296.47252816339
"5603","dec_stand",0.519497170580737,1082.51432281437,0.664202567597349,3177.6154638646
"5604","dec_stand",0.613218672363046,1064.66522029342,0.827076247854373,3067.21216564628
"5605","dec_stand",0.957611563411207,1051.68188154315,0.97628589248897,2966.20674053846
"5606","dec_stand",0.869656017750355,1036.85175887724,0.946390462558744,2875.58966331343
"5607","dec_stand",0.927199015558608,1025.21395570347,0.934848208886546,2796.371027152
"5608","dec_stand",0.794494027347965,1019.77606926228,0.807184798815092,2729.54345208547
"5609","dec_stand",0.501572480777631,982.952214758871,0.796922586789625,2676.03541040036
"5610","mix_stand",0.812432431073571,936.669744318182,0.910459653170052,2636.65794220141
"5611","mix_stand",0.880175988585,909.652341870225,0.940447116857201,2612.0501940373
"5612","dec_stand",0.880294838316135,894.598182809441,0.914955474839017,2602.63114053797
"5613","dec_stand",0.738378376382129,875.476384151514,0.860136500137696,2608.56531770627
"5614","mix_stand",0.720196558835319,851.392516902389,0.890179032070851,2629.74879128798
"5615","dec_stand",0.395945945534974,854.554233410435,0.614395704665004,2665.81805817872
"5616","dec_stand",0.520050281903453,865.830287892589,0.679084993388427,2716.18015948986
"5617","dec_stand",0.806363635382979,860.871505737305,0.890477663761861,2780.05843891219
"5618","mix_stand",0.755970514249011,856.649074207653,0.859972145811126,2856.54629127011
"5619","dec_stand",0.687567566622735,853.245924531852,0.85866361620908,2944.66127593626
"5620","mix_stand",0.589066338356978,850.264919234142,0.903401384322334,3043.39364382015
"5621","dec_stand",0.551778754527317,844.356720181698,0.875846169790631,3151.74574448689
"5622","dec_stand",0.3903194098786,842.730315374801,0.799385434318636,3268.76110016032
"5623","mix_stand",0.466732185530758,840.798060611659,0.828976006432452,3393.54365631645
"5624","mix_stand",0.655452715469078,825.409152178697,0.91762585845032,3494.10611179173
"5625","dec_stand",0.743917525505897,774.710336272249,0.933711549055945,3633.44983203329
"5626","con_stand",0.666428567930346,765.90342603411,0.92849445768765,3721.59049226923
"5627","deadwood",0.0089922478610231,1244.08171519198,0.740143922641296,8295.49025353461
"5628","deadwood",0.00892409232780091,1238.6349871242,0.826118683047814,8185.28006638143
"5629","deadwood",0.00904176894950632,1230.02629812929,0.793287657732167,7994.25498668945
"5630","con_stand",0.00498771493572568,1227.572828963,0.672992276988869,7803.6822966862
"5631","con_stand",0.0105845378600599,1208.53182275605,0.716213112803542,7613.59596716658
"5632","deadwood",0.0177641275638591,1185.42652042023,0.800178917770157,7424.03335681863
"5633","deadwood",0.0241031937337771,1211.07990079313,0.819861975180429,7235.03563109972
"5634","deadwood",0.106524198292038,1243.03328959467,0.801676542878076,7046.64824236299
"5635","deadwood",0.148599508010235,1278.72836288715,0.780157844561177,6858.92148140809
"5636","deadwood",0.0155876804726218,1309.76992201311,0.787578899837155,6671.91111248176
"5637","deadwood",0.106584766106245,1322.64908234317,0.789668866966368,6485.67910598019
"5638","deadwood",0.0542260439704911,1324.99105272598,0.780215131672653,6300.2944857197
"5639","deadwood",0.0100314266731498,1318.98057800715,0.774058842821963,6115.8343107032
"5640","deadwood",0.00891891877906035,1259.53666135896,0.741590651269334,5932.38481500434
"5641","con_stand",0.114152333724338,1191.91285221934,0.695804453924005,5750.04273364558
"5642","mix_stand",0.244324324042598,1131.7966486597,0.728453761232416,5568.91684731363
"5643","mix_stand",0.21329238269414,1115.78405619253,0.734482233661984,5389.12978447554
"5644","mix_stand",0.0292646131899131,1161.64017393063,0.572605235611003,5210.82012581972
"5645","con_stand",0.321203930463633,1215.30937843416,0.735334151234542,5034.14486297529
"5646","con_stand",0.489262898422833,1249.87426862787,0.852175352651013,4859.28227079455
"5647","con_stand",0.0170710243420508,1260.91783885368,0.778531303061471,4686.43525946136
"5648","con_stand",0.240098279431755,1250.91106172979,0.867876221473885,4515.83527855066
"5649","deadwood",0.362800981977575,1224.50821695164,0.91607263739191,4347.74684784025
"5650","deadwood",0.0806033941118092,1199.77882071638,0.833815850340893,4182.47278661675
"5651","deadwood",0.15727272721726,1203.90997336948,0.854753423930679,4020.36019986571
"5652","con_stand",0.378478942784328,1227.52659989602,0.84619552155548,3861.80724926733
"5653","mix_stand",0.10368550334501,1238.05565641436,0.667335349913682,3707.27067966419
"5654","mix_stand",0.0230221128690741,1229.76807997795,0.602941526598881,3557.27397342744
"5655","dec_stand",0.478139534110284,1204.25114251981,0.728776221699184,3412.41584799995
"5656","dec_stand",0.840663389318808,1165.03771335311,0.823025628155514,3273.37857347049
"5657","dec_stand",0.808599507545993,1130.52894671016,0.82531525263335,3140.93524586546
"5658","dec_stand",0.525883091317453,1112.2692105373,0.76539431885119,3015.9546946317
"5659","dec_stand",0.887911546288896,1104.66062143687,0.916668115380502,2899.40214342462
"5660","dec_stand",0.952734128404046,1095.51494283334,0.951526373306361,2792.33315103475
"5661","dec_stand",0.879852577952407,1074.68886421822,0.930341599120115,2695.87789621225
"5662","dec_stand",0.851646190161384,1062.34549977445,0.905082768410517,2611.21282243221
"5663","dec_stand",0.780791953543235,1052.51141898337,0.801923740371865,2539.51742356546
"5664","dec_stand",0.840466828366938,1012.20649554278,0.891134696232306,2481.9159238287
"5665","dec_stand",0.823734641450409,960.625414724139,0.930010260066763,2439.40692158979
"5666","dec_stand",0.937649274775249,924.6884310259,0.961777078775697,2412.78825697879
"5667","dec_stand",0.779213757325119,899.39661739265,0.866788413924799,2402.58814295943
"5668","mix_stand",0.512859835213906,879.212097858499,0.696791909616335,2409.01514401768
"5669","dec_stand",0.697567566561099,867.232744034151,0.861645658017669,2431.93743983124
"5670","dec_stand",0.670024568654359,872.462915219019,0.724994849971969,2470.89599661946
"5671","dec_stand",0.71426775486757,887.606671921342,0.859269023025882,2525.14869040873
"5672","mix_stand",0.915110562806743,898.990585852021,0.968447161266347,2593.73598481363
"5673","mix_stand",0.975331692702391,898.351919113272,0.969024975502667,2675.55571364882
"5674","mix_stand",0.781797609895487,900.560717244031,0.900914294428604,2769.43531472016
"5675","mix_stand",0.663980343070165,898.606617695576,0.789926268581383,2874.19329823701
"5676","mix_stand",0.628912632300335,876.169145335947,0.866349971815148,2988.68597154019
"5677","mix_stand",0.38250614305917,860.773320528447,0.848430724388918,3111.83902619387
"5678","con_stand",0.599803438661872,839.732134732333,0.848232795283569,3242.66587563395
"5679","mix_stand",0.780516349830746,816.810878944069,0.955285041036786,3380.27564033659
"5680","dec_stand",0.566580975921418,782.3058547516,0.932177140427739,3523.87377694832
"5681","open",0.208000000246934,773.292195638021,0.984928715796698,3630.45297544907
"5682","deadwood",0.00602924629325137,1231.95529343012,0.755737126761936,8301.07023401875
"5683","deadwood",0.00428396570091586,1224.77805458172,0.832753145216874,8128.81439728576
"5684","deadwood",0.00574162673276435,1216.67876496383,0.769031431312053,7936.43023683594
"5685","con_stand",0.00478468894174224,1215.93404932342,0.698342722181106,7744.43464129285
"5686","con_stand",0.0192411259509796,1199.12801552519,0.708973425354996,7552.85724297635
"5687","con_stand",0.0511483253875489,1173.10152563068,0.795547415417704,7361.73069072182
"5688","con_stand",0.026004784410757,1201.24401738655,0.786729231601554,7171.09103296337
"5689","con_stand",0.0461444307114095,1231.39682742694,0.745503010212317,6980.97815881042
"5690","deadwood",0.195645932491387,1258.33477388957,0.836804399489643,6791.43630720927
"5691","deadwood",0.0838678086101279,1284.6107405589,0.789167404019774,6602.51465627487
"5692","deadwood",0.0172009567538517,1296.73906879334,0.81181564660627,6414.26800719533
"5693","deadwood",0.0315311002906002,1298.9965670645,0.833696034910719,6226.75758001521
"5694","deadwood",0.026364748935002,1293.65508129255,0.817262880786834,6040.05194205653
"5695","mix_stand",0.0152631577139979,1251.38246855667,0.601962046356845,5854.22809390681
"5696","mix_stand",0.31196172179378,1184.02811362527,0.686234910339652,5669.37274295372
"5697","mix_stand",0.700758873171548,1122.77280772476,0.848679042340346,5485.58380046183
"5698","mix_stand",0.361363635411816,1081.52922970712,0.743714339647923,5302.9721454566
"5699","dec_stand",0.46744185952399,1114.22251027363,0.651239682449486,5121.66370717031
"5700","mix_stand",0.185574162243442,1178.02714662689,0.605004391704272,4941.8019277832
"5701","con_stand",0.115382774465642,1240.47247037021,0.669422886962668,4763.5506786166
"5702","con_stand",0.14798041577183,1252.90880817241,0.765314659489047,4587.09771558059
"5703","con_stand",0.387799041960656,1244.10023016679,0.883856855724987,4412.65877300919
"5704","deadwood",0.306531099669421,1223.15072661039,0.827527058868932,4240.48240792477
"5705","deadwood",0.092019583656016,1194.92882860013,0.805403554171433,4070.85571680073
"5706","deadwood",0.0189473682381747,1189.33861881238,0.679963257985911,3904.1110501935
"5707","con_stand",0.235324357224758,1201.68758890066,0.739957911426354,3740.63384035621
"5708","dec_stand",0.378803827028953,1209.71378461482,0.710914740873652,3580.87162198389
"5709","dec_stand",0.388062200018842,1210.85427250474,0.713885033583384,3425.34424967205
"5710","mix_stand",0.264773561287503,1216.05965375959,0.707515441533292,3274.65517184254
"5711","dec_stand",0.651937798044364,1187.3167636269,0.779712088593242,3129.50337438771
"5712","dec_stand",0.750669855539772,1150.03858341783,0.84602453043622,2990.69521285287
"5713","dec_stand",0.519706242506916,1138.6806733261,0.766254010023219,2859.15476183381
"5714","dec_stand",0.886459328390159,1147.5360236647,0.899016209855747,2735.93049219414
"5715","dec_stand",0.926389227522083,1137.3159092281,0.946470365703398,2622.19506790448
"5716","dec_stand",0.844712917104756,1109.18091703716,0.930573220939585,2519.23399075574
"5717","mix_stand",0.821435404264114,1091.05679292086,0.923789692478266,2428.41809337262
"5718","dec_stand",0.612778456405152,1070.13161869119,0.779537385856252,2351.15515911801
"5719","dec_stand",0.825598084029149,1024.66873796819,0.900763740308547,2288.81810947322
"5720","dec_stand",0.823110045998861,974.679054333262,0.909083838792937,2242.65193559406
"5721","con_stand",0.895201956873789,938.195094282508,0.974686429214594,2213.6686021483
"5722","dec_stand",0.817703347826938,914.256516634562,0.892064792866057,2202.54654116217
"5723","dec_stand",0.786609545637337,898.703395474643,0.854087797799484,2209.55548962971
"5724","dec_stand",0.773229663946519,892.109551534698,0.832827059797158,2234.52484153178
"5725","dec_stand",0.625191386129582,894.075733166562,0.769386628767449,2276.86378226409
"5726","dec_stand",0.808176252794893,913.376251407469,0.898344150257629,2335.62790453128
"5727","con_stand",0.941698562300376,937.33313557748,0.978754631925428,2409.61580832497
"5728","mix_stand",0.955502390701092,945.272937391363,0.97656395443176,2497.47484249077
"5729","mix_stand",0.911211747603179,961.142453439962,0.906300351210622,2597.79799904682
"5730","dec_stand",0.79153109880601,950.233193977027,0.767657187629188,2709.20097236313
"5731","dec_stand",0.784186045302938,905.259992321673,0.884691251735938,2830.37576714709
"5732","dec_stand",0.748899519603931,879.059227829345,0.888735518857623,2960.12257645654
"5733","dec_stand",0.513803826867821,843.146964588804,0.855367784290329,3097.36435729369
"5734","dec_stand",0.58953020042246,815.020891944834,0.948910819732842,3241.14915820818
"5735","dec_stand",0.571107380698441,792.990996956025,0.935919563617282,3390.64468492927
"5736","dec_stand",0.651333332806826,773.595682779948,0.964416576425234,3511.23368249558
"5737","deadwood",0.00316831676086577,1219.92845591932,0.753355842710722,8372.52296231974
"5738","deadwood",0.00389993577392687,1217.82202258058,0.770478549120067,8270.86572041109
"5739","deadwood",0.00460087987966016,1206.07895417276,0.818193450092445,8076.91016940843
"5740","deadwood",0.00764127756658877,1195.06837669579,0.776342824623172,7883.25932954638
"5741","con_stand",0.00385749379415477,1199.97349237166,0.727439402270815,7689.93622090806
"5742","con_stand",0.0293903202052614,1184.12552909923,0.761832720646313,7496.96619699834
"5743","deadwood",0.0713022112370416,1155.90364175932,0.788219772837598,7304.37724168121
"5744","con_stand",0.00872235864181191,1185.23993917179,0.766312179716272,7112.20031151785
"5745","con_stand",0.0044500313741392,1211.11482972457,0.755858892880469,6920.46973160098
"5746","con_stand",0.0461670759955481,1234.00295915533,0.797093488019719,6729.22365458089
"5747","con_stand",0.0254431173186644,1253.25132190409,0.74804193318115,6538.50459457188
"5748","con_stand",0.0684029482652866,1253.8143145587,0.743620455319963,6348.36005008763
"5749","con_stand",0.0477395573269384,1254.10358490815,0.733772401489702,6158.84323313527
"5750","mix_stand",0.0198617220430686,1265.1533196987,0.746352274099624,5970.01392523963
"5751","mix_stand",0.033488943358238,1244.08239806079,0.637981654577305,5781.93948577639
"5752","con_stand",0.261302211012975,1189.44297261906,0.616165002904082,5594.69604350804
"5753","dec_stand",0.695109992413907,1121.11589551886,0.818121940993349,5408.36990910661
"5754","mix_stand",0.457862406392428,1062.8935480891,0.823585222996954,5223.05925493601
"5755","mix_stand",0.41131363863431,1073.96074499565,0.638626164418957,5038.87611872008
"5756","mix_stand",0.365331694675971,1135.61111000305,0.561451659826173,4855.9488003259
"5757","mix_stand",0.160196559705042,1199.36964870144,0.646592526854512,4674.42473629923
"5758","con_stand",0.399748584413626,1222.31800628413,0.849744019925707,4494.47395493557
"5759","deadwood",0.332948402206457,1211.38177250293,0.825136259326332,4316.29323612189
"5760","mix_stand",0.41724815636562,1184.89421790121,0.812286589752324,4140.11112424419
"5761","con_stand",0.690559394737222,1164.74635753236,0.900138577374926,3966.19396831234
"5762","con_stand",0.0512530709587092,1168.86719064923,0.75149414900013,3794.85318816826
"5763","con_stand",0.282740414671783,1179.52308164701,0.804918507738057,3626.45398391975
"5764","dec_stand",0.54312039175842,1165.38485597803,0.72655797594156,3461.42570734476
"5765","dec_stand",0.706756755906439,1152.22358362446,0.84271222543365,3300.27408099443
"5766","dec_stand",0.727668131801746,1157.72119178988,0.878856124366926,3143.59535311739
"5767","dec_stand",0.813095821488731,1162.1203236123,0.920207792046395,2992.09226642482
"5768","mix_stand",0.601965600569762,1136.58602905273,0.8831443433794,2846.59132466264
"5769","mix_stand",0.573500941331322,1136.56733317108,0.911188898402951,2708.06016563337
"5770","mix_stand",0.777125305132323,1162.13471801158,0.937843356821549,2577.62278153664
"5771","mix_stand",0.84807039472309,1152.68686617043,0.92415856043173,2456.56878577757
"5772","mix_stand",0.924570022320205,1109.05422636215,0.956227126922596,2346.35096410451
"5773","mix_stand",0.871425059200688,1082.99553498589,0.944201668847984,2248.56335164911
"5774","dec_stand",0.920703957523474,1055.81227795633,0.972115389136381,2164.89101298896
"5775","mix_stand",0.856289925094904,1013.91588448189,0.933293078729713,2097.02424925357
"5776","mix_stand",0.617297296515261,977.562643027716,0.859665302289718,2046.53608760806
"5777","con_stand",0.758868634667994,953.659964090919,0.934488183031436,2014.73344784727
"5778","mix_stand",0.861302209423091,940.906486492485,0.925844620812584,2002.50678548746
"5779","dec_stand",0.893576364901027,928.99927014843,0.928247634230134,2010.21333146864
"5780","mix_stand",0.828427516541808,921.45846591359,0.897056201605598,2037.62692908529
"5781","mix_stand",0.830712529370694,916.37931718756,0.913812762561096,2083.97001376399
"5782","con_stand",0.853978627385357,938.609670508365,0.96004104595526,2148.01773419165
"5783","con_stand",0.934791152720186,968.509923011724,0.975137267545488,2228.24392886449
"5784","con_stand",0.946683044446957,974.257875747118,0.97269730489582,2322.97298275457
"5785","con_stand",0.886712757490065,989.52010546384,0.902011860421924,2430.50974132146
"5786","dec_stand",0.688624076760335,968.233741966454,0.752797429873185,2549.23388072673
"5787","dec_stand",0.897473285678308,910.028271591791,0.91397672914095,2677.65770899984
"5788","mix_stand",0.88687960422742,871.687047260106,0.969379466347378,2814.45374564989
"5789","dec_stand",0.87830466678691,844.02129950746,0.915533763367948,2958.46085289747
"5790","dec_stand",0.880477685113698,808.229258289733,0.914709661027158,3108.67705008854
"5791","mix_stand",0.736339065125006,774.03702779484,0.946402947187277,3264.2452477162
"5792","open",0.142908837524403,755.223172181832,0.988133395804908,3424.43611775613
"5793","mix_stand",0.907257522988977,755.743695721578,0.950024960903942,3586.67758638658
"5794","mix_stand",0.556382975897732,744.559946100763,0.869736446582891,3711.28515654729
"5795","deadwood",0.000235294112387825,1225.86839527803,0.748306009699317,8335.3209931629
"5796","deadwood",0.00169533166659113,1223.06846592409,0.783628319291723,8224.72592719768
"5797","deadwood",0.00289126331048668,1207.87538830789,0.80155994001797,8029.65584758202
"5798","deadwood",0.0138574937536983,1187.98366574749,0.667452321280279,7834.83702308847
"5799","deadwood",0.0270515967947625,1160.83340056698,0.755121530429517,7640.28867391465
"5800","deadwood",0.00993086100748543,1146.03344864668,0.792935883170924,7446.03200085445
"5801","mix_stand",0.0388452086817354,1127.76518583181,0.752437205211756,7252.09044271744
"5802","mix_stand",0.0267076163669403,1155.2879625925,0.720483570650256,7058.48997417667
"5803","con_stand",0.0762790692566252,1177.70300760994,0.773121746763877,6865.25945149503
"5804","con_stand",0.0862899259309438,1194.7341829717,0.806422656452334,6672.43101513112
"5805","con_stand",0.187806410671667,1189.49398487218,0.761431359724006,6480.04056017798
"5806","mix_stand",0.210270269460409,1133.50273975869,0.624775539323944,6288.1282879736
"5807","mix_stand",0.249557738940641,1142.3352475178,0.711833527224729,6096.73935517691
"5808","dec_stand",0.264563167492299,1191.74103477569,0.748802844100145,5905.92464043084
"5809","dec_stand",0.534496313624578,1210.0965966077,0.835545321555776,5715.74165322612
"5810","con_stand",0.164840294432618,1183.53828021525,0.587822361354984,5526.25561559253
"5811","mix_stand",0.435399119014601,1119.31374533202,0.693843120827306,5337.54075448701
"5812","dec_stand",0.66619164471947,1043.06849456712,0.810623590479758,5149.68185203716
"5813","dec_stand",0.449076050907692,1042.32583938493,0.666878371203867,4962.77611252363
"5814","dec_stand",0.631572480160166,1103.82436893847,0.741254622185333,4776.9354196279
"5815","dec_stand",0.382850122365744,1156.30043828341,0.659319343374864,4592.28907604694
"5816","mix_stand",0.506499055972045,1181.31475227783,0.765187559772276,4408.98714072446
"5817","mix_stand",0.752334150840375,1173.08201730339,0.894200840484378,4227.20450777363
"5818","dec_stand",0.834029482448753,1139.4492977058,0.902678182527093,4047.14590648749
"5819","mix_stand",0.483670646438315,1122.72844081761,0.776619306334079,3869.05204418496
"5820","mix_stand",0.597051595948655,1137.03188149642,0.841150361650992,3693.20716277637
"5821","mix_stand",0.373299810138609,1147.58349747481,0.786792754003044,3519.94833315628
"5822","dec_stand",0.558427517437342,1127.51631055827,0.757000967228662,3349.67686252171
"5823","dec_stand",0.436683046180727,1114.08246456962,0.756696243305903,3182.87222376949
"5824","mix_stand",0.417925832206577,1124.59760238868,0.82885788492554,3020.10890477094
"5825","mix_stand",0.720122848456629,1124.11742646688,0.913363714045696,2862.07646557194
"5826","mix_stand",0.69459459238688,1103.85036624093,0.888241787800332,2709.60279139822
"5827","mix_stand",0.7328472636139,1107.23905387605,0.891868301677224,2563.67988910279
"5828","dec_stand",0.841056509465162,1132.23897625597,0.949690677939527,2425.49037405965
"5829","dec_stand",0.902023882165523,1131.188458532,0.94684426500541,2296.4307587522
"5830","dec_stand",0.892825550841355,1082.31848399469,0.942224429998117,2178.12456003951
"5831","dec_stand",0.868452086797584,1037.69687523244,0.934526754355548,2072.41421114364
"5832","dec_stand",0.712155875504616,1010.07154129767,0.866312713508034,1981.31683994077
"5833","con_stand",0.676363635199552,991.562006470027,0.878074038142215,1906.92786231962
"5834","con_stand",0.613931202684376,968.1817171064,0.90572744450493,1851.26254704662
"5835","con_stand",0.743859206497819,954.469599965381,0.920791838376646,1816.0434626541
"5836","dec_stand",0.615036853833962,954.052443895645,0.812544233383066,1802.46952610175
"5837","dec_stand",0.587203016231863,942.171449211691,0.784148693075351,1811.02750418532
"5838","mix_stand",0.363636362991074,930.157554345283,0.78777636016012,1841.4088474338
"5839","con_stand",0.601867320469102,930.075691054436,0.899640677949867,1892.56285496104
"5840","dec_stand",0.542501570222552,948.351016712968,0.932235555331112,1962.8661367064
"5841","con_stand",0.857592135319985,972.536771694624,0.976456249814654,2050.34984218121
"5842","mix_stand",0.742506141474594,985.623170294984,0.932803547151698,2152.92061490319
"5843","dec_stand",0.668434945467244,991.28150073902,0.805756812675204,2268.53291068155
"5844","dec_stand",0.655208844165215,958.969802481536,0.75329450594664,2395.29907394244
"5845","mix_stand",0.798843492653706,900.771460820263,0.899426716330065,2531.54408107362
"5846","mix_stand",0.663488942406687,852.169666787037,0.9300812753581,2675.82041796404
"5847","mix_stand",0.678452086934696,818.005951752534,0.912255090416503,2826.89866778696
"5848","mix_stand",0.823482085077887,782.026939176299,0.952785206208208,2983.74579021593
"5849","con_stand",0.878280095966574,755.727200069943,0.960430648754504,3145.49892660672
"5850","con_stand",0.789729727798254,741.535356638766,0.925742407499388,3311.43922605449
"5851","mix_stand",0.929956000361482,750.625421031326,0.969366326544136,3480.96792463499
"5852","con_stand",0.864326017132747,733.402853039589,0.938332032433311,3653.58554446417
"5853","dec_stand",0.184910568522244,729.867412337637,0.749952954910998,3827.43306694496
"5854","dec_stand",0.479999996721745,720.676635742188,1,3897.67305101091
"5855","deadwood",0.00249999994412065,1229.22285461426,0.71298415462176,8298.1127507149
"5856","deadwood",0.00626658235011188,1224.53059746748,0.74267372066321,8183.21784400029
"5857","deadwood",0.00253928342212453,1213.84263840057,0.758287383310174,7987.13397101953
"5858","deadwood",0.00857493844734509,1195.96085681962,0.703927877008988,7791.2518632335
"5859","mix_stand",0.208845208373827,1173.1118976115,0.754941337670975,7595.58713058551
"5860","deadwood",0.0291640475242487,1149.08798039387,0.721300844901542,7400.15701569293
"5861","deadwood",0.0231203929239687,1140.98171772125,0.686952370555307,7204.98061011772
"5862","mix_stand",0.18125307061126,1108.01738789626,0.755114508669192,7010.07910540295
"5863","mix_stand",0.163746071041642,1103.8324352099,0.782605486488207,6815.47608553128
"5864","mix_stand",0.126068795841251,1099.97036803149,0.731333333671697,6621.19786877497
"5865","mix_stand",0.0722313010181218,1083.94837285107,0.72058276437799,6427.27390882443
"5866","mix_stand",0.0421375920195178,1037.52315504369,0.819556900714261,6233.73726725831
"5867","mix_stand",0.0806879604770745,1056.26241278121,0.673346806738608,6040.625172272
"5868","mix_stand",0.0617976113451419,1112.07113062429,0.579909642183091,5847.97968217606
"5869","mix_stand",0.299950859420166,1122.34049819084,0.667624114282631,5655.84847665566
"5870","mix_stand",0.223513512879024,1096.78637762796,0.587283770382148,5464.28580467054
"5871","mix_stand",0.391753613176135,1065.29293667873,0.650679231139566,5273.35362514773
"5872","dec_stand",0.57383292280046,1004.52845775407,0.791401743142882,5083.12298622291
"5873","mix_stand",0.238491514127521,998.056221128184,0.519773909792838,4893.67570101834
"5874","dec_stand",0.740638818939649,1058.3687738517,0.806573710685793,4705.10639378689
"5875","dec_stand",0.75046682863494,1101.48678558874,0.84543305431797,4517.52501082403
"5876","dec_stand",0.810207415159059,1123.47810644777,0.870901931969345,4331.05991720296
"5877","mix_stand",0.864496312783779,1121.67473195519,0.906396090673141,4145.86173500683
"5878","dec_stand",0.866289924253556,1089.93980951333,0.897815727832423,3962.10812340738
"5879","mix_stand",0.260942802633938,1077.45590046919,0.688374652681225,3780.00975841709
"5880","con_stand",0.865233413257272,1102.77880289514,0.93844420709979,3599.8178429287
"5881","con_stand",0.772168445922458,1110.25585323696,0.890522601936389,3421.83356800829
"5882","dec_stand",0.622923831576687,1082.88827289703,0.785332416012627,3246.42005420882
"5883","dec_stand",0.523710072370068,1070.71769673116,0.762267595683327,3074.01742121347
"5884","mix_stand",0.584362035143083,1098.55127190974,0.751684180141844,2905.16174761362
"5885","con_stand",0.625036853335853,1110.14998219933,0.787337782904872,2740.50874655772
"5886","con_stand",0.782358720816251,1082.15170490537,0.917819958555464,2580.86290538669
"5887","mix_stand",0.601307352947447,1079.38814830001,0.831426314396127,2427.21243798789
"5888","con_stand",0.909950857963733,1112.94633937526,0.947035193370074,2280.76935223591
"5889","con_stand",0.969126333668126,1128.28118585746,0.964657251786916,2143.01171096186
"5890","mix_stand",0.959754297793534,1088.75044351714,0.965826925247249,2015.7210334682
"5891","mix_stand",0.901277639310468,1047.19114756291,0.955950536163345,1901.00108164831
"5892","mix_stand",0.891363920832415,1016.64876999007,0.936197425924256,1801.25530569531
"5893","con_stand",0.938083536428667,990.998623784696,0.96311743103462,1719.09219541957
"5894","mix_stand",0.952162160082773,969.490242810449,0.970902495104499,1657.12914782764
"5895","mix_stand",0.612696416263944,948.994151213123,0.910958107502336,1617.68902603901
"5896","con_stand",0.548525797601341,945.865508845749,0.792489788977827,1602.43573771306
"5897","mix_stand",0.426021369025439,941.112987045969,0.695911145229934,1612.05599721772
"5898","deadwood",0.450638819238771,926.726620948285,0.801555167210886,1646.11376245605
"5899","con_stand",0.758452087425666,931.58751455396,0.935513966847257,1703.14363335435
"5900","con_stand",0.488522940353355,935.712369965578,0.884770391741914,1780.94011376342
"5901","mix_stand",0.469754299258754,953.208730036855,0.836665301599725,1876.92271494098
"5902","dec_stand",0.605528254579085,970.924963536368,0.807446459594299,1988.45965585735
"5903","dec_stand",0.653123820412466,975.272767417615,0.715439826744128,2113.08931759476
"5904","dec_stand",0.672334151218945,951.03424001033,0.713671149512071,2248.63577782689
"5905","dec_stand",0.900590821281122,892.036393564201,0.92208527171859,2393.24486723343
"5906","mix_stand",0.810098278992958,835.076669341516,0.949263753044517,2545.37244106787
"5907","con_stand",0.887911546536028,793.764709997529,0.961542838694715,2703.74970530814
"5908","con_stand",0.722011312041584,762.931456637188,0.94251804363795,2867.34124410345
"5909","con_stand",0.758181816909728,742.161510308193,0.875668684251181,3035.30408481117
"5910","con_stand",0.913316951346119,729.478195940247,0.961785550016443,3206.95146523515
"5911","mix_stand",0.88364550378115,737.291242770921,0.931271905094704,3381.72237911272
"5912","open",0.346630035862054,720.884599343324,0.969758133775804,3559.15671674298
"5913","dec_stand",0.190860927302316,720.385677312384,0.793621381683065,3756.76532929832
"5914","deadwood",0.0247474745800248,1222.0473540335,0.830335287095019,8137.37710559225
"5915","deadwood",0.0105732482472423,1211.88983387552,0.771920700361774,7949.42049040397
"5916","deadwood",0.00469287462459296,1194.84958725538,0.805654180284214,7752.58544217071
"5917","deadwood",0.0349877148601215,1175.93368957669,0.753440747911646,7555.91938295331
"5918","con_stand",0.039094908653491,1168.87152863028,0.759083576907833,7359.43586043368
"5919","con_stand",0.00552825550079639,1167.56102428389,0.718307012779048,7163.14989544199
"5920","con_stand",0.094742014427516,1139.8631204891,0.744292155219384,6967.07818557359
"5921","mix_stand",0.0426649903207736,1108.03856493496,0.597770564527368,6771.23934311441
"5922","mix_stand",0.0198280097326351,1078.16151956844,0.615515183282133,6575.65417415949
"5923","deadwood",0.108309239308314,1051.03602462951,0.738736459330932,6380.3460073194
"5924","deadwood",0.160196559673006,1030.13308678329,0.817017751221868,6185.34108247684
"5925","deadwood",0.0746683042121168,1023.02325169519,0.804332353504196,5990.66901259995
"5926","mix_stand",0.108108107944205,1030.60857513639,0.638258086218915,5796.36333479962
"5927","mix_stand",0.060810810366888,1040.44323681731,0.557759154455265,5602.46217104305
"5928","mix_stand",0.168992628817074,1019.49509919188,0.587049766633596,5409.00902434063
"5929","dec_stand",0.526159647292569,987.431498030609,0.744019121727728,5216.05374313478
"5930","dec_stand",0.848181816330523,957.211501400359,0.930062894299809,5023.65369582611
"5931","mix_stand",0.398491513918287,954.465876629036,0.679645765565762,4831.87520930687
"5932","dec_stand",0.592260440697102,1001.22195831974,0.809586839333945,4640.7953412612
"5933","dec_stand",0.761326780236104,1028.17494347875,0.891177894552158,4450.50407696179
"5934","dec_stand",0.863959772056899,1041.21303548279,0.928856497774478,4261.10706941166
"5935","mix_stand",0.940294837684391,1053.18904473682,0.953404274652426,4072.72907929212
"5936","mix_stand",0.940810809012603,1038.33384959528,0.941296194105681,3885.51832166633
"5937","mix_stand",0.748786924386984,1038.86089382016,0.890419149983236,3699.65199458419
"5938","con_stand",0.959606877214639,1061.76618009,0.965822279856012,3515.34335625763
"5939","con_stand",0.956480198999308,1069.7799340805,0.961439055440412,3332.85084005599
"5940","dec_stand",0.65044225934957,1044.14234740611,0.821647151169671,3152.48985883438
"5941","con_stand",0.704422603400209,1020.88327168833,0.855043662835544,2974.64816009049
"5942","dec_stand",0.820213700318621,1046.55388115308,0.855320498721919,2799.80585414337
"5943","dec_stand",0.819631448162019,1059.82542760601,0.850701598272057,2628.56153508229
"5944","mix_stand",0.884103192291074,1044.39068862203,0.92333972529126,2461.66619280195
"5945","dec_stand",0.822250155384326,1041.2618773033,0.895271813640948,2300.06672165998
"5946","mix_stand",0.947665845828831,1077.76500010198,0.95752405840217,2144.96041493106
"5947","dec_stand",0.973450658869848,1115.67589748917,0.973258737083653,1997.86015961139
"5948","mix_stand",0.906732185146513,1116.74384519685,0.936756372653149,1860.66574948458
"5949","dec_stand",0.789410317705656,1078.03152090911,0.849398727215259,1735.7276927615
"5950","con_stand",0.920829665587804,1032.53233363297,0.953218320811941,1625.8739169146
"5951","mix_stand",0.927813266795266,997.915412771614,0.967476044005785,1534.34779047725
"5952","mix_stand",0.978599507082483,964.885121038563,0.985670345567661,1464.58938570577
"5953","deadwood",0.567994970601171,938.044077242043,0.905097685655957,1419.81082311175
"5954","dec_stand",0.632186730714922,932.95173536296,0.809009717983315,1402.40695101018
"5955","mix_stand",0.643695786923151,925.115798614521,0.883386475542744,1413.38937209674
"5956","con_stand",0.822506140432428,909.743689047324,0.952255063838982,1452.11416774074
"5957","dec_stand",0.533513512984101,919.801574931977,0.804016314803895,1516.45750788485
"5958","mix_stand",0.260565681353745,924.070973221871,0.714539871429925,1603.33807051001
"5959","dec_stand",0.486732185655788,944.77364231269,0.772929483356471,1709.32277277015
"5960","dec_stand",0.447739557260121,967.663143186077,0.750426178383904,1831.09734659325
"5961","dec_stand",0.353538654384038,979.682271960994,0.574153936545919,1965.72948848713
"5962","dec_stand",0.599754298339239,950.714096856644,0.690660230349749,2110.76032014872
"5963","dec_stand",0.905870519667433,901.06044774562,0.93548976771866,2264.19248614334
"5964","dec_stand",0.925503683411482,834.584657748735,0.952310145578601,2424.43145447801
"5965","dec_stand",0.625282554624085,788.971268562486,0.881074230870831,2590.2142611337
"5966","dec_stand",0.397510998559815,761.813868438126,0.884751446147073,2760.54229050057
"5967","con_stand",0.747739556087616,740.851707552223,0.927249499068067,2934.62422375005
"5968","con_stand",0.670810809011139,721.176262445473,0.904570500680454,3111.83012221488
"5969","mix_stand",0.80187499854115,717.344331060137,0.913343999435061,3291.65548961725
"5970","con_stand",0.678348908160242,711.628506241558,0.877095614104473,3473.69353757845
"5971","con_stand",0.85859531451976,709.858329543302,0.948768694925567,3652.60204603555
"5972","con_stand",0.866042293124239,702.362652458813,0.97403851520619,3805.04850312282
"5973","dec_stand",0.0129151290138269,1211.38818111631,0.675254312833613,7901.85461969035
"5974","con_stand",0.016251541095362,1202.56528097545,0.74703023971303,7718.91168695066
"5975","mix_stand",0.00590909084385377,1191.23851575349,0.697139417373856,7521.36508474495
"5976","con_stand",0.00731946134910152,1185.73539466811,0.759568813973935,7323.95451007336
"5977","con_stand",0.0129425837814309,1178.74623224724,0.707412127788629,7126.69126689805
"5978","con_stand",0.0534928228091181,1161.32699628766,0.737221546627082,6929.58793740694
"5979","mix_stand",0.00127294978794882,1159.50909222121,0.663986625877121,6732.65856636712
"5980","mix_stand",0.00693779897711209,1148.9685589366,0.578712607831939,6535.91887807628
"5981","mix_stand",0.00944920428179323,1109.77191498288,0.712960609771776,6339.38653268232
"5982","mix_stand",0.0466507176275958,1057.59960703873,0.645250856974407,6143.0814304497
"5983","mix_stand",0.0858851672199212,1029.10337457246,0.616817702361022,5947.02607459739
"5984","mix_stand",0.129596082806004,1003.57969693542,0.666160511580208,5751.24600614008
"5985","mix_stand",0.169401913774356,979.407617924886,0.705995879149394,5555.77032775339
"5986","mix_stand",0.410550238172475,959.067016711075,0.782587952876205,5360.63233832817
"5987","mix_stand",0.504039166643395,943.476549015489,0.841864875637478,5165.87030606629
"5988","con_stand",0.779617223362817,935.333593779203,0.917218401368583,4971.52841607209
"5989","mix_stand",0.614785800442884,924.830310424655,0.79694878701189,4777.65793929217
"5990","dec_stand",0.383133970508486,959.606112502979,0.64822352343934,4584.318684193
"5991","dec_stand",0.636004783106192,974.160925030138,0.821413029965602,4391.58081241191
"5992","dec_stand",0.586658505579249,968.487729020043,0.788626718705331,4199.52712646616
"5993","con_stand",0.891387557909427,982.36431913969,0.945755038000465,4008.25597488492
"5994","mix_stand",0.922464112706625,993.945047259901,0.96273620865134,3817.88497138833
"5995","mix_stand",0.934981637510085,992.816463176302,0.970435165954045,3628.55579667284
"5996","con_stand",0.964330141820263,999.6322717621,0.972487573632213,3440.4404521268
"5997","con_stand",0.969106485171191,1009.62742145963,0.967679717403585,3253.74947712786
"5998","dec_stand",0.89988038090891,1002.65437955719,0.931798589643109,3068.74284283087
"5999","mix_stand",0.742200955761926,981.486980310467,0.89329889876563,2885.74451938089
"6000","con_stand",0.959314563702632,991.665243496656,0.975119933905479,2705.16211104751
"6001","con_stand",0.973468897748364,993.837374673506,0.96448801429363,2527.51349811016
"6002","dec_stand",0.890047845252429,985.26312149997,0.895483334473018,2353.46313745779
"6003","dec_stand",0.844798040183003,984.93471244149,0.903818111360584,2183.87151997878
"6004","dec_stand",0.956913874569264,1026.69531169691,0.965445194446869,2019.86205279237
"6005","dec_stand",0.960660953398434,1063.04938364204,0.961205238300846,1862.90966741843
"6006","mix_stand",0.98607655407852,1083.66401927893,0.970593334955462,1714.95305058972
"6007","dec_stand",0.862607653676109,1089.16911753969,0.918293946970735,1578.5237795457
"6008","dec_stand",0.932656057311206,1040.1347261053,0.956067014134499,1456.8639262232
"6009","dec_stand",0.948253587293817,986.003601183732,0.970546049988298,1353.96067023334
"6010","dec_stand",0.973277510518128,943.676081826242,0.988037765133039,1274.36584762884
"6011","mix_stand",0.772435738747276,913.976333001836,0.892519793674952,1222.64015585193
"6012","mix_stand",0.816913873616731,907.169724094811,0.879508076208915,1202.38571508004
"6013","deadwood",0.48778457676985,904.527132891091,0.88365026531488,1215.17722368671
"6014","con_stand",0.695023922347709,890.112554960844,0.918832085701374,1260.00864366122
"6015","dec_stand",0.415909090404662,903.785616349946,0.647455229004511,1333.652765611
"6016","dec_stand",0.233806609309471,914.795976729842,0.543586817283338,1431.67015625493
"6017","dec_stand",0.648062199906727,927.733494042209,0.830780453109918,1549.44215553705
"6018","dec_stand",0.640430620559558,946.292900742526,0.871719104957513,1682.82630426902
"6019","dec_stand",0.483965727383205,960.87846279261,0.672572745190366,1828.40902624425
"6020","dec_stand",0.528899520537571,936.404349550676,0.628687421031492,1983.50613411745
"6021","dec_stand",0.81236229962333,888.081212093956,0.892207926460696,2146.05578231356
"6022","dec_stand",0.827751194068975,836.909105693324,0.900797351160973,2314.48829709902
"6023","dec_stand",0.758038276155885,785.811825546922,0.907164215595956,2487.6090034203
"6024","con_stand",0.810602407701687,755.085621255065,0.97515055765891,2664.50424098492
"6025","con_stand",0.7615229868405,736.752530196617,0.954791637929692,2845.49779807891
"6026","con_stand",0.77289256007095,722.374130795481,0.95335058399961,3039.85719038748
"6027","con_stand",0.725333329041799,714.101733398438,0.95021147330602,3168.0884649686
"6028","con_stand",0.697003919926344,722.243206188725,0.888373709297648,3406.75186294369
"6029","con_stand",0.484338233932195,721.823503307268,0.832941581434616,3585.684262348
"6030","con_stand",0.753950337170882,708.046560868722,0.939699492860863,3740.37744519466
"6031","con_stand",0.00836923071971306,1211.27672551082,0.751118968541806,7669.99587095339
"6032","con_stand",0.0076308539214213,1203.89199787066,0.785345346105,7491.99499693048
"6033","con_stand",0.00771841598355043,1194.1354506305,0.768129512901804,7293.78944232552
"6034","con_stand",0.0035135134807456,1184.49290432567,0.806967124516826,7095.68754147623
"6035","con_stand",0.00103194102260492,1172.12820697006,0.854614790721227,6897.69822519839
"6036","con_stand",0.00583280952170838,1171.13038429054,0.770462516294868,6699.83147458978
"6037","con_stand",0.00314496309297384,1187.34274374472,0.652724612687305,6502.0984791198
"6038","mix_stand",0.00578252663970518,1184.37052843632,0.531737663181959,6304.51182398661
"6039","mix_stand",0.177272727108888,1123.61247976992,0.616868681894473,6107.08571314493
"6040","dec_stand",0.41002456918908,1063.34736659544,0.730705207062734,5909.83623621317
"6041","mix_stand",0.167793840160541,1026.40766221004,0.732782715665777,5712.78168953808
"6042","mix_stand",0.226732186030331,995.886106711348,0.719145725492653,5515.94296453732
"6043","mix_stand",0.334176903650055,966.692021737813,0.79325034108736,5319.34402027045
"6044","mix_stand",0.656668760107232,949.106101083426,0.851386538022423,5123.01246203159
"6045","mix_stand",0.642800981247528,925.157578376939,0.840548768786013,4926.98025453068
"6046","con_stand",0.636580766090277,902.698640431345,0.82595167282353,4731.28460707281
"6047","mix_stand",0.629582308109218,905.719110137415,0.791793116086897,4535.96908057079
"6048","mix_stand",0.574668303713276,930.38862767325,0.724909486464186,4341.08498290966
"6049","mix_stand",0.47660590700763,936.156300178494,0.724409117442418,4146.69314273013
"6050","mix_stand",0.949041766556167,944.483087975504,0.96867108207736,3952.86618458412
"6051","con_stand",0.97864864662253,967.727024612614,0.978797707459558,3759.69147518991
"6052","mix_stand",0.901973599395911,954.001044618042,0.968474853683162,3567.27497764405
"6053","con_stand",0.934840292754498,944.766821221579,0.965529592675717,3375.746347958
"6054","con_stand",0.951904460951677,954.224755690579,0.981069922559595,3185.26575146531
"6055","con_stand",0.902604420319273,959.652223254305,0.929431855898232,2996.03308914457
"6056","dec_stand",0.762481571177446,947.485930121794,0.872881902505344,2808.30064222185
"6057","con_stand",0.912105592114044,948.792011368882,0.963118837491886,2622.39062403577
"6058","con_stand",0.956732184848124,942.616093403584,0.973518628013808,2438.71985577987
"6059","con_stand",0.942506140601393,927.675856344237,0.967062272076525,2257.83488035273
"6060","mix_stand",0.933500941063082,931.064408816008,0.957260583534996,2080.46245362113
"6061","mix_stand",0.98176904010337,971.902046034904,0.977367796498083,1907.58264746758
"6062","dec_stand",0.970408546548082,1004.25006003772,0.928796785215699,1740.53467500126
"6063","con_stand",0.986437345092947,1022.82730773626,0.962757390166383,1581.1679907011
"6064","mix_stand",0.971474200491713,1033.63710873016,0.975536112593491,1432.04934855942
"6065","mix_stand",0.97284726423898,1021.17270175591,0.980689669951637,1296.71905998983
"6066","dec_stand",0.975282553986118,972.168292783695,0.986133619447305,1179.93100065507
"6067","mix_stand",0.900638818685926,928.245794647742,0.978312246849262,1087.6745257587
"6068","mix_stand",0.566461344486621,892.540433163166,0.843185508816891,1026.58484479445
"6069","mix_stand",0.403022112425517,873.705942852198,0.796500115497473,1002.37661336738
"6070","mix_stand",0.51057196588804,867.895116895943,0.881870308494058,1017.68520101399
"6071","dec_stand",0.479680588313307,870.950910676024,0.69194424434517,1070.81712890611
"6072","dec_stand",0.666658475386386,895.477384150175,0.759117101157812,1156.57137289575
"6073","dec_stand",0.63952231136959,905.876480994473,0.810573899516711,1268.34822484653
"6074","dec_stand",0.575159704056397,908.751781754177,0.867151013964499,1399.92819821577
"6075","dec_stand",0.596511055365278,921.06110398951,0.829430863956854,1546.26406627441
"6076","dec_stand",0.636304209857598,927.543140922081,0.842837167453047,1703.5574621742
"6077","dec_stand",0.727690416344737,904.094032643761,0.820051865350153,1869.04396764295
"6078","dec_stand",0.748661217830565,869.211716033916,0.818099109824726,2040.73137399416
"6079","dec_stand",0.61090908949641,841.503079875974,0.746330416794519,2217.17964774112
"6080","dec_stand",0.73841269777205,794.305495627613,0.888674689359676,2397.33779464967
"6081","mix_stand",0.987851851737058,754.952359573929,0.972729591970091,2571.53884350524
"6082","con_stand",1,737.004821777344,1,3015.83896550216
"6083","con_stand",0.938965894437597,734.564438957323,0.986182776418063,3140.01635313284
"6084","con_stand",0.69324290847036,730.932154494355,0.981650472403896,3332.35216980484
"6085","mix_stand",0.637737270915269,726.671445950856,0.880335868397724,3523.65790975743
"6086","mix_stand",0.153446327789692,719.828203966389,0.849770125191091,3644.07519848166
"6087","dec_stand",0.00528301877146708,1207.0196492454,0.761184022841632,7429.66602903855
"6088","dec_stand",0.00392206159310847,1196.43666115982,0.765695285588259,7269.00685103386
"6089","con_stand",0.0084520884462305,1185.44514334114,0.781046551755224,7070.21048970563
"6090","mix_stand",0.00808353798523435,1174.76541707557,0.777800092395825,6871.48703275125
"6091","con_stand",0.0230295410711086,1168.34945262475,0.717873885984094,6672.8429936535
"6092","con_stand",0.00965601962782827,1177.20470921472,0.74186605777985,6474.28568250988
"6093","con_stand",0.00120678816592446,1184.25742457574,0.815665002825648,6275.82333113739
"6094","mix_stand",0.0550614249519546,1171.07626102832,0.707917164512326,6077.46524240882
"6095","dec_stand",0.340761670238666,1109.61892265301,0.685737352404075,5879.2219694243
"6096","dec_stand",0.437485857276067,1047.61540125302,0.78896954585403,5681.10553175781
"6097","dec_stand",0.261769040773739,1007.79991491069,0.684060032088172,5483.12967785975
"6098","mix_stand",0.0552579849564839,980.372956259538,0.658030812296769,5285.31020560835
"6099","mix_stand",0.472809552331528,953.53786143861,0.767504621018485,5087.66535641141
"6100","dec_stand",0.865380833245796,924.793944787628,0.897980460608767,4890.21630320981
"6101","mix_stand",0.719522311389072,898.106878773361,0.870139686989005,4692.98775936392
"6102","dec_stand",0.641719899522438,883.397473721891,0.869326348139628,4496.0087445312
"6103","con_stand",0.647518426628385,882.909082323679,0.871021818360474,4299.31355639896
"6104","mix_stand",0.578403519111786,888.23519676875,0.825309599746817,4102.94301514855
"6105","con_stand",0.802088449935655,898.650808648337,0.925744585711189,3906.94607318874
"6106","con_stand",0.965872233509285,917.107637410082,0.975289326994073,3711.38191998871
"6107","mix_stand",0.752859834883664,917.475242820946,0.904897566208069,3516.3227663493
"6108","mix_stand",0.917518425737428,910.890141742528,0.956109331591233,3321.85757403875
"6109","con_stand",0.88243871547942,916.760082347973,0.944369581652692,3128.09711984037
"6110","dec_stand",0.860933658898023,916.095544651041,0.885548944070166,2935.18097295225
"6111","dec_stand",0.835724814179415,911.467055449615,0.879875632034985,2743.28726179091
"6112","con_stand",0.936794465603243,918.704243427998,0.978620161094582,2552.64657978169
"6113","con_stand",0.971130219313341,908.093321741652,0.983590261026741,2363.56214762583
"6114","con_stand",0.844766583156381,885.540370181972,0.929713614394829,2176.43961412797
"6115","con_stand",0.923268382819773,897.044798768893,0.968431799479958,1991.83198739618
"6116","mix_stand",0.97565110359588,922.421385369078,0.979928479660348,1810.50872461291
"6117","mix_stand",0.985292267557737,942.742864526045,0.962193744670363,1633.56387128587
"6118","dec_stand",0.986240784534658,957.637972145174,0.976432423699986,1462.5874008136
"6119","dec_stand",0.981007369459408,972.097498375895,0.97943025128115,1299.93645699731
"6120","mix_stand",0.973274667651904,978.832298331557,0.97193288467801,1149.15167980339
"6121","mix_stand",0.922555280776113,959.478536207494,0.96813452306961,1015.53250952139
"6122","mix_stand",0.919582308075535,925.502646631339,0.980529505292672,906.699992456619
"6123","mix_stand",0.740289124868,896.698213338702,0.92647293728901,832.433407819125
"6124","mix_stand",0.105405405131729,877.053274431158,0.686512321533512,802.38879870281
"6125","deadwood",0.189993714163282,862.200182998053,0.715472422537846,821.432951491204
"6126","dec_stand",0.381891891428931,855.79529584655,0.736481902263921,886.407528721695
"6127","dec_stand",0.536683045565643,869.41168186647,0.742085240950639,988.294704936774
"6128","dec_stand",0.502199873267331,886.652884818412,0.606873838160723,1117.03914178396
"6129","dec_stand",0.388009827254519,882.57366928363,0.685911582270294,1264.4636682712
"6130","dec_stand",0.577469286474534,895.602185111081,0.820736391444665,1424.78145555328
"6131","dec_stand",0.605883091369715,904.665046543239,0.783024557960401,1594.10725090767
"6132","mix_stand",0.551474200383158,896.036307220084,0.689614949006523,1769.85749773234
"6133","mix_stand",0.565455687202462,880.164250324089,0.678455538149197,1950.29615718785
"6134","dec_stand",0.572137590804359,853.617506247481,0.745698809966958,2134.23441607508
"6135","mix_stand",0.771690543228627,819.919882788016,0.896096239843136,2320.84034098042
"6136","mix_stand",0.96800000667572,806.432373046875,0.903827428817749,2400.96549957821
"6137","con_stand",0.947299700904671,745.347899122832,0.975233473392198,2953.57139725301
"6138","con_stand",0.922137018501534,756.277837939116,0.983920158491728,3084.16800866642
"6139","con_stand",0.646953315284167,744.603753692102,0.915897341147614,3277.75001620371
"6140","con_stand",0.517203454639344,731.254952909435,0.843375828449277,3472.06565825494
"6141","mix_stand",0.0539999987930059,725.506927490234,0.847181847691536,3597.01588760702
"6142","dec_stand",0.0638888886336375,1204.9314123083,0.713003040877757,7371.63513778997
"6143","dec_stand",0.00392206153691302,1195.80922681232,0.718479294084027,7249.66194425396
"6144","dec_stand",0.0207862406694479,1182.02343360095,0.757700522212856,7050.32003438651
"6145","mix_stand",0.00557739555799112,1170.49232066761,0.765016385832348,6851.01954562203
"6146","dec_stand",0.00382149585719981,1162.70450928195,0.736484050230924,6651.76420114402
"6147","con_stand",0.0442014740189624,1170.64348795373,0.715605413289489,6452.55818312535
"6148","con_stand",0.00648648639301472,1178.3768401083,0.804183820174746,6253.40620554079
"6149","con_stand",0.0112285011056673,1181.47548141292,0.821640970867301,6054.31360124581
"6150","dec_stand",0.706560195155936,1135.02885695699,0.84515287659385,5855.28642670955
"6151","dec_stand",0.88832180732586,1069.28050722018,0.893855492323918,5656.33158868971
"6152","dec_stand",0.853980341074984,1023.80104496087,0.890720270409338,5457.45699840534
"6153","dec_stand",0.659164617744249,983.479322466276,0.788136254373654,5258.67176038555
"6154","dec_stand",0.726536767670825,950.14449112255,0.800687909538382,5059.98640544498
"6155","mix_stand",0.700343978401338,924.3469074821,0.892060735759483,4861.41318022865
"6156","mix_stand",0.505493399165547,898.671364736887,0.902771023105032,4662.96640994384
"6157","mix_stand",0.147592137295396,882.310450523433,0.744472935159647,4464.66295674986
"6158","mix_stand",0.25201474152121,872.547546199264,0.792792588751534,4266.52280437394
"6159","con_stand",0.696769326602154,865.766076222821,0.930559114661328,4068.56981122743
"6160","con_stand",0.646658475316274,862.462303592766,0.933678874732235,3870.83269118045
"6161","con_stand",0.830638818337561,864.37264909674,0.959777859014434,3673.34630590431
"6162","con_stand",0.830747955193653,870.690627140642,0.973163780553172,3476.15338970701
"6163","mix_stand",0.368697787614434,874.22954999844,0.87145420373017,3279.30688410216
"6164","mix_stand",0.459585166245343,876.68832495286,0.787254120548104,3082.87314645321
"6165","mix_stand",0.828796066604646,881.682325320982,0.898864296843877,2886.93643500466
"6166","dec_stand",0.580909089027407,885.04506595246,0.760245863627414,2691.60529573645
"6167","con_stand",0.946021367943864,891.615135821061,0.974834784893477,2497.02184650604
"6168","con_stand",0.945872233544433,889.325749352757,0.983731104093043,2303.37558409967
"6169","con_stand",0.930171987655085,866.327689543403,0.974077059500633,2110.92444358052
"6170","deadwood",0.879446886550099,875.383359476278,0.974990996716533,1920.02783239407
"6171","mix_stand",0.936805895266537,887.28630238376,0.983674853056193,1731.20007318239
"6172","deadwood",0.899484599534818,888.577346120819,0.957561687131411,1545.199810754
"6173","deadwood",0.941523339466652,904.739278957358,0.972111651605265,1363.18493333072
"6174","dec_stand",0.849017197852016,924.049648013103,0.893921217686641,1186.99023386308
"6175","dec_stand",0.786423630914098,945.871933203984,0.887225162638275,1019.63739320311
"6176","mix_stand",0.574348893176755,959.937023415905,0.772728696676012,866.26610082614
"6177","deadwood",0.8943980323375,938.336709962137,0.977839266400812,735.673464755806
"6178","dec_stand",0.828133247647549,910.245584791221,0.907846476126399,641.915790050152
"6179","dec_stand",0.44958230909372,888.499808983955,0.636806677135065,602.443575563521
"6180","dec_stand",0.396052796583293,869.344861637789,0.687554230387858,627.584725274651
"6181","dec_stand",0.244840293980824,852.145606638466,0.64136877189292,710.51309522153
"6182","dec_stand",0.292899262329394,850.014025376528,0.690381130157839,834.168493156828
"6183","dec_stand",0.522036454227644,858.026557543531,0.752148087646304,983.304244305579
"6184","mix_stand",0.153685503463085,859.793560243649,0.60984155871672,1148.0328149236
"6185","dec_stand",0.361793611116286,878.701750996658,0.482729453858073,1322.54050855948
"6186","dec_stand",0.567240728382642,897.009523862866,0.68881991753117,1503.42588602586
"6187","mix_stand",0.465651104753009,902.157752822014,0.705339571083518,1688.64067761863
"6188","mix_stand",0.682137018761531,886.841419001782,0.806680893786556,1876.90362746146
"6189","mix_stand",0.722948401049695,853.826789087394,0.877061836329959,2067.38217578442
"6190","mix_stand",0.216117935442807,829.149957042947,0.748693955164627,2259.51606323656
"6191","mix_stand",0.284179774797365,809.329594095637,0.853027476931221,2431.88100338802
"6192","con_stand",0.658132528740329,751.284954944289,0.880454795844628,2889.11888646506
"6193","con_stand",0.757184158694549,754.999089268002,0.929425117824903,3038.29021158622
"6194","con_stand",0.616437345052124,740.852408894157,0.906456416257696,3234.61912987395
"6195","open",0.379494584585785,732.485905946807,0.88382607879998,3379.08214154678
"6196","dec_stand",0.0165058234071176,1192.86870616843,0.707609339036085,7378.48459827698
"6197","dec_stand",0.00105263155541922,1187.55982707851,0.757918336924571,7235.79834375859
"6198","deadwood",0.0475837318271256,1175.856748079,0.774869373727715,7036.06356336028
"6199","mix_stand",0.0149760764742796,1165.06027265485,0.74371895059814,6836.34736181401
"6200","dec_stand",0.0129498163080857,1156.81971440029,0.758200904548241,6636.6514163925
"6201","dec_stand",0.00483253579943231,1163.65561387642,0.628525488452906,6436.97761232901
"6202","con_stand",0.000465116277793046,1177.00542054941,0.706617050657147,6237.32807603696
"6203","deadwood",0.0232296650516288,1176.6238042658,0.827756037231553,6037.70521491217
"6204","mix_stand",0.374904305651855,1132.38281585839,0.763702081837223,5838.11176526877
"6205","dec_stand",0.890281515964278,1075.81271732102,0.919033527711687,5638.55085043269
"6206","dec_stand",0.941985643464341,1039.53044409501,0.949456719316221,5439.02605155957
"6207","dec_stand",0.952727270076435,994.583671606328,0.959569521640476,5239.54149460822
"6208","mix_stand",0.77478579889112,954.005372587879,0.954914854563581,5040.10195783574
"6209","con_stand",0.742129184996362,925.349253677295,0.935664349516328,4840.71300579861
"6210","open",0.391383107906638,904.52460437714,0.8973908486686,4641.38115770642
"6211","mix_stand",0.161794257880541,888.57959922535,0.748679558269715,4442.11410087191
"6212","mix_stand",0.170861243880822,874.238956104625,0.763193346934313,4242.92096399109
"6213","mix_stand",0.343769889247388,863.725065121598,0.796860635903392,4043.8126706861
"6214","mix_stand",0.317275619839764,856.911107831211,0.83871158807379,3844.80240219729
"6215","con_stand",0.447253140827662,851.751788538277,0.901471659594635,3645.90621048911
"6216","open",0.427294980834901,850.529876111333,0.938399720686229,3447.14384190944
"6217","open",0.400622008332724,853.747639268209,0.940133796915697,3248.53986050939
"6218","con_stand",0.645091798366247,854.305763422057,0.873569357604463,3050.12520582078
"6219","mix_stand",0.696866027115171,860.415686648428,0.872395173249918,2851.93939353578
"6220","mix_stand",0.359162678598965,864.839153344551,0.706175140087363,2654.03368949017
"6221","con_stand",0.856083229124874,860.409537531317,0.929712765807949,2456.47579528172
"6222","con_stand",0.917224878017483,854.12399861459,0.982346308965717,2259.35695010374
"6223","con_stand",0.921555021675259,848.227935097434,0.979988968080026,2062.80302269773
"6224","mix_stand",0.958408811019056,853.060514900646,0.984416197935254,1866.99244245593
"6225","mix_stand",0.779210524923173,864.840710325104,0.867088758879069,1672.18636437622
"6226","con_stand",0.887343939466714,860.93044390264,0.960088065899498,1478.78182348398
"6227","deadwood",0.905550237254877,875.600583674235,0.950850554220557,1287.41062329262
"6228","dec_stand",0.777846888786084,898.181768828032,0.869005805719198,1099.13535640249
"6229","dec_stand",0.733708689210428,928.175780278816,0.858955101200096,915.867314423535
"6230","dec_stand",0.734617223579918,956.519533732291,0.891631682214002,741.329434709239
"6231","dec_stand",0.827440189928458,945.363235656154,0.964859692014433,583.410413928512
"6232","dec_stand",0.800563034472697,921.50704970996,0.92418300218178,459.573801000682
"6233","dec_stand",0.683349281340018,902.025013973838,0.8243963811502,402.604561833163
"6234","dec_stand",0.631848223548442,879.607937722924,0.666941628776858,439.334468251303
"6235","dec_stand",0.29155502359619,851.61465662176,0.640109530660105,551.344813982662
"6236","deadwood",0.149712918067806,838.90999701833,0.769612615896861,703.55484500557
"6237","mix_stand",0.137209301780239,836.8620782523,0.694275527569264,875.236952522
"6238","dec_stand",0.329760764712138,849.021866866846,0.585295691641864,1056.94465951416
"6239","dec_stand",0.335789472493009,873.180117228385,0.412986805155354,1244.29349052357
"6240","dec_stand",0.689596081784079,899.503606378375,0.784920822752633,1435.07580109934
"6241","dec_stand",0.636961720808093,904.758125414689,0.77120518784872,1628.08501199751
"6242","mix_stand",0.683059974022967,863.970350025042,0.782878814965049,1822.61379472079
"6243","mix_stand",0.575837319614321,836.667365808806,0.788766028662546,2018.22279992803
"6244","mix_stand",0.466100477502106,819.183954959851,0.764771592170535,2214.6258109632
"6245","dec_stand",0.466657282557813,797.340468018094,0.786229772567959,2411.62884416465
"6246","dec_stand",0.762970821116742,759.621544956845,0.959988367099028,2598.94112592819
"6247","mix_stand",0.656249998498242,744.796463871002,0.899400059413165,2806.92929048364
"6248","con_stand",0.899167684370805,740.323227358273,0.945565012743015,3005.05643908393
"6249","con_stand",0.863876921319045,729.757315692608,0.96132070682599,3203.42291140592
"6250","mix_stand",0.789523806600344,730.173541841053,0.941353956858317,3313.37391620255
"6251","dec_stand",0.0385054947419481,1177.04203350361,0.7186519327072,7362.97710114227
"6252","deadwood",0.00269013196979207,1175.16278264149,0.77112233046838,7227.44760082325
"6253","deadwood",0.00100737098943103,1170.15716822669,0.787832681446609,7027.47537423035
"6254","dec_stand",0.00579852577417869,1162.24992921721,0.780332905059584,6827.50785261088
"6255","dec_stand",0.00631049648161432,1152.3758956938,0.746468853100076,6627.54546184069
"6256","mix_stand",0.00633906626602502,1153.07369110332,0.699501055610854,6427.58868077942
"6257","deadwood",0.0368573222986038,1161.07577505058,0.825773683885296,6227.63804977669
"6258","deadwood",0.0599508598144795,1162.30989123445,0.712970303257136,6027.69418086411
"6259","mix_stand",0.354766583802403,1123.03190054179,0.682116043742481,5827.7577700331
"6260","dec_stand",0.867077307655031,1064.69527697608,0.882981820630248,5627.82961216149
"6261","dec_stand",0.914619163012805,1028.67685311432,0.945558625225353,5427.9106192005
"6262","dec_stand",0.878083535513545,990.850353756466,0.934692886358251,5228.00184255223
"6263","mix_stand",0.414154618866109,961.05704546724,0.807258376258113,5028.10450076029
"6264","mix_stand",0.753390661754282,941.281866837485,0.855966655569522,4828.22001409514
"6265","mix_stand",0.872105591406543,923.368009192025,0.884833634283691,4628.35004808303
"6266","con_stand",0.736461915345794,904.013603341667,0.861420891904421,4428.49656878782
"6267","con_stand",0.602235871332833,881.530274037354,0.918672443516278,4228.66191377879
"6268","con_stand",0.752712549920748,864.199392218339,0.920343432719035,4028.84888415935
"6269","con_stand",0.791999995708466,857.541815185547,0.923824721574783,3912.61227863508
"6270","con_stand",0.799056601939055,850.282696993846,0.942445206473459,3632.23705470958
"6271","open",0.352148539764653,846.280484389247,0.921219826693244,3432.31480926301
"6272","con_stand",0.517691000929207,840.317218359541,0.940114038457879,3231.9854502901
"6273","con_stand",0.620187666456917,840.260900338917,0.921718912004386,3030.25783042592
"6274","con_stand",0.566609335376787,846.468682628885,0.806465048260566,2830.68126842312
"6275","mix_stand",0.292309581624751,853.216997001329,0.630441177724483,2631.17699840402
"6276","mix_stand",0.648698930060204,852.256870579075,0.835912332828505,2431.76281315099
"6277","con_stand",0.867395575316188,838.166102378901,0.964268646200693,2232.4628531917
"6278","con_stand",0.924692871909433,841.888945595931,0.978422421751503,2033.3107070188
"6279","con_stand",0.834896290010997,833.39453263106,0.945946281563928,1834.35451879131
"6280","mix_stand",0.450761669871445,851.16450189314,0.674764698685069,1635.66579681188
"6281","deadwood",0.721835322139549,842.97619333513,0.864454299719603,1437.35546265015
"6282","deadwood",0.767002455803225,847.79210226073,0.928093534356546,1239.60513150547
"6283","mix_stand",0.718083536037283,873.313064012832,0.888887859656675,1042.73345921451
"6284","dec_stand",0.642916403523524,906.75229048714,0.764835524978614,847.353102751635
"6285","dec_stand",0.771351349926771,936.954522735071,0.914656546250608,654.800369097423
"6286","mix_stand",0.862211300545265,927.765970778407,0.977401699307912,468.574214860085
"6287","dec_stand",0.892294153163712,898.439228012306,0.986631971758765,300.669411669612
"6288","dec_stand",0.855700244019563,879.047959048859,0.934661394639595,203.185688973843
"6289","dec_stand",0.486863606881601,865.125559175636,0.777093309693689,268.716918126085
"6290","mix_stand",0.352162161031944,850.35208051152,0.767370982782078,427.989682994842
"6291","deadwood",0.171130220499576,840.279648202057,0.758881910509574,611.705471756695
"6292","dec_stand",0.364927717457021,833.086397239354,0.670615542040802,803.26460668925
"6293","mix_stand",0.244398033781851,832.989487369172,0.676854993551924,998.161560709191
"6294","dec_stand",0.368402947637388,859.728778323612,0.479434829892039,1194.76399465361
"6295","dec_stand",0.542778125640396,885.390271372049,0.742092890481129,1392.3496447629
"6296","dec_stand",0.657051596099497,894.477105855356,0.788125185263904,1590.5521344251
"6297","dec_stand",0.693626649171994,853.150792590033,0.772702546032774,1789.16647633917
"6298","mix_stand",0.737862406316824,822.974054959834,0.856119301151805,1988.06923834539
"6299","mix_stand",0.621818180980861,794.490064578794,0.72413081713753,2187.18173490673
"6300","mix_stand",0.796656188951357,774.124712701266,0.850019679466259,2386.45146927481
"6301","mix_stand",0.873415232025069,754.656676383803,0.944367531384971,2585.84209060311
"6302","con_stand",0.885974183458819,741.821686860162,0.958725861870737,2785.32763754261
"6303","con_stand",0.789314895240785,728.987858722526,0.901072648066458,2984.88907800474
"6304","con_stand",0.780374705372705,720.283757372818,0.952250093814919,3168.25314089392
"6305","dec_stand",0.030877192586399,1161.31817038017,0.785520133219267,7345.09444770284
"6306","deadwood",0.00477686984725601,1163.07483140333,0.784459042041501,7224.62884059913
"6307","deadwood",0.000933660912791986,1161.75401429872,0.767881643548791,7024.57626592126
"6308","mix_stand",0.00928746926293912,1159.6173235919,0.724769186310891,6824.52369165199
"6309","dec_stand",0.00741671895845966,1153.49760992313,0.685593847899524,6624.47111782536
"6310","mix_stand",0.00965601949968561,1131.56308005893,0.694924181011444,6424.41854448846
"6311","mix_stand",0.0887240726362602,1126.79536995207,0.770395579782392,6224.36597168241
"6312","dec_stand",0.576830465959829,1118.30904611498,0.839954160263702,6024.31339946137
"6313","dec_stand",0.595380833935386,1093.97780982165,0.858244996765029,5824.26082788341
"6314","dec_stand",0.870219985333387,1052.68695156594,0.954990766432059,5624.20825701438
"6315","dec_stand",0.711572479378862,1021.01255494664,0.926035707958354,5424.15568693567
"6316","con_stand",0.843808352402629,995.050208164374,0.933575667422585,5224.10311773188
"6317","con_stand",0.470999370391717,976.016822416928,0.846809493898783,5024.05054950986
"6318","mix_stand",0.268501228257025,966.728272759065,0.659399453912123,4823.99798238989
"6319","mix_stand",0.642815837590931,946.620597796197,0.775140281717482,4623.94541650995
"6320","mix_stand",0.631965600787056,923.61980485096,0.911879055375915,4423.8928520437
"6321","con_stand",0.843341967134394,895.12449709245,0.971959255481322,4223.84028918321
"6322","mix_stand",0.984905658465511,875.73507057046,0.967565457775908,4106.68060516158
"6323","mix_stand",0.343773582844802,834.786983274064,0.916189977582896,2981.40679311511
"6324","con_stand",0.564999998854377,837.361205582766,0.834106010452066,2823.72298466388
"6325","mix_stand",0.451996540794006,837.224127951633,0.776167441473687,2623.43270075185
"6326","mix_stand",0.721837836181795,829.846457527779,0.912895492393826,2423.36736112568
"6327","con_stand",0.70529702825398,817.327395335282,0.966978358990042,2223.31484394651
"6328","con_stand",0.76560196304735,820.778064024829,0.978988379606158,2023.2623394392
"6329","con_stand",0.587504712474901,816.916114831106,0.910949210057387,1823.20985177461
"6330","mix_stand",0.187714987171297,834.217059986011,0.653792702937293,1623.15738717515
"6331","mix_stand",0.593262097896045,834.687248685538,0.831929252099534,1423.10495536125
"6332","mix_stand",0.462972972166773,824.31020649528,0.791080595914009,1223.05257241707
"6333","mix_stand",0.604619163054177,844.874038996216,0.878963894447591,1023.00026700375
"6334","mix_stand",0.862074165861986,872.638804111445,0.969508507430066,822.948095659301
"6335","dec_stand",0.845970514635452,897.900715108586,0.923677982162931,622.896187541655
"6336","dec_stand",0.569803438883925,910.246123292815,0.860606184718943,422.844916241855
"6337","dec_stand",0.785317408914914,888.418330127229,0.942800561515211,222.795997157331
"6338","dec_stand",0.642039310928498,852.411887091559,0.942372119232683,22.8113987780922
"6339","mix_stand",0.300188559835097,843.533119264,0.73088242826453,177.326630464049
"6340","mix_stand",0.468329238217937,831.719037592557,0.806660127022855,377.37405608731
"6341","dec_stand",0.41690417597441,817.334856375429,0.777221166032209,577.425053933386
"6342","dec_stand",0.455009426872435,808.501536735568,0.766397040957816,777.476866512308
"6343","mix_stand",0.137100736997308,813.993659879417,0.689628194524456,977.528993613271
"6344","mix_stand",0.224594594141885,842.449418651384,0.552510328199577,1177.58127492942
"6345","mix_stand",0.325757384646771,866.332934577985,0.540736920984005,1377.6336432772
"6346","mix_stand",0.556265355712512,873.112290028565,0.761523899212663,1577.68606554295
"6347","dec_stand",0.510923946446064,853.412137648357,0.725057443349823,1777.73852352019
"6348","mix_stand",0.801769040145108,832.41007125817,0.930393992417494,1977.79100636813
"6349","mix_stand",0.914447172716516,806.306920344472,0.974185515515488,2177.84350723325
"6350","con_stand",0.948560652152725,782.552270914458,0.968931002316424,2377.8960215608
"6351","mix_stand",0.925798524184844,764.257472382717,0.979720223887254,2577.94854621758
"6352","con_stand",0.867739556489984,749.992670832454,0.929679383031786,2778.00107896841
"6353","con_stand",0.684952858734775,740.585598948615,0.887169857627093,2978.05361817844
"6354","mix_stand",0.857225432948915,733.060462201951,0.970006402345062,3111.62328718913
"6355","con_stand",0.0315048021036762,1146.39736427136,0.770505336649008,7422.2102303917
"6356","deadwood",0.00917661835344088,1142.08009569515,0.772902632681249,7227.34854436786
"6357","deadwood",0.039999999810715,1147.53859161452,0.712586207466351,7027.37328832537
"6358","mix_stand",0.00464373455824518,1156.87939895517,0.705988308684832,6827.40256595299
"6359","mix_stand",0.039296039947356,1159.14063466742,0.690457950994176,6627.43678763289
"6360","mix_stand",0.0127764126830517,1131.38243324224,0.652166191314597,6427.47641480985
"6361","mix_stand",0.0658453798833544,1094.3543283785,0.695329544437074,6227.52196818324
"6362","dec_stand",0.350540539995751,1080.29352159055,0.727916342107904,6027.57403752203
"6363","dec_stand",0.502309580711094,1075.08102132061,0.836562858468851,5827.63329352056
"6364","dec_stand",0.770232556410026,1054.02540543303,0.936824280789706,5627.70050216156
"6365","mix_stand",0.565995084899832,1036.60649213861,0.818387583195614,5427.77654225122
"6366","con_stand",0.841695330062245,1027.3732853545,0.920391398397359,5227.86242698706
"6367","dec_stand",0.455210558358301,1000.96131195893,0.752485869048452,5027.95933065154
"6368","mix_stand",0.35041768977954,977.42209597126,0.77174331264282,4828.06862193809
"6369","dec_stand",0.409277183273579,950.222517338434,0.825569722813154,4628.19190590152
"6370","mix_stand",0.76658446160771,918.348823105216,0.924886193287608,4428.3310772596
"6371","mix_stand",0.59744471626434,900.068378420368,0.911504461299582,4263.99421633791
"6372","con_stand",0.979999989271164,815.594940185547,0.996402889490128,2476.81938368253
"6373","con_stand",0.672941175651024,808.807975858801,0.967982291824677,2213.7054847389
"6374","con_stand",0.64499040223272,805.460718019453,0.967943882873557,2030.3188354344
"6375","con_stand",0.542012490213207,802.268012190428,0.954638064011032,1833.43516591467
"6376","open",0.383255813540904,802.222150351215,0.940401234517508,1634.44689150069
"6377","mix_stand",0.460357852734383,803.955239146178,0.908319395773651,1436.83915948738
"6378","mix_stand",0.465605965575274,798.823329965842,0.895692526430558,1239.00620514249
"6379","mix_stand",0.210196559969565,808.696013841934,0.78377693365225,1042.02115839796
"6380","dec_stand",0.746951601242659,837.542712218202,0.834816445353588,846.476180834832
"6381","dec_stand",0.747469286107131,864.651817715432,0.921182948029634,653.664950021772
"6382","mix_stand",0.491179360282729,884.219591707797,0.784581997804801,466.985996616689
"6383","dec_stand",0.848196101499608,879.556333415992,0.958717250883916,298.188006382031
"6384","mix_stand",0.810712529433301,844.857649782073,0.980033668385091,199.495276179971
"6385","mix_stand",0.317209302409687,824.044325065493,0.865549826138728,265.937502479146
"6386","mix_stand",0.243857493624091,814.289668877529,0.894707330789351,426.250228337639
"6387","open",0.149852579683798,797.499257942968,0.868289098031453,610.489861506571
"6388","mix_stand",0.0218981770572611,795.744620274628,0.697717445838721,802.339452314948
"6389","mix_stand",0.0639557737253002,807.21778194793,0.663578892556873,997.417382227436
"6390","mix_stand",0.177223586497934,828.790514709323,0.631808971263084,1194.14253080094
"6391","mix_stand",0.39238214906771,852.136323460088,0.653995367177978,1391.81659898771
"6392","dec_stand",0.334054052953309,868.722336377793,0.601922986349343,1590.08572675009
"6393","dec_stand",0.338755498693508,874.554053516975,0.580039626296486,1788.75205197553
"6394","mix_stand",0.788992627393409,859.117804225012,0.942533816748667,1987.69648092543
"6395","con_stand",0.907371005578841,835.423177320776,0.981798098443181,2186.84311483934
"6396","mix_stand",0.950496541257739,806.314139432685,0.984200353857708,2386.14132635582
"6397","mix_stand",0.892628990928356,782.57321118254,0.985193102673172,2585.55606428276
"6398","mix_stand",0.917764125648126,765.69525682604,0.975913973127009,2785.06229831782
"6399","con_stand",0.828948398135909,759.538228618639,0.970826297161394,2984.64168053982
"6400","mix_stand",0.869677418662656,749.693164456275,0.985339735784838,3091.53792822497
"6401","deadwood",0.0165517239147806,1147.96090683209,0.81471551247614,6889.87424015626
"6402","deadwood",0.0106830768218407,1141.17785088642,0.775214003145695,7006.84389688514
"6403","deadwood",0.0123192959381379,1134.09589048874,0.820626425399374,7235.60047537678
"6404","deadwood",0.0157248155655527,1135.5042088764,0.793603952287602,7035.85965701391
"6405","mix_stand",0.0161179359727688,1146.67725021775,0.728339696646249,6836.13707740451
"6406","deadwood",0.0270773096936143,1151.47358961603,0.784742077338403,6636.43438322251
"6407","mix_stand",0.147395577281713,1135.07108736155,0.70743178735494,6436.75342532298
"6408","dec_stand",0.265166561106966,1088.19857471593,0.678496180300084,6237.09629137594
"6409","dec_stand",0.1843488938301,1051.50913915236,0.66328557134956,6037.46534492831
"6410","dec_stand",0.477641276081598,1049.88623714213,0.78095087521602,5837.86327249483
"6411","dec_stand",0.590018854978173,1050.25557326551,0.754192613491392,5638.29314060012
"6412","dec_stand",0.400294839480036,1036.30702978036,0.71844318121928,5438.75846532349
"6413","dec_stand",0.603292381702133,1026.13899478397,0.781109349911973,5239.26329770898
"6414","dec_stand",0.610433687885028,977.545924370728,0.842538635341871,5039.81232935035
"6415","con_stand",0.586535625379414,954.738570867065,0.831015965139324,4840.41102399548
"6416","mix_stand",0.748761782807835,947.750238156034,0.906371441110734,4641.06578288898
"6417","mix_stand",0.907161014714925,935.141998355671,0.959276481010651,4448.93418958305
"6418","mix_stand",0.169696970532338,795.957061767578,0.928318008328929,1433.18307254657
"6419","mix_stand",0.107401574690511,793.846022237943,0.923540074524917,1275.25954550934
"6420","mix_stand",0.236396395520226,793.667111141904,0.892519978700099,1097.78360176095
"6421","dec_stand",0.26342151567629,803.500864880005,0.818518065763687,914.244209728958
"6422","deadwood",0.519017197946842,822.828054142233,0.817891401124326,739.322843714685
"6423","dec_stand",0.79339066208672,832.284810059194,0.924877662175044,580.858169375009
"6424","dec_stand",0.744085478982148,840.471766348982,0.928480149462754,456.329170752132
"6425","mix_stand",0.650491399127596,823.051971248093,0.918426869670501,398.896684215142
"6426","mix_stand",0.317862978583233,796.766132692808,0.836944228707854,435.939182351997
"6427","mix_stand",0.267444717013609,801.213561374374,0.789339751398754,548.643354247376
"6428","mix_stand",0.30727272669279,791.109107914955,0.732295805517428,701.440120764483
"6429","mix_stand",0.159849151083878,793.573679676452,0.701964624928537,873.53827006534
"6430","mix_stand",0.0265356264688093,800.056440948561,0.730912025631188,1055.53878607153
"6431","mix_stand",0.110368550212765,810.794865901113,0.709835667231781,1243.09987607176
"6432","mix_stand",0.398994342031193,835.705937028905,0.718650755024674,1434.04136210607
"6433","mix_stand",0.305380834953022,861.669672823069,0.568571953025145,1627.17365634737
"6434","mix_stand",0.473790069113618,891.217121577428,0.707556793903481,1821.80013747859
"6435","mix_stand",0.822923831353353,888.969777925009,0.953629016912833,2017.48842059451
"6436","mix_stand",0.664742013320546,866.273938078259,0.970029283928198,2213.9569704145
"6437","mix_stand",0.919849149124155,842.420753157716,0.964580349619474,2411.0150475946
"6438","mix_stand",0.892383290550852,808.664092305251,0.967384804525305,2608.52905023026
"6439","mix_stand",0.853906631854155,785.538677168713,0.951709048589119,2806.40271616648
"6440","con_stand",0.83020354453193,779.5708302769,0.933359267225566,3004.56498647644
"6441","con_stand",0.881599996984005,778.780869140625,0.965560534000397,3125.85444267108
"6442","deadwood",0.0172930863897199,1152.61199885798,0.819777329424224,6730.34842245403
"6443","deadwood",0.0144019136695485,1148.06067354485,0.777809753399075,6849.39516934148
"6444","deadwood",0.0967441856350426,1143.24055165322,0.703088388047574,7249.36575026713
"6445","deadwood",0.00377990427966181,1140.93978502191,0.779316322976037,7050.01483538913
"6446","deadwood",0.0149043061275873,1138.51490878603,0.717858409713999,6850.70483765058
"6447","deadwood",0.0304528762708387,1129.0260176361,0.699986581023751,6651.43943529047
"6448","mix_stand",0.0286124400910364,1117.88192770926,0.694774709944947,6452.22276005722
"6449","dec_stand",0.374247245107535,1090.49406554503,0.659318670334073,6253.05946915224
"6450","mix_stand",0.188588516078176,1055.76823125958,0.70074072375038,6053.95483129757
"6451","mix_stand",0.071100478234331,1030.80771239066,0.681452456999873,5854.91483023428
"6452","dec_stand",0.362741737048549,1023.90445906267,0.770604237216448,5655.94628991958
"6453","dec_stand",0.389425836302982,1006.74230581037,0.791343004063984,5457.05702690604
"6454","mix_stand",0.371291865795209,989.399810243451,0.775687175976674,5258.25603699202
"6455","con_stand",0.726217868460874,990.594672064157,0.896688492072694,5059.55372552251
"6456","mix_stand",0.773995213393282,1011.85095594488,0.877339493091169,4860.96219359487
"6457","dec_stand",0.607826085145707,1006.10214582803,0.828852984784306,4662.4955966563
"6458","mix_stand",0.877500001341105,971.77388381958,0.893948215991259,4536.56419111414
"6459","open",0.135384618662871,788.852886493389,0.886226754922133,1119.24453371311
"6460","open",0.0843835614927828,786.901139768836,0.916985271728202,959.987646884943
"6461","open",0.527046263430042,787.83874674624,0.966383882397222,847.483481970594
"6462","open",0.195952529356414,784.946778716183,0.935562900938094,732.638262118049
"6463","open",0.185259842321159,789.276503483329,0.904156579974833,632.712017607534
"6464","open",0.294314002130797,785.565649914775,0.873216269139986,598.73289749488
"6465","open",0.252093023002346,780.917934481092,0.918337378638527,624.023641037736
"6466","deadwood",0.57940191287173,781.20552052037,0.864242292771285,707.369861858442
"6467","con_stand",0.470239234125714,777.431121023078,0.91496088340785,831.49319492605
"6468","con_stand",0.347074662261122,775.694992644405,0.870580590486235,981.036156204724
"6469","con_stand",0.44535885068129,786.013599742543,0.784928761326828,1146.09124470047
"6470","mix_stand",0.277320573333669,796.461677770295,0.727549982354943,1320.85598661622
"6471","mix_stand",0.351897183992653,819.17853362178,0.719463222175654,1501.94478206541
"6472","mix_stand",0.435023922593507,851.787252143239,0.708787049982322,1687.32270599207
"6473","mix_stand",0.602790696662708,884.360581733022,0.78261227829147,1875.71850092014
"6474","mix_stand",0.82990430416673,902.679983038651,0.949683786169336,2066.30686733186
"6475","mix_stand",0.750526313866048,883.318965565075,0.947879407661811,2258.53280693757
"6476","dec_stand",0.934418602441888,850.308094711024,0.970912574645647,2452.01121628082
"6477","dec_stand",0.92490430403073,813.733090231863,0.962899911507037,2646.46741227371
"6478","mix_stand",0.855598084410234,781.681811684056,0.924181297314509,2841.70067360954
"6479","con_stand",0.864332923321384,763.67068896066,0.937452476740686,3037.56117094514
"6480","con_stand",0.786413406002122,754.636822680255,0.8326920531482,3233.93494225447
"6481","con_stand",0.879018403544016,726.032946627564,0.870020890528439,3416.39211921284
"6482","con_stand",0.029411764596315,1160.26048189051,0.653084336396526,6665.86666203078
"6483","deadwood",0.0262585031882334,1163.55417347603,0.708643886862563,6694.22199941406
"6484","deadwood",0.135487115023497,1164.05885484697,0.742273118691127,6823.67262316278
"6485","deadwood",0.00351351346243951,1164.89202355987,0.699451669995703,7069.80478198293
"6486","deadwood",0.00152334150302176,1167.61612238404,0.672235760215386,6871.0687535582
"6487","deadwood",0.0403519797435652,1159.63015986838,0.635102977839227,6672.41142418622
"6488","mix_stand",0.0709828007417097,1126.84170569717,0.657572905004427,6473.84003878601
"6489","mix_stand",0.117988686008809,1091.00924205001,0.622514722269382,6275.36275594342
"6490","mix_stand",0.284864864506615,1063.98488022713,0.69161287154682,6076.98879596449
"6491","mix_stand",0.266167075444168,1046.77710785737,0.667448624172214,5878.72861854224
"6492","mix_stand",0.541269640664797,1032.38463833735,0.778435957082445,5680.59413717819
"6493","con_stand",0.667395575475451,1026.27622832127,0.873297533208015,5482.59897939446
"6494","con_stand",0.850466828637686,1034.73726524709,0.907212263384185,5284.75880461797
"6495","con_stand",0.953488370163646,1038.21989470649,0.968718645971275,5087.09169503949
"6496","con_stand",0.88945945679995,1057.80187598376,0.939981226033602,4889.61863963879
"6497","mix_stand",0.708041235231042,1059.82972097495,0.91460112357877,4692.36413815322
"6498","con_stand",0.670684930396407,1062.36890150096,0.968091405417821,4578.33998364347
"6499","open",0.413333331545194,782.566351996528,0.946501824590895,815.003923376042
"6500","open",0.520000000794729,778.792500813802,0.897920032342275,699.350843794324
"6501","open",0.178978102104942,775.171940935789,0.921631955752408,767.570932618433
"6502","open",0.319818180946238,774.391815000592,0.946872065426912,854.225194527145
"6503","open",0.136720720161726,772.874622956697,0.961183903077701,966.044273783554
"6504","open",0.0590064791872658,770.132260986504,0.974996676718142,1114.37749987328
"6505","con_stand",0.41846774098894,769.624286569575,0.91208232326373,1262.1135428913
"6506","con_stand",0.754299752556099,779.954150788028,0.901441082935002,1422.69681038342
"6507","con_stand",0.4877938395969,804.098035005561,0.852078204397358,1592.2449778794
"6508","mix_stand",0.372211301108909,840.096848958833,0.6955972794496,1768.18103175617
"6509","mix_stand",0.778152103518855,866.662211189774,0.854249376197194,1948.77563836874
"6510","mix_stand",0.855282553277123,881.027677718779,0.912155800061964,2132.84576387229
"6511","mix_stand",0.708476657171434,860.85873758002,0.933637237592763,2319.5641513798
"6512","mix_stand",0.831979885280582,820.173527514388,0.960047523642695,2508.33946832902
"6513","mix_stand",0.862014739941211,791.258849872711,0.945624419600138,2698.74010613969
"6514","mix_stand",0.753660932160383,765.716900012417,0.898502155827216,2890.44489113629
"6515","con_stand",0.902074166087142,749.202486835434,0.957784321512687,3083.2105690285
"6516","con_stand",0.837837835590765,735.000106174178,0.86249615444232,3276.84991924993
"6517","con_stand",0.847922910579203,724.586533409625,0.852636591413675,3439.26606682423
"6518","deadwood",0.00888888869020674,1177.76985677083,0.80745847357644,6668.22313992826
"6519","deadwood",0.00388634276570365,1187.17408390203,0.689509472341083,6673.90022952327
"6520","deadwood",0.00680589673157406,1187.0045164516,0.743525300010197,7095.18235602847
"6521","deadwood",0.0163144961923947,1184.71842345442,0.713003264241268,6897.17749483525
"6522","mix_stand",0.0506851035541967,1170.27150156152,0.731790516691752,6699.29432129016
"6523","dec_stand",0.436240784984073,1139.862516436,0.767259095129568,6501.54394657939
"6524","mix_stand",0.411841608424707,1109.69076889105,0.738166162651676,6303.93886814896
"6525","mix_stand",0.389287468759888,1091.28172403471,0.68180357328449,6106.4931913042
"6526","mix_stand",0.205454544939961,1072.89921648555,0.642636157856014,5909.22289438487
"6527","mix_stand",0.0764802008782971,1051.94816906807,0.740131134744488,5712.14614777787
"6528","con_stand",0.814176903126867,1046.69151744796,0.902337115184754,5515.28369983058
"6529","con_stand",0.813636361966848,1050.37107777888,0.917383863094105,5318.65934645425
"6530","con_stand",0.859409174796997,1052.40675500741,0.967115299140485,5122.30050617664
"6531","con_stand",0.904029481387548,1062.03288467745,0.971307154442813,4926.23892898595
"6532","con_stand",0.645163726333707,1065.49676974895,0.971199349995224,4730.51157627536
"6533","open",0.483873238550945,1062.41646479217,0.953419649789871,4575.19011014415
"6534","open",0.520000002213887,769.744794573103,0.855314518724169,1196.30702524843
"6535","open",0.632941174594795,765.587086397059,0.97213549824322,1412.51378306276
"6536","con_stand",0.369634487907967,768.748313553443,0.89461005511947,1543.86348366544
"6537","mix_stand",0.459660590355273,780.260671600016,0.815137580074581,1701.37960945601
"6538","mix_stand",0.326805896311083,809.518989131843,0.627838767879627,1867.05998089522
"6539","mix_stand",0.735235698891091,815.922800731839,0.8714266370427,2038.91531127331
"6540","mix_stand",0.891670759730682,821.886519261016,0.936089804666048,2215.50910589416
"6541","mix_stand",0.73515970383471,814.748660000888,0.858357489914507,2395.79377816907
"6542","mix_stand",0.769930859829816,798.409256528115,0.88961209139964,2578.99541182156
"6543","mix_stand",0.798230956342868,777.026659054018,0.893327833832921,2764.53415936655
"6544","mix_stand",0.787641276122604,753.150770745055,0.915372238240459,2951.96937312062
"6545","con_stand",0.853120220461349,732.348736177806,0.910582707460926,3140.961559583
"6546","con_stand",0.772571427490385,721.693765767415,0.900126278152068,3325.41577222005
"6547","mix_stand",0.745714288737093,716.391217912946,0.923703968524933,3433.42809450837
"6548","mix_stand",0.00316301697905916,1219.11914537713,0.64924959561033,6540.29136787178
"6549","mix_stand",0.00159705156135471,1216.07995418014,0.55930481827303,6665.53577153862
"6550","mix_stand",0.0106142504731106,1191.38131173998,0.662405736442353,6928.96613018805
"6551","mix_stand",0.146599622369562,1159.79801084469,0.755312713398115,6732.01732421609
"6552","mix_stand",0.192432431934324,1134.4024901144,0.792743773705324,6535.25708699749
"6553","mix_stand",0.460138277319862,1112.13422463331,0.841843982075536,6338.70297869091
"6554","mix_stand",0.224742014144138,1095.97651818578,0.721889640108501,6142.37478751222
"6555","mix_stand",0.427960687392467,1083.32905064988,0.860792559756913,5946.2948907475
"6556","mix_stand",0.29626649826072,1071.48612664377,0.852462298348593,5750.48868744857
"6557","mix_stand",0.511179360686927,1062.37518198074,0.81585849465514,5554.98511973856
"6558","mix_stand",0.249115478586067,1055.33607959044,0.816108045228325,5359.81730432788
"6559","con_stand",0.389113764107077,1051.02194227294,0.891442324125602,5165.02330200459
"6560","con_stand",0.675104893066666,1049.77701990088,0.949772854550527,4970.64706089244
"6561","con_stand",0.631232877529851,1058.35982440269,0.975234544848743,4770.97150504381
"6562","mix_stand",0.3859047634261,763.572973051525,0.950934690237045,1690.79611348303
"6563","con_stand",0.64591742981943,763.884003945447,0.902510134144387,1806.31783961906
"6564","con_stand",0.401806632628639,772.424879376957,0.84139747020638,1981.2633522729
"6565","mix_stand",0.398609903929909,769.95029558833,0.85340298521113,2143.98402315469
"6566","mix_stand",0.583961963547296,764.010495435228,0.916385910873746,2285.34719291327
"6567","con_stand",0.639942528037675,760.20155843099,0.901569888595192,2461.20992025093
"6568","mix_stand",0.67339534708407,758.7430070744,0.821113672670583,2645.56578656749
"6569","mix_stand",0.672727271525215,747.629259386531,0.897903817543291,2827.72225639928
"6570","con_stand",0.695494503581098,730.371829190097,0.915361020263735,3004.01045280812
"6571","open",0.343255815464397,724.822479957758,0.936801182669263,3129.19239029154
"6572","deadwood",0.00586118250319155,1252.7783896635,0.848993636342125,6085.46782366908
"6573","deadwood",0.00241379307358172,1238.54940532816,0.829856384417106,6227.51564957082
"6574","deadwood",0.000901126392530709,1237.35251286092,0.74762505127842,6382.62807665244
"6575","mix_stand",0.0066028707727576,1243.11779398211,0.61207495466249,6524.40704437377
"6576","mix_stand",0.0308612438774351,1186.96955353221,0.588712844939715,6966.35691400016
"6577","mix_stand",0.0724602200437424,1149.62313189092,0.78094378967326,6770.4957637911
"6578","mix_stand",0.142129186099689,1125.52729760859,0.741328087470463,6574.88703190912
"6579","mix_stand",0.242643818487225,1102.46848651041,0.768289281677733,6379.55393720977
"6580","mix_stand",0.238110047386309,1080.99228306821,0.733473700092455,6184.52259707229
"6581","con_stand",0.614090907596872,1070.29060093638,0.914708992084221,5989.82248736294
"6582","mix_stand",0.330722153455822,1077.67863503576,0.740432027084445,5795.48699136322
"6583","mix_stand",0.268133971033591,1067.39816700328,0.773171409015414,5601.55405798004
"6584","mix_stand",0.0343062198591646,1058.30142117003,0.850042729210732,5408.06699499819
"6585","con_stand",0.393945944648682,1058.24922808202,0.913260316871768,5215.07543001539
"6586","con_stand",0.866666669195349,1045.79974550189,0.909388646934972,5080.99134573328
"6587","dec_stand",0.281690140005568,759.994291063765,0.881603795117226,2093.07306187697
"6588","open",0.884444448682997,757.685709635417,0.898872388733758,2135.12426720175
"6589","deadwood",0.00444785276416438,1240.85450407625,0.879601855288071,5967.80171133334
"6590","deadwood",0.00169533167116765,1225.84063045867,0.849562169640744,6099.72119609972
"6591","deadwood",0.000201131359426425,1222.19566674176,0.819616176773361,6241.51440765134
"6592","mix_stand",0.00164619161854944,1224.3543486724,0.678544241232518,6386.42694630108
"6593","mix_stand",0.131670761597171,1175.25342231769,0.708930749647521,6415.89498575483
"6594","mix_stand",0.182225015269631,1140.73875173093,0.780333879908944,6814.63215645653
"6595","mix_stand",0.153636363213676,1113.89827613924,0.682028805036143,6620.32753567502
"6596","mix_stand",0.326838465853542,1090.6172785732,0.738850275446771,6426.37567631676
"6597","dec_stand",0.12125307079908,1068.97169985759,0.695901453697948,6232.80951003594
"6598","mix_stand",0.305675675341956,1054.28392624914,0.786036915605755,6039.66612035228
"6599","mix_stand",0.597963543947128,1062.71807949562,0.838804424829936,5846.98740411983
"6600","mix_stand",0.37442260408083,1059.01771249232,0.829702365090865,5654.8208604898
"6601","mix_stand",0.17022112997235,1052.27801003796,0.7317707039306,5463.2205361091
"6602","mix_stand",0.369688971917883,1060.29618698825,0.851747925871672,5296.25228156295
"6603","deadwood",0.0117514123591422,1213.93589249458,0.92471546908845,5820.09587678923
"6604","deadwood",0.00223587220420269,1198.49639135262,0.865254329554096,5958.62404844384
"6605","deadwood",0.00130735385968654,1194.55721307415,0.814448277467755,6103.69600026364
"6606","deadwood",0.0120393119715795,1194.72429415166,0.846589737235401,6182.51377951924
"6607","mix_stand",0.069828009681378,1162.86060380116,0.74151919368444,6219.84299577851
"6608","mix_stand",0.0709993710950963,1127.76160013234,0.730790266248507,6263.34265249261
"6609","mix_stand",0.431228500774876,1103.31683042184,0.777936115979929,6671.45987826145
"6610","mix_stand",0.238265241657241,1078.11671663544,0.726336309258984,6479.03876054161
"6611","dec_stand",0.173439802908561,1055.93653933363,0.667731906285084,6287.09408683842
"6612","mix_stand",0.236855036178627,1035.58789958532,0.728059131880943,6095.67086510888
"6613","dec_stand",0.331967315949748,1034.33241702595,0.783780778839594,5904.81980906503
"6614","mix_stand",0.416781325630056,1042.28920788964,0.778884936324309,5714.59824503216
"6615","mix_stand",0.361105649935709,1038.92423340144,0.739333055656019,5525.07119135117
"6616","mix_stand",0.218414886045218,1045.30516787318,0.601889396827029,5336.31264822694
"6617","mix_stand",0.649999998820325,1038.91579182943,0.766373775485489,5241.31775364191
"6618","deadwood",0.036151202248339,1182.73685248201,0.949397822425947,5733.79216349785
"6619","deadwood",0.021082474187631,1165.52883769556,0.884367324623097,5820.98311141839
"6620","mix_stand",0.0177498428018718,1163.03923858508,0.827803238931315,5969.4011070944
"6621","mix_stand",0.0379115477323312,1162.91393240664,0.931389893997799,5985.50385456809
"6622","mix_stand",0.209950859152714,1141.88837629688,0.840118889754103,6024.05402390732
"6623","mix_stand",0.0906348205320795,1115.12479660063,0.729044280260787,6068.95719585549
"6624","mix_stand",0.323734643317631,1092.44773756023,0.737337850652068,6120.07353546835
"6625","mix_stand",0.269340037241213,1064.36481322859,0.737439373448388,6537.40203307981
"6626","mix_stand",0.105159704758802,1037.29479845502,0.671216018774824,6347.22245402056
"6627","dec_stand",0.189434888829873,1018.95835760243,0.677368365745641,6157.66862565593
"6628","mix_stand",0.123595222737113,1011.54347517684,0.776208620211712,5968.8001650136
"6629","con_stand",0.723513512091862,1023.79998284417,0.908578370214973,5780.6842501726
"6630","mix_stand",0.45832923742089,1024.50217102201,0.755815336247334,5593.39681002341
"6631","mix_stand",0.458252670193041,1013.16602068888,0.78905717576172,5407.02393488307
"6632","dec_stand",0.521181102006102,1006.90123358298,0.861561256658843,5221.66355429586
"6633","dec_stand",0.119999997317791,997.285095214844,0.794223845005035,5163.39096176275
"6634","deadwood",0.254474326367046,1143.50000208922,0.928224106508246,5729.79281261036
"6635","open",0.0139030401542134,1139.66378044436,0.902990784131805,5755.53222865902
"6636","mix_stand",0.100712530548325,1137.71556065065,0.888427277088751,5788.70260457413
"6637","mix_stand",0.178255527891237,1122.80925396444,0.873475272007085,5828.55458630395
"6638","mix_stand",0.39549968509199,1096.23827188949,0.78549399643949,5874.95220398499
"6639","dec_stand",0.512702700583589,1064.12644032471,0.827979509162668,5927.74175760957
"6640","dec_stand",0.442840979599039,1037.30233087546,0.824683175249567,5986.75416256092
"6641","mix_stand",0.154545454079564,1011.12821116904,0.71406121374879,6413.03024960126
"6642","mix_stand",0.0748894347074723,1003.69999908522,0.72664584562695,6225.48036620584
"6643","mix_stand",0.0835952229381057,1000.17416069179,0.728660282935879,6038.73307264513
"6644","mix_stand",0.387125305858891,1019.56479867846,0.759609142614841,5852.86519408803
"6645","con_stand",0.763538081629124,1025.20578434075,0.908719527047741,5667.96324640274
"6646","con_stand",0.49903205482466,997.759293149208,0.782100663286833,5484.12493200529
"6647","con_stand",0.469262898206271,993.026524686696,0.83064670373526,5301.46090261305
"6648","con_stand",0.669054724572606,997.263876084665,0.865145893647006,5161.3466114165
"6649","open",0.00999999977648258,1126.42120361328,0.949332535266876,5667.49416355566
"6650","mix_stand",0.00571428564844337,1122.98241315569,0.921310285991212,5633.02941419055
"6651","mix_stand",0.0113183278937815,1116.03312697825,0.819107442265346,5633.37483790751
"6652","mix_stand",0.291040390552075,1088.26979959551,0.797630638513381,5681.36666384044
"6653","mix_stand",0.632942582168683,1047.64906800193,0.877476399737682,5735.93814696282
"6654","mix_stand",0.858034840766146,1016.25291998993,0.956063721050423,5796.90346950241
"6655","mix_stand",0.107853402700568,992.746206313528,0.857921842895253,5904.38345104445
"6656","mix_stand",0.127447216651776,988.311076334479,0.744385527500493,6292.41303424071
"6657","dec_stand",0.0942377097807319,982.858673152674,0.733057211999919,6114.41430043164
"6658","dec_stand",0.0631818178212315,1003.27395710192,0.725072221808207,5930.91855984289
"6659","con_stand",0.609186601022963,1007.52772386907,0.90608912419403,5748.5276597999
"6660","con_stand",0.552753976260106,984.061505582662,0.790564327456873,5567.35018777397
"6661","con_stand",0.648468898306267,983.646726215855,0.907286356537465,5387.50856490789
"6662","con_stand",0.649440653972826,986.901953849428,0.858189158731154,5209.14115055492
"6663","con_stand",0.125714283968721,987.419093540737,0.73945648755346,5139.49636153433
"6664","mix_stand",0.0334358971661482,1100.06995192308,0.819103850653538,5480.85044846586
"6665","mix_stand",0.546958636211508,1078.38043128738,0.876715051818455,5499.95984753532
"6666","mix_stand",0.777706420442106,1046.92057576311,0.930411614067511,5568.73678540326
"6667","mix_stand",0.77288135355812,1024.51720777609,0.910541188918938,5644.74339496517
"6668","mix_stand",0.307380281892461,971.279535170004,0.856401855592996,6159.41082721318
"6669","dec_stand",0.0712233621394813,973.685894876554,0.788372967089361,6014.61573761994
"6670","open",0.303095822307197,979.944048157488,0.826121571821593,5834.84161517672
"6671","con_stand",0.737624133859207,964.895255193704,0.893079941524491,5656.42939352548
"6672","con_stand",0.701597050280843,962.215701503894,0.862688477469164,5479.51210423145
"6673","con_stand",0.721386429455384,977.052119117219,0.956695965147827,5307.93927984569
"6674","open",0.0338461530896334,957.033929286859,0.863286774892073,5996.43394069693
"6675","open",0.134282485686116,961.429581636763,0.784851381367883,5921.65288979369
"6676","con_stand",0.482722645265266,955.132604739745,0.844652000189055,5751.09054897729
"6677","con_stand",0.445626535002115,957.041267413765,0.817400812205723,5577.17678696941
"6678","con_stand",0.714890708836416,976.904388719569,0.939175023773655,5405.07187475597
"6679","con_stand",0.781866664886475,987.907890625,0.975304849942525,5328.56433464693
"6680","con_stand",0.285800602748495,941.450135383721,0.847024154266922,5806.39715682578
"6681","con_stand",0.71156428011159,948.767167268334,0.904172823899452,5680.2106207
"6682","open",0.305166561613099,962.122008241549,0.946267429994458,5511.32405052388
"6683","open",0.414959349398448,978.481900247713,0.89485886683309,5344.58937362445
"6684","con_stand",0.453333333134651,990.200459798177,0.922104895114899,5309.37477203788
"6685","con_stand",0.520101908570642,933.455864895377,0.920325586332637,5765.69562337192
"6686","con_stand",0.411054272444004,937.973061907239,0.905970328508952,5622.68863619449
"6687","con_stand",0.43346889856668,956.986303083064,0.936641787272392,5459.35613058764
"6688","con_stand",0.658666665355364,971.20806266276,0.921654807885488,5340.51162568932
"6689","con_stand",0.449673202302721,923.523695004532,0.878902317749129,5706.44371716236
"6690","open",0.41775573364194,930.882385821499,0.950543678109866,5578.93781652151
"6691","con_stand",0.578587360225867,946.579534798661,0.939630210488259,5421.67233156192
"6692","con_stand",0.512999996356666,949.928569030762,0.860519506037235,5377.89628080605
"6693","open",0.380501566518997,919.00496441593,0.937943709354416,5696.59878662738
"6694","open",0.151056510723523,929.704630371394,0.920446944324625,5549.2839108947
"6695","mix_stand",0.441391940232052,934.347828065083,0.861186267146261,5427.47045106116
"6696","con_stand",0.595744681802202,925.401010066905,0.713208281930457,5221.23205500609
"6697","con_stand",0.623089142321278,927.96492724911,0.885115828427559,5352.12541699444
"6698","con_stand",0.599818318140362,927.705130473851,0.851670835404233,5831.34935283933
"6699","con_stand",0.267740344587368,913.392366282354,0.895378040688995,5681.07535847181
"6700","dec_stand",0.0706405933803187,913.805161788025,0.859980900034017,5533.95356264379
"6701","dec_stand",0.116790123272365,908.605366082839,0.81958605704739,5420.95162893223
"6702","con_stand",0.275020746089116,927.667341430158,0.657132505010272,5127.45910692301
"6703","con_stand",0.612251570900469,938.563903693433,0.906558905307602,5205.28346725303
"6704","con_stand",0.741793610375256,946.545342035317,0.868918540647267,5497.94663861713
"6705","con_stand",0.803901806656627,931.901063785997,0.927702562368501,5464.04066708033
"6706","con_stand",0.644100627111002,923.218677755872,0.9028371173537,5437.28869422689
"6707","con_stand",0.426343804581734,912.634304126587,0.866701127112788,5533.06585301616
"6708","con_stand",0.679786095206432,916.137393835819,0.919441730102753,5440.60524171866
"6709","con_stand",0.455348834135505,919.533056924509,0.903955562170162,5360.90100683069
"6710","con_stand",0.722608694941669,940.321130577493,0.886173765440494,4931.45899944856
"6711","con_stand",0.824532018391773,956.731968771648,0.91711917343398,5343.99197953482
"6712","con_stand",0.701148323518665,971.971822638261,0.795993314195941,5301.55905973273
"6713","con_stand",0.718014352001321,977.012392180958,0.840542927090275,5266.38884360513
"6714","con_stand",0.692631577436825,971.903676923661,0.848826568979528,5238.62761054418
"6715","con_stand",0.786315787552397,950.47201786315,0.914277347571185,5218.39360661417
"6716","con_stand",0.66535885052301,940.087407016298,0.938279232794517,5205.77460391987
"6717","con_stand",0.829310343388853,930.36084089608,0.953068850626206,5201.36600817257
"6718","con_stand",0.25909233127075,953.973028287455,0.673211867050945,4637.48392983277
"6719","con_stand",0.676379745613925,963.136979926387,0.835863652801778,4774.73106641512
"6720","dec_stand",0.535612821106001,990.014794599628,0.685685936538333,5149.5052640326
"6721","dec_stand",0.59656019434699,1004.7315715443,0.786606438903033,5105.45614314862
"6722","con_stand",0.838206386994525,1009.83134025555,0.950351946605072,5068.92545179451
"6723","mix_stand",0.702350720861548,1012.09436971208,0.869576769111291,5040.07667431671
"6724","con_stand",0.737297295640779,991.050704356201,0.887563365829665,5019.04227627523
"6725","con_stand",0.848697786702241,964.61848404718,0.940891420152908,5005.92076445179
"6726","con_stand",0.821392141667668,946.95526144079,0.909343652647992,5000.7744270039
"6727","mix_stand",0.849130432971794,943.498486505038,0.952400536424872,4965.73429711907
"6728","con_stand",0.46016806727197,953.435749470687,0.828872217601087,4358.92050981571
"6729","con_stand",0.573909625742821,967.284764577769,0.863077155752906,4491.9899210317
"6730","con_stand",0.47567567484641,994.845954763801,0.781233754803035,4630.485158662
"6731","dec_stand",0.159497171031612,1016.45033353354,0.696751872636612,4955.46178631753
"6732","mix_stand",0.396191646086386,1033.65915974235,0.795415500545055,4909.67201145536
"6733","con_stand",0.816167074541678,1030.7582882218,0.932429763497625,4871.67341727294
"6734","dec_stand",0.555449401986704,1031.2414150274,0.864511511803123,4841.64944921997
"6735","dec_stand",0.687444715643947,1014.60257025491,0.85541208908511,4819.74914012769
"6736","con_stand",0.744594593182279,990.480344055326,0.882572827055245,4806.08354467944
"6737","con_stand",0.63348837092397,972.497937502762,0.865808886583569,4800.72298546301
"6738","mix_stand",0.945196503895339,956.209118439121,0.960640891833337,4802.61642019883
"6739","con_stand",0.344688278574153,961.799960623953,0.797903284021744,4237.71528374121
"6740","con_stand",0.431074795320789,977.154031481404,0.809220167243353,4347.56853403459
"6741","dec_stand",0.459164618429813,999.447942372915,0.7046756026299,4490.5202518801
"6742","dec_stand",0.202614707070316,1021.63912325127,0.63183243549063,4761.91574397556
"6743","mix_stand",0.512273971619059,1037.36391894197,0.840980047120215,4714.24639539799
"6744","mix_stand",0.769181635647179,1037.2040558775,0.919051822981316,4699.23860998878
"6745","dec_stand",0.399249786293517,1031.49371509601,0.781245579525435,4643.36180818451
"6746","dec_stand",0.503292382253146,1027.77144669666,0.788651601313007,4620.52174143305
"6747","con_stand",0.746879605997436,1015.15886626372,0.902852718991797,4606.26512085019
"6748","con_stand",0.878566937007146,997.278868324572,0.933564863307606,4600.67174260572
"6749","con_stand",0.833928570048986,972.295602777502,0.906287966869198,4603.77318316129
"6750","con_stand",0.742654865580147,957.086466831444,0.910956794885056,4565.51518914777
"6751","con_stand",0.411399229136756,966.07327109889,0.819366912442392,4099.6968269686
"6752","con_stand",0.388176254225915,983.385210613872,0.822044377729315,4207.70415628943
"6753","con_stand",0.545645932346119,997.720273579137,0.816376692985305,4626.75829834641
"6754","dec_stand",0.276186983981174,1013.05273638899,0.649644997616245,4568.93036678595
"6755","dec_stand",0.83172413295713,1023.43747474407,0.976522073663514,4618.8946426734
"6756","dec_stand",0.131428570619651,1029.73868233817,0.904624479157584,4525.60106536541
"6757","mix_stand",0.64271284116252,1029.87790396995,0.861152272504818,4444.51786795462
"6758","dec_stand",0.540137241714758,1026.81454877086,0.7817347436976,4406.4680636942
"6759","deadwood",0.759828639334134,1020.52814815152,0.886553516276318,4400.62073927924
"6760","mix_stand",0.917559807055126,1000.1256158272,0.957630836186512,4403.86307050761
"6761","mix_stand",0.868920418158642,974.626988142085,0.934496741045558,4416.1750366996
"6762","mix_stand",0.851617931716914,961.79261033205,0.940669061060537,4427.58408098838
"6763","mix_stand",0.865696969041319,953.503641394413,0.971076076680964,4394.29154631398
"6764","con_stand",0.754782606366958,963.697848343444,0.899967179603748,3939.39466545465
"6765","con_stand",0.677033311527604,974.808945037823,0.957852669083645,4072.86629990882
"6766","con_stand",0.696135349936604,992.588772129185,0.937601055800649,4436.91548055771
"6767","con_stand",0.515555555069888,1006.95413547092,0.868668443626828,4475.8528412063
"6768","mix_stand",0.430806450575831,1031.74478247858,0.706780832020506,4259.2100036959
"6769","mix_stand",0.664983497373145,1036.17275769325,0.822143090341744,4200.57002407444
"6770","con_stand",0.833734642068972,1031.94435224603,0.961849733226056,4203.96664995809
"6771","deadwood",0.921156503513015,1013.51295825088,0.957933532253217,4216.86230009327
"6772","mix_stand",0.897518425800034,989.824740098208,0.896445926507656,4239.17028663722
"6773","mix_stand",0.77141387951692,964.843773888438,0.869731577055811,4270.74311770524
"6774","mix_stand",0.716260621150053,952.325045577527,0.902857001438188,4288.81114256064
"6775","mix_stand",0.213333338499069,947.327779134115,0.977312902609507,4243.42647945606
"6776","con_stand",0.838095236747038,962.551952543713,0.878407342093331,3896.95225593843
"6777","con_stand",0.66605405307098,967.289573710674,0.947633338377282,3962.78791604152
"6778","con_stand",0.460363636910915,978.389074707031,0.823716800592162,4341.77754570788
"6779","dec_stand",0.302222227884663,1047.6884358724,0.875977946652306,4091.87086363637
"6780","con_stand",0.864688277513978,1053.82709638258,0.961005193615644,4004.08598720383
"6781","mix_stand",0.73329981031525,1047.15776003508,0.919410904741827,4017.62326629064
"6782","mix_stand",0.715921374536703,1023.15902803688,0.854253397014276,4041.03128704543
"6783","mix_stand",0.715528253969309,989.892473263002,0.819789634646816,4074.13991561798
"6784","mix_stand",0.61555844030597,966.410171627689,0.743582892898083,4116.71510761587
"6785","mix_stand",0.398769230567492,951.567063551683,0.695854332278936,4192.30346167254
"6786","deadwood",0.791562498081475,1067.48044204712,0.934891044162214,3872.55103800501
"6787","mix_stand",0.740166819363529,1058.25919950837,0.894945262716367,3818.46948796482
"6788","mix_stand",0.829606878234838,1037.52051279879,0.921203171225672,3843.09074513063
"6789","mix_stand",0.650884519173267,1008.65898900887,0.837577058244908,3877.88973477982
"6790","mix_stand",0.682123286917499,984.951375987432,0.875808051876622,3918.77997634544
"6791","mix_stand",0.400000005960464,1046.84167480469,0.976958513259888,3730.17750564169
"6792","mix_stand",0.80166064849668,1032.33488866482,0.929744872913464,3677.11055109711
"6793","mix_stand",0.554337347779109,1012.73741021214,0.860905375971223,3682.04903911382
"6794","con_stand",0.87759599139376,993.861806114846,0.943448662111079,3736.88307520752
"6795","con_stand",1,1008.75970458984,0.946808516979218,3582.73022792415
